store_id,item_id,wm_yr_wk,sell_price
STORE_1,FOODS_1_001,2252,16.31
STORE_1,FOODS_1_001,2201,16.31
STORE_1,FOODS_1_001,2202,16.31
STORE_1,FOODS_1_001,2203,16.31
STORE_1,FOODS_1_001,2204,16.31
STORE_1,FOODS_1_001,2205,16.31
STORE_1,FOODS_1_001,2206,16.31
STORE_1,FOODS_1_001,2207,16.31
STORE_1,FOODS_1_001,2208,16.31
STORE_1,FOODS_1_001,2209,16.31
STORE_1,FOODS_1_001,2210,16.31
STORE_1,FOODS_1_001,2211,16.31
STORE_1,FOODS_1_001,2212,16.31
STORE_1,FOODS_1_001,2213,16.31
STORE_1,FOODS_1_001,2214,16.31
STORE_1,FOODS_1_001,2215,16.31
STORE_1,FOODS_1_001,2216,16.31
STORE_1,FOODS_1_001,2217,16.31
STORE_1,FOODS_1_001,2218,16.31
STORE_1,FOODS_1_001,2219,16.31
STORE_1,FOODS_1_001,2220,16.31
STORE_1,FOODS_1_001,2221,16.31
STORE_1,FOODS_1_001,2222,16.31
STORE_1,FOODS_1_001,2223,16.31
STORE_1,FOODS_1_001,2224,16.31
STORE_1,FOODS_1_001,2225,16.31
STORE_1,FOODS_1_001,2226,16.31
STORE_1,FOODS_1_001,2227,16.31
STORE_1,FOODS_1_001,2228,16.31
STORE_1,FOODS_1_001,2229,16.31
STORE_1,FOODS_1_001,2230,16.31
STORE_1,FOODS_1_001,2231,16.31
STORE_1,FOODS_1_001,2232,16.31
STORE_1,FOODS_1_001,2233,16.31
STORE_1,FOODS_1_001,2234,16.31
STORE_1,FOODS_1_001,2235,16.31
STORE_1,FOODS_1_001,2236,16.31
STORE_1,FOODS_1_001,2237,16.31
STORE_1,FOODS_1_001,2238,16.31
STORE_1,FOODS_1_001,2239,16.31
STORE_1,FOODS_1_001,2240,16.31
STORE_1,FOODS_1_001,2241,16.31
STORE_1,FOODS_1_001,2242,16.31
STORE_1,FOODS_1_001,2243,16.31
STORE_1,FOODS_1_001,2244,16.31
STORE_1,FOODS_1_001,2245,16.31
STORE_1,FOODS_1_001,2246,16.31
STORE_1,FOODS_1_001,2247,15.05
STORE_1,FOODS_1_001,2248,15.05
STORE_1,FOODS_1_001,2249,15.05
STORE_1,FOODS_1_001,2250,15.95
STORE_1,FOODS_1_001,2251,15.95
STORE_1,FOODS_1_001,2352,15.95
STORE_1,FOODS_1_001,2301,15.95
STORE_1,FOODS_1_001,2302,15.95
STORE_1,FOODS_1_001,2303,15.95
STORE_1,FOODS_1_001,2304,15.95
STORE_1,FOODS_1_001,2305,15.95
STORE_1,FOODS_1_001,2306,15.95
STORE_1,FOODS_1_001,2307,15.95
STORE_1,FOODS_1_001,2308,15.95
STORE_1,FOODS_1_001,2309,15.95
STORE_1,FOODS_1_001,2310,15.95
STORE_1,FOODS_1_001,2311,15.95
STORE_1,FOODS_1_001,2312,15.95
STORE_1,FOODS_1_001,2313,15.95
STORE_1,FOODS_1_001,2314,15.95
STORE_1,FOODS_1_001,2315,15.95
STORE_1,FOODS_1_001,2316,15.95
STORE_1,FOODS_1_001,2317,15.95
STORE_1,FOODS_1_001,2318,15.95
STORE_1,FOODS_1_001,2319,15.95
STORE_1,FOODS_1_001,2320,15.95
STORE_1,FOODS_1_001,2321,15.95
STORE_1,FOODS_1_001,2322,15.95
STORE_1,FOODS_1_001,2323,15.95
STORE_1,FOODS_1_001,2324,15.95
STORE_1,FOODS_1_001,2325,15.95
STORE_1,FOODS_1_001,2326,15.95
STORE_1,FOODS_1_001,2327,15.95
STORE_1,FOODS_1_001,2328,15.95
STORE_1,FOODS_1_001,2329,15.95
STORE_1,FOODS_1_001,2330,15.95
STORE_1,FOODS_1_001,2331,15.95
STORE_1,FOODS_1_001,2332,15.95
STORE_1,FOODS_1_001,2333,15.95
STORE_1,FOODS_1_001,2334,15.95
STORE_1,FOODS_1_001,2335,15.95
STORE_1,FOODS_1_001,2336,15.95
STORE_1,FOODS_1_001,2337,15.95
STORE_1,FOODS_1_001,2338,15.95
STORE_1,FOODS_1_001,2339,15.95
STORE_1,FOODS_1_001,2340,15.95
STORE_1,FOODS_1_001,2341,15.95
STORE_1,FOODS_1_001,2342,15.95
STORE_1,FOODS_1_001,2343,15.95
STORE_1,FOODS_1_001,2344,15.95
STORE_1,FOODS_1_001,2345,15.95
STORE_1,FOODS_1_001,2346,15.95
STORE_1,FOODS_1_001,2347,15.95
STORE_1,FOODS_1_001,2348,15.95
STORE_1,FOODS_1_001,2349,15.95
STORE_1,FOODS_1_001,2350,14.3
STORE_1,FOODS_1_001,2351,14.3
STORE_1,FOODS_1_001,2401,14.3
STORE_1,FOODS_1_001,2402,14.3
STORE_1,FOODS_1_001,2403,14.3
STORE_1,FOODS_1_001,2404,14.3
STORE_1,FOODS_1_001,2405,14.3
STORE_1,FOODS_1_001,2406,17.77
STORE_1,FOODS_1_001,2407,17.77
STORE_1,FOODS_1_001,2408,17.77
STORE_1,FOODS_1_001,2409,17.77
STORE_1,FOODS_1_001,2410,17.77
STORE_1,FOODS_1_001,2411,17.77
STORE_1,FOODS_1_001,2412,17.77
STORE_1,FOODS_1_001,2413,17.77
STORE_1,FOODS_1_001,2414,13.4
STORE_1,FOODS_1_001,2415,13.4
STORE_1,FOODS_1_001,2416,13.4
STORE_1,FOODS_1_001,2417,13.4
STORE_1,FOODS_1_001,2418,13.4
STORE_1,FOODS_1_001,2419,13.4
STORE_1,FOODS_1_001,2420,13.4
STORE_1,FOODS_1_001,2421,13.4
STORE_1,FOODS_1_001,2422,13.4
STORE_1,FOODS_1_001,2423,13.4
STORE_1,FOODS_1_001,2424,13.4
STORE_1,FOODS_1_001,2425,13.4
STORE_1,FOODS_1_001,2426,13.4
STORE_1,FOODS_1_001,2427,13.4
STORE_1,FOODS_1_001,2428,13.4
STORE_1,FOODS_1_001,2429,13.4
STORE_1,FOODS_1_001,2430,13.4
STORE_1,FOODS_1_001,2431,15.1
STORE_1,FOODS_1_001,2432,15.1
STORE_1,FOODS_1_001,2433,15.1
STORE_1,FOODS_1_001,2434,15.1
STORE_1,FOODS_1_001,2435,15.1
STORE_1,FOODS_1_001,2436,15.1
STORE_1,FOODS_1_001,2437,15.1
STORE_1,FOODS_1_001,2438,15.1
STORE_1,FOODS_1_001,2439,15.1
STORE_1,FOODS_1_001,2440,15.1
STORE_1,FOODS_1_001,2441,15.1
STORE_1,FOODS_1_001,2442,15.1
STORE_1,FOODS_1_001,2443,15.1
STORE_1,FOODS_1_001,2444,15.1
STORE_1,FOODS_1_001,2445,15.1
STORE_1,FOODS_1_001,2446,15.1
STORE_1,FOODS_1_001,2447,15.1
STORE_1,FOODS_1_001,2448,15.1
STORE_1,FOODS_1_001,2449,15.1
STORE_1,FOODS_1_001,2450,18.27
STORE_1,FOODS_1_001,2451,18.27
STORE_1,FOODS_1_001,2452,17.21
STORE_1,FOODS_1_001,2501,17.21
STORE_1,FOODS_1_001,2502,17.21
STORE_1,FOODS_1_001,2503,17.21
STORE_1,FOODS_1_001,2504,17.21
STORE_1,FOODS_1_001,2505,17.21
STORE_1,FOODS_1_002,2252,41.32
STORE_1,FOODS_1_002,2201,41.32
STORE_1,FOODS_1_002,2202,41.32
STORE_1,FOODS_1_002,2203,41.32
STORE_1,FOODS_1_002,2204,41.32
STORE_1,FOODS_1_002,2205,41.32
STORE_1,FOODS_1_002,2206,41.32
STORE_1,FOODS_1_002,2207,41.32
STORE_1,FOODS_1_002,2208,41.32
STORE_1,FOODS_1_002,2209,41.32
STORE_1,FOODS_1_002,2210,41.32
STORE_1,FOODS_1_002,2211,41.32
STORE_1,FOODS_1_002,2212,41.32
STORE_1,FOODS_1_002,2213,41.32
STORE_1,FOODS_1_002,2214,41.32
STORE_1,FOODS_1_002,2215,41.32
STORE_1,FOODS_1_002,2216,41.32
STORE_1,FOODS_1_002,2217,41.32
STORE_1,FOODS_1_002,2218,41.32
STORE_1,FOODS_1_002,2219,41.32
STORE_1,FOODS_1_002,2220,41.32
STORE_1,FOODS_1_002,2221,41.32
STORE_1,FOODS_1_002,2222,41.32
STORE_1,FOODS_1_002,2223,41.32
STORE_1,FOODS_1_002,2224,41.32
STORE_1,FOODS_1_002,2225,41.32
STORE_1,FOODS_1_002,2226,41.32
STORE_1,FOODS_1_002,2227,41.32
STORE_1,FOODS_1_002,2228,41.32
STORE_1,FOODS_1_002,2229,41.32
STORE_1,FOODS_1_002,2230,41.32
STORE_1,FOODS_1_002,2231,41.32
STORE_1,FOODS_1_002,2232,41.32
STORE_1,FOODS_1_002,2233,41.32
STORE_1,FOODS_1_002,2234,41.32
STORE_1,FOODS_1_002,2235,41.32
STORE_1,FOODS_1_002,2236,41.32
STORE_1,FOODS_1_002,2237,41.32
STORE_1,FOODS_1_002,2238,41.32
STORE_1,FOODS_1_002,2239,41.32
STORE_1,FOODS_1_002,2240,41.32
STORE_1,FOODS_1_002,2241,41.32
STORE_1,FOODS_1_002,2242,41.32
STORE_1,FOODS_1_002,2243,41.32
STORE_1,FOODS_1_002,2244,41.32
STORE_1,FOODS_1_002,2245,41.32
STORE_1,FOODS_1_002,2246,41.32
STORE_1,FOODS_1_002,2247,41.32
STORE_1,FOODS_1_002,2248,41.32
STORE_1,FOODS_1_002,2249,41.32
STORE_1,FOODS_1_002,2250,41.32
STORE_1,FOODS_1_002,2251,41.32
STORE_1,FOODS_1_002,2352,41.32
STORE_1,FOODS_1_002,2301,41.32
STORE_1,FOODS_1_002,2302,41.32
STORE_1,FOODS_1_002,2303,41.32
STORE_1,FOODS_1_002,2304,41.32
STORE_1,FOODS_1_002,2305,41.32
STORE_1,FOODS_1_002,2306,41.32
STORE_1,FOODS_1_002,2307,41.14
STORE_1,FOODS_1_002,2308,41.14
STORE_1,FOODS_1_002,2309,41.14
STORE_1,FOODS_1_002,2310,41.14
STORE_1,FOODS_1_002,2311,35.09
STORE_1,FOODS_1_002,2312,35.09
STORE_1,FOODS_1_002,2313,35.09
STORE_1,FOODS_1_002,2314,35.09
STORE_1,FOODS_1_002,2315,35.09
STORE_1,FOODS_1_002,2316,35.09
STORE_1,FOODS_1_002,2317,35.09
STORE_1,FOODS_1_002,2318,39.5
STORE_1,FOODS_1_002,2319,39.5
STORE_1,FOODS_1_002,2320,39.5
STORE_1,FOODS_1_002,2321,39.5
STORE_1,FOODS_1_002,2322,39.5
STORE_1,FOODS_1_002,2323,39.5
STORE_1,FOODS_1_002,2324,40.93
STORE_1,FOODS_1_002,2325,40.93
STORE_1,FOODS_1_002,2326,40.93
STORE_1,FOODS_1_002,2327,40.93
STORE_1,FOODS_1_002,2328,40.93
STORE_1,FOODS_1_002,2329,40.93
STORE_1,FOODS_1_002,2330,40.93
STORE_1,FOODS_1_002,2331,40.93
STORE_1,FOODS_1_002,2332,40.93
STORE_1,FOODS_1_002,2333,40.93
STORE_1,FOODS_1_002,2334,40.93
STORE_1,FOODS_1_002,2335,40.93
STORE_1,FOODS_1_002,2336,40.93
STORE_1,FOODS_1_002,2337,38.47
STORE_1,FOODS_1_002,2338,38.47
STORE_1,FOODS_1_002,2339,38.47
STORE_1,FOODS_1_002,2340,38.47
STORE_1,FOODS_1_002,2341,38.47
STORE_1,FOODS_1_002,2342,38.47
STORE_1,FOODS_1_002,2343,38.47
STORE_1,FOODS_1_002,2344,38.47
STORE_1,FOODS_1_002,2345,38.47
STORE_1,FOODS_1_002,2346,38.47
STORE_1,FOODS_1_002,2347,38.47
STORE_1,FOODS_1_002,2348,38.47
STORE_1,FOODS_1_002,2349,38.47
STORE_1,FOODS_1_002,2350,38.47
STORE_1,FOODS_1_002,2351,38.47
STORE_1,FOODS_1_002,2401,38.47
STORE_1,FOODS_1_002,2402,38.47
STORE_1,FOODS_1_002,2403,38.47
STORE_1,FOODS_1_002,2404,38.47
STORE_1,FOODS_1_002,2405,38.47
STORE_1,FOODS_1_002,2406,38.47
STORE_1,FOODS_1_002,2407,38.47
STORE_1,FOODS_1_002,2408,38.47
STORE_1,FOODS_1_002,2409,38.47
STORE_1,FOODS_1_002,2410,38.47
STORE_1,FOODS_1_002,2411,38.47
STORE_1,FOODS_1_002,2412,38.47
STORE_1,FOODS_1_002,2413,37.47
STORE_1,FOODS_1_002,2414,37.47
STORE_1,FOODS_1_002,2415,37.47
STORE_1,FOODS_1_002,2416,37.47
STORE_1,FOODS_1_002,2417,37.47
STORE_1,FOODS_1_002,2418,37.47
STORE_1,FOODS_1_002,2419,37.47
STORE_1,FOODS_1_002,2420,37.47
STORE_1,FOODS_1_002,2421,37.47
STORE_1,FOODS_1_002,2422,37.47
STORE_1,FOODS_1_002,2423,37.47
STORE_1,FOODS_1_002,2424,37.47
STORE_1,FOODS_1_002,2425,37.47
STORE_1,FOODS_1_002,2426,37.47
STORE_1,FOODS_1_002,2427,37.47
STORE_1,FOODS_1_002,2428,37.47
STORE_1,FOODS_1_002,2429,39.16
STORE_1,FOODS_1_002,2430,39.16
STORE_1,FOODS_1_002,2431,39.16
STORE_1,FOODS_1_002,2432,39.16
STORE_1,FOODS_1_002,2433,39.16
STORE_1,FOODS_1_002,2434,39.16
STORE_1,FOODS_1_002,2435,39.16
STORE_1,FOODS_1_002,2436,39.16
STORE_1,FOODS_1_002,2437,39.16
STORE_1,FOODS_1_002,2438,39.16
STORE_1,FOODS_1_002,2439,39.16
STORE_1,FOODS_1_002,2440,39.16
STORE_1,FOODS_1_002,2441,39.16
STORE_1,FOODS_1_002,2442,39.16
STORE_1,FOODS_1_002,2443,39.16
STORE_1,FOODS_1_002,2444,39.16
STORE_1,FOODS_1_002,2445,39.16
STORE_1,FOODS_1_002,2446,46.32
STORE_1,FOODS_1_002,2447,46.32
STORE_1,FOODS_1_002,2448,32.78
STORE_1,FOODS_1_002,2449,32.78
STORE_1,FOODS_1_002,2450,32.78
STORE_1,FOODS_1_002,2451,35.61
STORE_1,FOODS_1_002,2452,35.61
STORE_1,FOODS_1_002,2501,35.61
STORE_1,FOODS_1_002,2502,35.61
STORE_1,FOODS_1_002,2503,35.61
STORE_1,FOODS_1_002,2504,35.61
STORE_1,FOODS_1_002,2505,35.61
STORE_1,FOODS_1_003,2252,10.74
STORE_1,FOODS_1_003,2201,10.74
STORE_1,FOODS_1_003,2202,10.74
STORE_1,FOODS_1_003,2203,10.74
STORE_1,FOODS_1_003,2204,10.74
STORE_1,FOODS_1_003,2205,10.74
STORE_1,FOODS_1_003,2206,10.74
STORE_1,FOODS_1_003,2207,10.74
STORE_1,FOODS_1_003,2208,10.74
STORE_1,FOODS_1_003,2209,10.74
STORE_1,FOODS_1_003,2210,10.74
STORE_1,FOODS_1_003,2211,10.74
STORE_1,FOODS_1_003,2212,10.74
STORE_1,FOODS_1_003,2213,10.74
STORE_1,FOODS_1_003,2214,10.74
STORE_1,FOODS_1_003,2215,10.74
STORE_1,FOODS_1_003,2216,10.74
STORE_1,FOODS_1_003,2217,10.74
STORE_1,FOODS_1_003,2218,10.74
STORE_1,FOODS_1_003,2219,10.74
STORE_1,FOODS_1_003,2220,10.74
STORE_1,FOODS_1_003,2221,13.68
STORE_1,FOODS_1_003,2222,13.68
STORE_1,FOODS_1_003,2223,13.68
STORE_1,FOODS_1_003,2224,13.68
STORE_1,FOODS_1_003,2225,13.68
STORE_1,FOODS_1_003,2226,13.68
STORE_1,FOODS_1_003,2227,13.68
STORE_1,FOODS_1_003,2228,13.68
STORE_1,FOODS_1_003,2229,13.68
STORE_1,FOODS_1_003,2230,13.68
STORE_1,FOODS_1_003,2231,13.68
STORE_1,FOODS_1_003,2232,13.68
STORE_1,FOODS_1_003,2233,13.68
STORE_1,FOODS_1_003,2234,13.68
STORE_1,FOODS_1_003,2235,13.68
STORE_1,FOODS_1_003,2236,13.68
STORE_1,FOODS_1_003,2237,13.68
STORE_1,FOODS_1_003,2238,13.68
STORE_1,FOODS_1_003,2239,13.68
STORE_1,FOODS_1_003,2240,13.68
STORE_1,FOODS_1_003,2241,13.68
STORE_1,FOODS_1_003,2242,13.68
STORE_1,FOODS_1_003,2243,13.68
STORE_1,FOODS_1_003,2244,13.68
STORE_1,FOODS_1_003,2245,13.68
STORE_1,FOODS_1_003,2246,13.68
STORE_1,FOODS_1_003,2247,13.68
STORE_1,FOODS_1_003,2248,13.68
STORE_1,FOODS_1_003,2249,13.68
STORE_1,FOODS_1_003,2250,13.68
STORE_1,FOODS_1_003,2251,13.68
STORE_1,FOODS_1_003,2352,13.68
STORE_1,FOODS_1_003,2301,13.68
STORE_1,FOODS_1_003,2302,13.68
STORE_1,FOODS_1_003,2303,13.68
STORE_1,FOODS_1_003,2304,13.68
STORE_1,FOODS_1_003,2305,13.68
STORE_1,FOODS_1_003,2306,13.68
STORE_1,FOODS_1_003,2307,13.68
STORE_1,FOODS_1_003,2308,13.68
STORE_1,FOODS_1_003,2309,13.68
STORE_1,FOODS_1_003,2310,13.68
STORE_1,FOODS_1_003,2311,13.68
STORE_1,FOODS_1_003,2312,13.68
STORE_1,FOODS_1_003,2313,13.68
STORE_1,FOODS_1_003,2314,13.68
STORE_1,FOODS_1_003,2315,13.68
STORE_1,FOODS_1_003,2316,13.68
STORE_1,FOODS_1_003,2317,13.68
STORE_1,FOODS_1_003,2318,13.68
STORE_1,FOODS_1_003,2319,13.68
STORE_1,FOODS_1_003,2320,13.68
STORE_1,FOODS_1_003,2321,13.68
STORE_1,FOODS_1_003,2322,13.68
STORE_1,FOODS_1_003,2323,13.68
STORE_1,FOODS_1_003,2324,13.68
STORE_1,FOODS_1_003,2325,13.68
STORE_1,FOODS_1_003,2326,13.68
STORE_1,FOODS_1_003,2327,13.68
STORE_1,FOODS_1_003,2328,13.68
STORE_1,FOODS_1_003,2329,13.68
STORE_1,FOODS_1_003,2330,13.68
STORE_1,FOODS_1_003,2331,13.68
STORE_1,FOODS_1_003,2332,13.68
STORE_1,FOODS_1_003,2333,13.68
STORE_1,FOODS_1_003,2334,13.68
STORE_1,FOODS_1_003,2335,13.68
STORE_1,FOODS_1_003,2336,13.68
STORE_1,FOODS_1_003,2337,13.68
STORE_1,FOODS_1_003,2338,13.68
STORE_1,FOODS_1_003,2339,13.68
STORE_1,FOODS_1_003,2340,13.68
STORE_1,FOODS_1_003,2341,13.68
STORE_1,FOODS_1_003,2342,13.68
STORE_1,FOODS_1_003,2343,13.68
STORE_1,FOODS_1_003,2344,13.68
STORE_1,FOODS_1_003,2345,13.08
STORE_1,FOODS_1_003,2346,13.08
STORE_1,FOODS_1_003,2347,13.08
STORE_1,FOODS_1_003,2348,13.08
STORE_1,FOODS_1_003,2349,13.08
STORE_1,FOODS_1_003,2350,13.08
STORE_1,FOODS_1_003,2351,13.08
STORE_1,FOODS_1_003,2401,13.08
STORE_1,FOODS_1_003,2402,13.08
STORE_1,FOODS_1_003,2403,13.08
STORE_1,FOODS_1_003,2404,13.08
STORE_1,FOODS_1_003,2405,13.08
STORE_1,FOODS_1_003,2406,13.08
STORE_1,FOODS_1_003,2407,13.08
STORE_1,FOODS_1_003,2408,13.08
STORE_1,FOODS_1_003,2409,13.08
STORE_1,FOODS_1_003,2410,13.08
STORE_1,FOODS_1_003,2411,13.08
STORE_1,FOODS_1_003,2412,13.08
STORE_1,FOODS_1_003,2413,13.08
STORE_1,FOODS_1_003,2414,13.08
STORE_1,FOODS_1_003,2415,13.08
STORE_1,FOODS_1_003,2416,13.08
STORE_1,FOODS_1_003,2417,13.08
STORE_1,FOODS_1_003,2418,13.08
STORE_1,FOODS_1_003,2419,13.08
STORE_1,FOODS_1_003,2420,13.08
STORE_1,FOODS_1_003,2421,13.08
STORE_1,FOODS_1_003,2422,13.08
STORE_1,FOODS_1_003,2423,13.08
STORE_1,FOODS_1_003,2424,13.08
STORE_1,FOODS_1_003,2425,13.08
STORE_1,FOODS_1_003,2426,13.08
STORE_1,FOODS_1_003,2427,13.08
STORE_1,FOODS_1_003,2428,13.08
STORE_1,FOODS_1_003,2429,13.08
STORE_1,FOODS_1_003,2430,13.08
STORE_1,FOODS_1_003,2431,13.08
STORE_1,FOODS_1_003,2432,13.08
STORE_1,FOODS_1_003,2433,13.08
STORE_1,FOODS_1_003,2434,13.08
STORE_1,FOODS_1_003,2435,13.08
STORE_1,FOODS_1_003,2436,13.08
STORE_1,FOODS_1_003,2437,13.08
STORE_1,FOODS_1_003,2438,13.08
STORE_1,FOODS_1_003,2439,13.08
STORE_1,FOODS_1_003,2440,12.57
STORE_1,FOODS_1_003,2441,12.57
STORE_1,FOODS_1_003,2442,12.57
STORE_1,FOODS_1_003,2443,12.57
STORE_1,FOODS_1_003,2444,12.57
STORE_1,FOODS_1_003,2445,12.57
STORE_1,FOODS_1_003,2446,12.57
STORE_1,FOODS_1_003,2447,12.57
STORE_1,FOODS_1_003,2448,12.57
STORE_1,FOODS_1_003,2449,12.57
STORE_1,FOODS_1_003,2450,12.57
STORE_1,FOODS_1_003,2451,12.57
STORE_1,FOODS_1_003,2452,12.57
STORE_1,FOODS_1_003,2501,12.57
STORE_1,FOODS_1_003,2502,12.57
STORE_1,FOODS_1_003,2503,12.57
STORE_1,FOODS_1_003,2504,12.57
STORE_1,FOODS_1_003,2505,12.57
STORE_1,FOODS_1_004,2252,57.72
STORE_1,FOODS_1_004,2201,60.11
STORE_1,FOODS_1_004,2202,60.11
STORE_1,FOODS_1_004,2203,60.13
STORE_1,FOODS_1_004,2204,60.13
STORE_1,FOODS_1_004,2205,60.13
STORE_1,FOODS_1_004,2206,60.13
STORE_1,FOODS_1_004,2207,60.13
STORE_1,FOODS_1_004,2208,60.13
STORE_1,FOODS_1_004,2209,60.13
STORE_1,FOODS_1_004,2210,60.13
STORE_1,FOODS_1_004,2211,60.13
STORE_1,FOODS_1_004,2212,60.13
STORE_1,FOODS_1_004,2213,60.13
STORE_1,FOODS_1_004,2214,60.13
STORE_1,FOODS_1_004,2215,60.13
STORE_1,FOODS_1_004,2216,60.13
STORE_1,FOODS_1_004,2217,60.13
STORE_1,FOODS_1_004,2218,60.13
STORE_1,FOODS_1_004,2219,60.13
STORE_1,FOODS_1_004,2220,60.13
STORE_1,FOODS_1_004,2221,60.13
STORE_1,FOODS_1_004,2222,60.13
STORE_1,FOODS_1_004,2223,60.13
STORE_1,FOODS_1_004,2224,44.84
STORE_1,FOODS_1_004,2225,44.84
STORE_1,FOODS_1_004,2226,44.84
STORE_1,FOODS_1_004,2227,44.84
STORE_1,FOODS_1_004,2228,44.84
STORE_1,FOODS_1_004,2229,44.84
STORE_1,FOODS_1_004,2230,44.84
STORE_1,FOODS_1_004,2231,44.84
STORE_1,FOODS_1_004,2232,44.84
STORE_1,FOODS_1_004,2233,44.84
STORE_1,FOODS_1_004,2234,44.84
STORE_1,FOODS_1_004,2235,44.84
STORE_1,FOODS_1_004,2236,44.84
STORE_1,FOODS_1_004,2237,44.84
STORE_1,FOODS_1_004,2238,44.84
STORE_1,FOODS_1_004,2239,44.84
STORE_1,FOODS_1_004,2240,44.84
STORE_1,FOODS_1_004,2241,44.84
STORE_1,FOODS_1_004,2242,44.84
STORE_1,FOODS_1_004,2243,44.84
STORE_1,FOODS_1_004,2244,44.84
STORE_1,FOODS_1_004,2245,44.84
STORE_1,FOODS_1_004,2246,44.84
STORE_1,FOODS_1_004,2247,44.84
STORE_1,FOODS_1_004,2248,44.84
STORE_1,FOODS_1_004,2249,44.84
STORE_1,FOODS_1_004,2250,44.84
STORE_1,FOODS_1_004,2251,44.84
STORE_1,FOODS_1_004,2352,44.59
STORE_1,FOODS_1_004,2301,44.59
STORE_1,FOODS_1_004,2302,44.59
STORE_1,FOODS_1_004,2303,44.59
STORE_1,FOODS_1_004,2304,44.59
STORE_1,FOODS_1_004,2305,44.59
STORE_1,FOODS_1_004,2306,44.59
STORE_1,FOODS_1_004,2307,44.59
STORE_1,FOODS_1_004,2308,44.59
STORE_1,FOODS_1_004,2309,44.59
STORE_1,FOODS_1_004,2310,44.59
STORE_1,FOODS_1_004,2311,44.59
STORE_1,FOODS_1_004,2312,44.59
STORE_1,FOODS_1_004,2313,44.59
STORE_1,FOODS_1_004,2314,44.59
STORE_1,FOODS_1_004,2315,44.59
STORE_1,FOODS_1_004,2316,44.59
STORE_1,FOODS_1_004,2317,44.59
STORE_1,FOODS_1_004,2318,44.59
STORE_1,FOODS_1_004,2319,44.59
STORE_1,FOODS_1_004,2320,44.59
STORE_1,FOODS_1_004,2321,44.59
STORE_1,FOODS_1_004,2322,44.59
STORE_1,FOODS_1_004,2323,44.59
STORE_1,FOODS_1_004,2324,44.59
STORE_1,FOODS_1_004,2325,44.59
STORE_1,FOODS_1_004,2326,44.59
STORE_1,FOODS_1_004,2327,44.59
STORE_1,FOODS_1_004,2328,44.59
STORE_1,FOODS_1_004,2329,44.59
STORE_1,FOODS_1_004,2330,44.59
STORE_1,FOODS_1_004,2331,44.59
STORE_1,FOODS_1_004,2332,44.59
STORE_1,FOODS_1_004,2333,44.38
STORE_1,FOODS_1_004,2334,44.38
STORE_1,FOODS_1_004,2335,44.38
STORE_1,FOODS_1_004,2336,44.38
STORE_1,FOODS_1_004,2337,44.38
STORE_1,FOODS_1_004,2338,44.38
STORE_1,FOODS_1_004,2339,44.38
STORE_1,FOODS_1_004,2340,44.38
STORE_1,FOODS_1_004,2341,44.38
STORE_1,FOODS_1_004,2342,57.03
STORE_1,FOODS_1_004,2343,57.03
STORE_1,FOODS_1_004,2344,57.03
STORE_1,FOODS_1_004,2345,57.03
STORE_1,FOODS_1_004,2346,57.03
STORE_1,FOODS_1_004,2347,57.03
STORE_1,FOODS_1_004,2348,57.03
STORE_1,FOODS_1_004,2349,57.03
STORE_1,FOODS_1_004,2350,57.03
STORE_1,FOODS_1_004,2351,57.03
STORE_1,FOODS_1_004,2401,57.03
STORE_1,FOODS_1_004,2402,57.03
STORE_1,FOODS_1_004,2403,57.03
STORE_1,FOODS_1_004,2404,57.03
STORE_1,FOODS_1_004,2405,57.03
STORE_1,FOODS_1_004,2406,57.03
STORE_1,FOODS_1_004,2407,57.03
STORE_1,FOODS_1_004,2408,57.03
STORE_1,FOODS_1_004,2409,57.03
STORE_1,FOODS_1_004,2410,57.03
STORE_1,FOODS_1_004,2411,57.03
STORE_1,FOODS_1_004,2412,57.03
STORE_1,FOODS_1_004,2413,57.03
STORE_1,FOODS_1_004,2414,57.03
STORE_1,FOODS_1_004,2415,57.03
STORE_1,FOODS_1_004,2416,57.03
STORE_1,FOODS_1_004,2417,57.03
STORE_1,FOODS_1_004,2418,57.03
STORE_1,FOODS_1_004,2419,57.03
STORE_1,FOODS_1_004,2420,57.03
STORE_1,FOODS_1_004,2421,57.03
STORE_1,FOODS_1_004,2422,57.03
STORE_1,FOODS_1_004,2423,57.03
STORE_1,FOODS_1_004,2424,57.03
STORE_1,FOODS_1_004,2425,57.03
STORE_1,FOODS_1_004,2426,57.03
STORE_1,FOODS_1_004,2427,57.03
STORE_1,FOODS_1_004,2428,57.03
STORE_1,FOODS_1_004,2429,57.03
STORE_1,FOODS_1_004,2430,57.03
STORE_1,FOODS_1_004,2431,57.03
STORE_1,FOODS_1_004,2432,57.03
STORE_1,FOODS_1_004,2433,57.03
STORE_1,FOODS_1_004,2434,57.03
STORE_1,FOODS_1_004,2435,57.03
STORE_1,FOODS_1_004,2436,57.03
STORE_1,FOODS_1_004,2437,57.03
STORE_1,FOODS_1_004,2438,57.03
STORE_1,FOODS_1_004,2439,57.03
STORE_1,FOODS_1_004,2440,57.03
STORE_1,FOODS_1_004,2441,57.03
STORE_1,FOODS_1_004,2442,57.03
STORE_1,FOODS_1_004,2443,57.03
STORE_1,FOODS_1_004,2444,57.03
STORE_1,FOODS_1_004,2445,57.03
STORE_1,FOODS_1_004,2446,57.03
STORE_1,FOODS_1_004,2447,57.03
STORE_1,FOODS_1_004,2448,57.03
STORE_1,FOODS_1_004,2449,57.03
STORE_1,FOODS_1_004,2450,57.03
STORE_1,FOODS_1_004,2451,57.03
STORE_1,FOODS_1_004,2452,57.03
STORE_1,FOODS_1_004,2501,57.03
STORE_1,FOODS_1_004,2502,57.03
STORE_1,FOODS_1_004,2503,57.03
STORE_1,FOODS_1_004,2504,57.03
STORE_1,FOODS_1_004,2505,57.03
STORE_1,FOODS_1_005,2252,55.24
STORE_1,FOODS_1_005,2201,55.24
STORE_1,FOODS_1_005,2202,55.24
STORE_1,FOODS_1_005,2203,55.24
STORE_1,FOODS_1_005,2204,55.24
STORE_1,FOODS_1_005,2205,55.24
STORE_1,FOODS_1_005,2206,55.24
STORE_1,FOODS_1_005,2207,55.24
STORE_1,FOODS_1_005,2208,55.24
STORE_1,FOODS_1_005,2209,55.24
STORE_1,FOODS_1_005,2210,55.24
STORE_1,FOODS_1_005,2211,55.24
STORE_1,FOODS_1_005,2212,55.24
STORE_1,FOODS_1_005,2213,55.24
STORE_1,FOODS_1_005,2214,55.24
STORE_1,FOODS_1_005,2215,55.24
STORE_1,FOODS_1_005,2216,55.24
STORE_1,FOODS_1_005,2217,55.24
STORE_1,FOODS_1_005,2218,55.24
STORE_1,FOODS_1_005,2219,55.24
STORE_1,FOODS_1_005,2220,55.24
STORE_1,FOODS_1_005,2221,55.24
STORE_1,FOODS_1_005,2222,55.24
STORE_1,FOODS_1_005,2223,55.24
STORE_1,FOODS_1_005,2224,55.24
STORE_1,FOODS_1_005,2225,55.24
STORE_1,FOODS_1_005,2226,55.24
STORE_1,FOODS_1_005,2227,55.24
STORE_1,FOODS_1_005,2228,55.24
STORE_1,FOODS_1_005,2229,55.24
STORE_1,FOODS_1_005,2230,55.24
STORE_1,FOODS_1_005,2231,55.24
STORE_1,FOODS_1_005,2232,55.24
STORE_1,FOODS_1_005,2233,55.24
STORE_1,FOODS_1_005,2234,55.24
STORE_1,FOODS_1_005,2235,55.24
STORE_1,FOODS_1_005,2236,55.24
STORE_1,FOODS_1_005,2237,55.24
STORE_1,FOODS_1_005,2238,55.24
STORE_1,FOODS_1_005,2239,56.52
STORE_1,FOODS_1_005,2240,56.52
STORE_1,FOODS_1_005,2241,56.52
STORE_1,FOODS_1_005,2242,56.52
STORE_1,FOODS_1_005,2243,56.52
STORE_1,FOODS_1_005,2244,56.52
STORE_1,FOODS_1_005,2245,56.52
STORE_1,FOODS_1_005,2246,56.52
STORE_1,FOODS_1_005,2247,56.52
STORE_1,FOODS_1_005,2248,56.52
STORE_1,FOODS_1_005,2249,56.52
STORE_1,FOODS_1_005,2250,56.52
STORE_1,FOODS_1_005,2251,56.52
STORE_1,FOODS_1_005,2352,56.52
STORE_1,FOODS_1_005,2301,56.52
STORE_1,FOODS_1_005,2302,56.52
STORE_1,FOODS_1_005,2303,56.52
STORE_1,FOODS_1_005,2304,56.52
STORE_1,FOODS_1_005,2305,56.52
STORE_1,FOODS_1_005,2306,56.52
STORE_1,FOODS_1_005,2307,56.52
STORE_1,FOODS_1_005,2308,56.52
STORE_1,FOODS_1_005,2309,56.52
STORE_1,FOODS_1_005,2310,56.52
STORE_1,FOODS_1_005,2311,56.52
STORE_1,FOODS_1_005,2312,56.52
STORE_1,FOODS_1_005,2313,56.52
STORE_1,FOODS_1_005,2314,56.52
STORE_1,FOODS_1_005,2315,56.52
STORE_1,FOODS_1_005,2316,56.52
STORE_1,FOODS_1_005,2317,56.52
STORE_1,FOODS_1_005,2318,56.52
STORE_1,FOODS_1_005,2319,62.6
STORE_1,FOODS_1_005,2320,62.6
STORE_1,FOODS_1_005,2321,62.6
STORE_1,FOODS_1_005,2322,62.6
STORE_1,FOODS_1_005,2323,52.69
STORE_1,FOODS_1_005,2324,52.69
STORE_1,FOODS_1_005,2325,52.69
STORE_1,FOODS_1_005,2326,52.69
STORE_1,FOODS_1_005,2327,52.69
STORE_1,FOODS_1_005,2328,52.69
STORE_1,FOODS_1_005,2329,52.69
STORE_1,FOODS_1_005,2330,52.69
STORE_1,FOODS_1_005,2331,52.69
STORE_1,FOODS_1_005,2332,52.69
STORE_1,FOODS_1_005,2333,52.69
STORE_1,FOODS_1_005,2334,52.69
STORE_1,FOODS_1_005,2335,52.69
STORE_1,FOODS_1_005,2336,52.69
STORE_1,FOODS_1_005,2337,52.69
STORE_1,FOODS_1_005,2338,52.69
STORE_1,FOODS_1_005,2339,52.69
STORE_1,FOODS_1_005,2340,47.23
STORE_1,FOODS_1_005,2341,47.23
STORE_1,FOODS_1_005,2342,55.08
STORE_1,FOODS_1_005,2343,55.08
STORE_1,FOODS_1_005,2344,55.08
STORE_1,FOODS_1_005,2345,55.08
STORE_1,FOODS_1_005,2346,55.08
STORE_1,FOODS_1_005,2347,55.08
STORE_1,FOODS_1_005,2348,55.08
STORE_1,FOODS_1_005,2349,55.08
STORE_1,FOODS_1_005,2350,55.08
STORE_1,FOODS_1_005,2351,55.08
STORE_1,FOODS_1_005,2401,53.75
STORE_1,FOODS_1_005,2402,53.75
STORE_1,FOODS_1_005,2403,53.75
STORE_1,FOODS_1_005,2404,53.75
STORE_1,FOODS_1_005,2405,53.75
STORE_1,FOODS_1_005,2406,53.75
STORE_1,FOODS_1_005,2407,53.75
STORE_1,FOODS_1_005,2408,53.75
STORE_1,FOODS_1_005,2409,53.75
STORE_1,FOODS_1_005,2410,59.91
STORE_1,FOODS_1_005,2411,59.91
STORE_1,FOODS_1_005,2412,59.91
STORE_1,FOODS_1_005,2413,51.27
STORE_1,FOODS_1_005,2414,51.27
STORE_1,FOODS_1_005,2415,51.27
STORE_1,FOODS_1_005,2416,51.27
STORE_1,FOODS_1_005,2417,51.27
STORE_1,FOODS_1_005,2418,51.27
STORE_1,FOODS_1_005,2419,51.27
STORE_1,FOODS_1_005,2420,51.27
STORE_1,FOODS_1_005,2421,51.27
STORE_1,FOODS_1_005,2422,51.27
STORE_1,FOODS_1_005,2423,51.27
STORE_1,FOODS_1_005,2424,51.27
STORE_1,FOODS_1_005,2425,51.27
STORE_1,FOODS_1_005,2426,51.27
STORE_1,FOODS_1_005,2427,51.27
STORE_1,FOODS_1_005,2428,51.27
STORE_1,FOODS_1_005,2429,51.27
STORE_1,FOODS_1_005,2430,51.27
STORE_1,FOODS_1_005,2431,51.27
STORE_1,FOODS_1_005,2432,44.62
STORE_1,FOODS_1_005,2433,44.62
STORE_1,FOODS_1_005,2434,44.62
STORE_1,FOODS_1_005,2435,44.62
STORE_1,FOODS_1_005,2436,44.62
STORE_1,FOODS_1_005,2437,44.62
STORE_1,FOODS_1_005,2438,44.62
STORE_1,FOODS_1_005,2439,44.62
STORE_1,FOODS_1_005,2440,44.62
STORE_1,FOODS_1_005,2441,44.62
STORE_1,FOODS_1_005,2442,44.62
STORE_1,FOODS_1_005,2443,44.62
STORE_1,FOODS_1_005,2444,44.62
STORE_1,FOODS_1_005,2445,44.62
STORE_1,FOODS_1_005,2446,44.62
STORE_1,FOODS_1_005,2447,44.62
STORE_1,FOODS_1_005,2448,44.62
STORE_1,FOODS_1_005,2449,44.62
STORE_1,FOODS_1_005,2450,44.62
STORE_1,FOODS_1_005,2451,44.62
STORE_1,FOODS_1_005,2452,44.62
STORE_1,FOODS_1_005,2501,44.62
STORE_1,FOODS_1_005,2502,44.62
STORE_1,FOODS_1_005,2503,44.62
STORE_1,FOODS_1_005,2504,44.62
STORE_1,FOODS_1_005,2505,44.62
STORE_1,FOODS_1_006,2252,22.42
STORE_1,FOODS_1_006,2201,22.42
STORE_1,FOODS_1_006,2202,22.42
STORE_1,FOODS_1_006,2203,22.42
STORE_1,FOODS_1_006,2204,22.42
STORE_1,FOODS_1_006,2205,22.42
STORE_1,FOODS_1_006,2206,22.42
STORE_1,FOODS_1_006,2207,22.42
STORE_1,FOODS_1_006,2208,22.42
STORE_1,FOODS_1_006,2209,22.42
STORE_1,FOODS_1_006,2210,22.42
STORE_1,FOODS_1_006,2211,22.42
STORE_1,FOODS_1_006,2212,22.42
STORE_1,FOODS_1_006,2213,22.42
STORE_1,FOODS_1_006,2214,22.42
STORE_1,FOODS_1_006,2215,22.42
STORE_1,FOODS_1_006,2216,22.42
STORE_1,FOODS_1_006,2217,22.42
STORE_1,FOODS_1_006,2218,22.42
STORE_1,FOODS_1_006,2219,22.42
STORE_1,FOODS_1_006,2220,22.42
STORE_1,FOODS_1_006,2221,22.42
STORE_1,FOODS_1_006,2222,22.42
STORE_1,FOODS_1_006,2223,22.42
STORE_1,FOODS_1_006,2224,22.42
STORE_1,FOODS_1_006,2225,22.42
STORE_1,FOODS_1_006,2226,22.42
STORE_1,FOODS_1_006,2227,22.42
STORE_1,FOODS_1_006,2228,22.42
STORE_1,FOODS_1_006,2229,22.42
STORE_1,FOODS_1_006,2230,22.42
STORE_1,FOODS_1_006,2231,22.42
STORE_1,FOODS_1_006,2232,22.42
STORE_1,FOODS_1_006,2233,22.42
STORE_1,FOODS_1_006,2234,22.42
STORE_1,FOODS_1_006,2235,22.42
STORE_1,FOODS_1_006,2236,22.42
STORE_1,FOODS_1_006,2237,22.42
STORE_1,FOODS_1_006,2238,22.42
STORE_1,FOODS_1_006,2239,22.42
STORE_1,FOODS_1_006,2240,22.42
STORE_1,FOODS_1_006,2241,22.42
STORE_1,FOODS_1_006,2242,22.42
STORE_1,FOODS_1_006,2243,22.42
STORE_1,FOODS_1_006,2244,22.42
STORE_1,FOODS_1_006,2245,22.42
STORE_1,FOODS_1_006,2246,22.42
STORE_1,FOODS_1_006,2247,22.42
STORE_1,FOODS_1_006,2248,22.42
STORE_1,FOODS_1_006,2249,22.42
STORE_1,FOODS_1_006,2250,22.42
STORE_1,FOODS_1_006,2251,22.42
STORE_1,FOODS_1_006,2352,22.42
STORE_1,FOODS_1_006,2301,22.42
STORE_1,FOODS_1_006,2302,22.42
STORE_1,FOODS_1_006,2303,22.42
STORE_1,FOODS_1_006,2304,22.42
STORE_1,FOODS_1_006,2305,22.42
STORE_1,FOODS_1_006,2306,22.42
STORE_1,FOODS_1_006,2307,22.42
STORE_1,FOODS_1_006,2308,22.42
STORE_1,FOODS_1_006,2309,22.42
STORE_1,FOODS_1_006,2310,22.42
STORE_1,FOODS_1_006,2311,22.42
STORE_1,FOODS_1_006,2312,22.42
STORE_1,FOODS_1_006,2313,22.42
STORE_1,FOODS_1_006,2314,20.34
STORE_1,FOODS_1_006,2315,20.34
STORE_1,FOODS_1_006,2316,20.34
STORE_1,FOODS_1_006,2317,20.34
STORE_1,FOODS_1_006,2318,20.34
STORE_1,FOODS_1_006,2319,20.34
STORE_1,FOODS_1_006,2320,20.34
STORE_1,FOODS_1_006,2321,20.34
STORE_1,FOODS_1_006,2322,20.34
STORE_1,FOODS_1_006,2323,20.34
STORE_1,FOODS_1_006,2324,20.34
STORE_1,FOODS_1_006,2325,20.34
STORE_1,FOODS_1_006,2326,20.34
STORE_1,FOODS_1_006,2327,20.34
STORE_1,FOODS_1_006,2328,20.34
STORE_1,FOODS_1_006,2329,20.34
STORE_1,FOODS_1_006,2330,20.34
STORE_1,FOODS_1_006,2331,20.34
STORE_1,FOODS_1_006,2332,20.34
STORE_1,FOODS_1_006,2333,20.34
STORE_1,FOODS_1_006,2334,21.81
STORE_1,FOODS_1_006,2335,21.81
STORE_1,FOODS_1_006,2336,21.81
STORE_1,FOODS_1_006,2337,21.81
STORE_1,FOODS_1_006,2338,21.81
STORE_1,FOODS_1_006,2339,21.81
STORE_1,FOODS_1_006,2340,21.81
STORE_1,FOODS_1_006,2341,21.81
STORE_1,FOODS_1_006,2342,21.81
STORE_1,FOODS_1_006,2343,21.81
STORE_1,FOODS_1_006,2344,21.81
STORE_1,FOODS_1_006,2345,19.49
STORE_1,FOODS_1_006,2346,19.49
STORE_1,FOODS_1_006,2347,19.49
STORE_1,FOODS_1_006,2348,19.49
STORE_1,FOODS_1_006,2349,19.49
STORE_1,FOODS_1_006,2350,19.49
STORE_1,FOODS_1_006,2351,19.49
STORE_1,FOODS_1_006,2401,19.49
STORE_1,FOODS_1_006,2402,19.49
STORE_1,FOODS_1_006,2403,19.49
STORE_1,FOODS_1_006,2404,19.49
STORE_1,FOODS_1_006,2405,19.49
STORE_1,FOODS_1_006,2406,19.49
STORE_1,FOODS_1_006,2407,19.49
STORE_1,FOODS_1_006,2408,19.49
STORE_1,FOODS_1_006,2409,19.49
STORE_1,FOODS_1_006,2410,19.49
STORE_1,FOODS_1_006,2411,19.49
STORE_1,FOODS_1_006,2412,18.84
STORE_1,FOODS_1_006,2413,18.84
STORE_1,FOODS_1_006,2414,18.84
STORE_1,FOODS_1_006,2415,18.84
STORE_1,FOODS_1_006,2416,18.84
STORE_1,FOODS_1_006,2417,18.84
STORE_1,FOODS_1_006,2418,18.84
STORE_1,FOODS_1_006,2419,18.84
STORE_1,FOODS_1_006,2420,18.84
STORE_1,FOODS_1_006,2421,18.84
STORE_1,FOODS_1_006,2422,18.84
STORE_1,FOODS_1_006,2423,18.84
STORE_1,FOODS_1_006,2424,18.84
STORE_1,FOODS_1_006,2425,18.84
STORE_1,FOODS_1_006,2426,18.84
STORE_1,FOODS_1_006,2427,18.84
STORE_1,FOODS_1_006,2428,18.84
STORE_1,FOODS_1_006,2429,18.84
STORE_1,FOODS_1_006,2430,18.84
STORE_1,FOODS_1_006,2431,18.84
STORE_1,FOODS_1_006,2432,18.84
STORE_1,FOODS_1_006,2433,18.84
STORE_1,FOODS_1_006,2434,18.84
STORE_1,FOODS_1_006,2435,18.84
STORE_1,FOODS_1_006,2436,18.84
STORE_1,FOODS_1_006,2437,18.84
STORE_1,FOODS_1_006,2438,18.84
STORE_1,FOODS_1_006,2439,18.84
STORE_1,FOODS_1_006,2440,18.84
STORE_1,FOODS_1_006,2441,18.84
STORE_1,FOODS_1_006,2442,18.84
STORE_1,FOODS_1_006,2443,18.84
STORE_1,FOODS_1_006,2444,18.84
STORE_1,FOODS_1_006,2445,18.84
STORE_1,FOODS_1_006,2446,18.84
STORE_1,FOODS_1_006,2447,18.84
STORE_1,FOODS_1_006,2448,18.84
STORE_1,FOODS_1_006,2449,18.84
STORE_1,FOODS_1_006,2450,18.84
STORE_1,FOODS_1_006,2451,18.84
STORE_1,FOODS_1_006,2452,18.84
STORE_1,FOODS_1_006,2501,18.84
STORE_1,FOODS_1_006,2502,18.84
STORE_1,FOODS_1_006,2503,18.84
STORE_1,FOODS_1_006,2504,18.84
STORE_1,FOODS_1_006,2505,18.84
STORE_1,FOODS_1_007,2252,29.49
STORE_1,FOODS_1_007,2201,29.49
STORE_1,FOODS_1_007,2202,29.49
STORE_1,FOODS_1_007,2203,29.49
STORE_1,FOODS_1_007,2204,29.49
STORE_1,FOODS_1_007,2205,29.49
STORE_1,FOODS_1_007,2206,29.49
STORE_1,FOODS_1_007,2207,29.49
STORE_1,FOODS_1_007,2208,29.49
STORE_1,FOODS_1_007,2209,29.49
STORE_1,FOODS_1_007,2210,29.49
STORE_1,FOODS_1_007,2211,29.49
STORE_1,FOODS_1_007,2212,29.49
STORE_1,FOODS_1_007,2213,29.49
STORE_1,FOODS_1_007,2214,29.49
STORE_1,FOODS_1_007,2215,29.49
STORE_1,FOODS_1_007,2216,29.49
STORE_1,FOODS_1_007,2217,22.45
STORE_1,FOODS_1_007,2218,22.45
STORE_1,FOODS_1_007,2219,22.45
STORE_1,FOODS_1_007,2220,22.45
STORE_1,FOODS_1_007,2221,22.45
STORE_1,FOODS_1_007,2222,22.45
STORE_1,FOODS_1_007,2223,22.45
STORE_1,FOODS_1_007,2224,22.45
STORE_1,FOODS_1_007,2225,22.45
STORE_1,FOODS_1_007,2226,22.45
STORE_1,FOODS_1_007,2227,22.45
STORE_1,FOODS_1_007,2228,22.45
STORE_1,FOODS_1_007,2229,22.45
STORE_1,FOODS_1_007,2230,22.45
STORE_1,FOODS_1_007,2231,22.45
STORE_1,FOODS_1_007,2232,22.45
STORE_1,FOODS_1_007,2233,22.45
STORE_1,FOODS_1_007,2234,22.45
STORE_1,FOODS_1_007,2235,22.45
STORE_1,FOODS_1_007,2236,22.45
STORE_1,FOODS_1_007,2237,22.45
STORE_1,FOODS_1_007,2238,22.45
STORE_1,FOODS_1_007,2239,22.45
STORE_1,FOODS_1_007,2240,22.45
STORE_1,FOODS_1_007,2241,22.45
STORE_1,FOODS_1_007,2242,22.45
STORE_1,FOODS_1_007,2243,22.45
STORE_1,FOODS_1_007,2244,22.45
STORE_1,FOODS_1_007,2245,22.45
STORE_1,FOODS_1_007,2246,22.45
STORE_1,FOODS_1_007,2247,22.45
STORE_1,FOODS_1_007,2248,22.45
STORE_1,FOODS_1_007,2249,22.45
STORE_1,FOODS_1_007,2250,22.45
STORE_1,FOODS_1_007,2251,22.45
STORE_1,FOODS_1_007,2352,22.45
STORE_1,FOODS_1_007,2301,22.45
STORE_1,FOODS_1_007,2302,22.45
STORE_1,FOODS_1_007,2303,22.45
STORE_1,FOODS_1_007,2304,22.45
STORE_1,FOODS_1_007,2305,22.45
STORE_1,FOODS_1_007,2306,22.45
STORE_1,FOODS_1_007,2307,22.45
STORE_1,FOODS_1_007,2308,22.45
STORE_1,FOODS_1_007,2309,22.45
STORE_1,FOODS_1_007,2310,22.45
STORE_1,FOODS_1_007,2311,22.45
STORE_1,FOODS_1_007,2312,22.45
STORE_1,FOODS_1_007,2313,22.45
STORE_1,FOODS_1_007,2314,22.45
STORE_1,FOODS_1_007,2315,22.45
STORE_1,FOODS_1_007,2316,22.45
STORE_1,FOODS_1_007,2317,22.45
STORE_1,FOODS_1_007,2318,22.45
STORE_1,FOODS_1_007,2319,22.45
STORE_1,FOODS_1_007,2320,29.45
STORE_1,FOODS_1_007,2321,29.45
STORE_1,FOODS_1_007,2322,25.06
STORE_1,FOODS_1_007,2323,25.06
STORE_1,FOODS_1_007,2324,25.06
STORE_1,FOODS_1_007,2325,25.06
STORE_1,FOODS_1_007,2326,25.06
STORE_1,FOODS_1_007,2327,25.06
STORE_1,FOODS_1_007,2328,24.03
STORE_1,FOODS_1_007,2329,24.03
STORE_1,FOODS_1_007,2330,24.03
STORE_1,FOODS_1_007,2331,24.03
STORE_1,FOODS_1_007,2332,24.03
STORE_1,FOODS_1_007,2333,24.03
STORE_1,FOODS_1_007,2334,33.22
STORE_1,FOODS_1_007,2335,33.22
STORE_1,FOODS_1_007,2336,33.22
STORE_1,FOODS_1_007,2337,33.22
STORE_1,FOODS_1_007,2338,33.22
STORE_1,FOODS_1_007,2339,33.22
STORE_1,FOODS_1_007,2340,33.22
STORE_1,FOODS_1_007,2341,33.22
STORE_1,FOODS_1_007,2342,33.22
STORE_1,FOODS_1_007,2343,33.22
STORE_1,FOODS_1_007,2344,33.22
STORE_1,FOODS_1_007,2345,33.22
STORE_1,FOODS_1_007,2346,33.22
STORE_1,FOODS_1_007,2347,33.22
STORE_1,FOODS_1_007,2348,33.22
STORE_1,FOODS_1_007,2349,33.22
STORE_1,FOODS_1_007,2350,33.22
STORE_1,FOODS_1_007,2351,33.22
STORE_1,FOODS_1_007,2401,33.22
STORE_1,FOODS_1_007,2402,33.22
STORE_1,FOODS_1_007,2403,33.22
STORE_1,FOODS_1_007,2404,33.22
STORE_1,FOODS_1_007,2405,33.22
STORE_1,FOODS_1_007,2406,33.22
STORE_1,FOODS_1_007,2407,33.22
STORE_1,FOODS_1_007,2408,33.22
STORE_1,FOODS_1_007,2409,33.22
STORE_1,FOODS_1_007,2410,33.22
STORE_1,FOODS_1_007,2411,33.22
STORE_1,FOODS_1_007,2412,33.22
STORE_1,FOODS_1_007,2413,33.22
STORE_1,FOODS_1_007,2414,30.48
STORE_1,FOODS_1_007,2415,30.48
STORE_1,FOODS_1_007,2416,24.02
STORE_1,FOODS_1_007,2417,24.02
STORE_1,FOODS_1_007,2418,24.02
STORE_1,FOODS_1_007,2419,24.02
STORE_1,FOODS_1_007,2420,24.02
STORE_1,FOODS_1_007,2421,24.02
STORE_1,FOODS_1_007,2422,24.02
STORE_1,FOODS_1_007,2423,24.02
STORE_1,FOODS_1_007,2424,24.02
STORE_1,FOODS_1_007,2425,24.02
STORE_1,FOODS_1_007,2426,24.02
STORE_1,FOODS_1_007,2427,24.02
STORE_1,FOODS_1_007,2428,24.02
STORE_1,FOODS_1_007,2429,24.02
STORE_1,FOODS_1_007,2430,24.02
STORE_1,FOODS_1_007,2431,24.02
STORE_1,FOODS_1_007,2432,24.02
STORE_1,FOODS_1_007,2433,33.76
STORE_1,FOODS_1_007,2434,33.76
STORE_1,FOODS_1_007,2435,33.76
STORE_1,FOODS_1_007,2436,33.76
STORE_1,FOODS_1_007,2437,33.76
STORE_1,FOODS_1_007,2438,33.76
STORE_1,FOODS_1_007,2439,33.76
STORE_1,FOODS_1_007,2440,33.76
STORE_1,FOODS_1_007,2441,33.76
STORE_1,FOODS_1_007,2442,33.76
STORE_1,FOODS_1_007,2443,33.76
STORE_1,FOODS_1_007,2444,33.76
STORE_1,FOODS_1_007,2445,33.76
STORE_1,FOODS_1_007,2446,33.76
STORE_1,FOODS_1_007,2447,33.76
STORE_1,FOODS_1_007,2448,33.76
STORE_1,FOODS_1_007,2449,33.76
STORE_1,FOODS_1_007,2450,25.04
STORE_1,FOODS_1_007,2451,25.04
STORE_1,FOODS_1_007,2452,25.04
STORE_1,FOODS_1_007,2501,25.04
STORE_1,FOODS_1_007,2502,25.04
STORE_1,FOODS_1_007,2503,25.04
STORE_1,FOODS_1_007,2504,25.04
STORE_1,FOODS_1_007,2505,25.04
STORE_1,FOODS_1_008,2252,7.44
STORE_1,FOODS_1_008,2201,7.44
STORE_1,FOODS_1_008,2202,7.44
STORE_1,FOODS_1_008,2203,7.44
STORE_1,FOODS_1_008,2204,7.44
STORE_1,FOODS_1_008,2205,7.44
STORE_1,FOODS_1_008,2206,7.44
STORE_1,FOODS_1_008,2207,7.44
STORE_1,FOODS_1_008,2208,7.44
STORE_1,FOODS_1_008,2209,7.44
STORE_1,FOODS_1_008,2210,7.44
STORE_1,FOODS_1_008,2211,7.44
STORE_1,FOODS_1_008,2212,7.44
STORE_1,FOODS_1_008,2213,7.44
STORE_1,FOODS_1_008,2214,7.44
STORE_1,FOODS_1_008,2215,7.44
STORE_1,FOODS_1_008,2216,7.44
STORE_1,FOODS_1_008,2217,7.44
STORE_1,FOODS_1_008,2218,7.44
STORE_1,FOODS_1_008,2219,7.44
STORE_1,FOODS_1_008,2220,7.44
STORE_1,FOODS_1_008,2221,7.44
STORE_1,FOODS_1_008,2222,7.44
STORE_1,FOODS_1_008,2223,7.44
STORE_1,FOODS_1_008,2224,7.44
STORE_1,FOODS_1_008,2225,7.44
STORE_1,FOODS_1_008,2226,7.44
STORE_1,FOODS_1_008,2227,7.44
STORE_1,FOODS_1_008,2228,7.44
STORE_1,FOODS_1_008,2229,7.44
STORE_1,FOODS_1_008,2230,7.44
STORE_1,FOODS_1_008,2231,7.44
STORE_1,FOODS_1_008,2232,7.44
STORE_1,FOODS_1_008,2233,7.44
STORE_1,FOODS_1_008,2234,7.44
STORE_1,FOODS_1_008,2235,7.44
STORE_1,FOODS_1_008,2236,7.44
STORE_1,FOODS_1_008,2237,7.44
STORE_1,FOODS_1_008,2238,7.44
STORE_1,FOODS_1_008,2239,7.44
STORE_1,FOODS_1_008,2240,7.44
STORE_1,FOODS_1_008,2241,7.44
STORE_1,FOODS_1_008,2242,7.44
STORE_1,FOODS_1_008,2243,7.44
STORE_1,FOODS_1_008,2244,7.44
STORE_1,FOODS_1_008,2245,7.44
STORE_1,FOODS_1_008,2246,7.44
STORE_1,FOODS_1_008,2247,7.44
STORE_1,FOODS_1_008,2248,7.44
STORE_1,FOODS_1_008,2249,7.44
STORE_1,FOODS_1_008,2250,7.44
STORE_1,FOODS_1_008,2251,7.44
STORE_1,FOODS_1_008,2352,7.44
STORE_1,FOODS_1_008,2301,7.44
STORE_1,FOODS_1_008,2302,7.44
STORE_1,FOODS_1_008,2303,7.44
STORE_1,FOODS_1_008,2304,7.44
STORE_1,FOODS_1_008,2305,7.44
STORE_1,FOODS_1_008,2306,7.44
STORE_1,FOODS_1_008,2307,7.44
STORE_1,FOODS_1_008,2308,7.44
STORE_1,FOODS_1_008,2309,7.44
STORE_1,FOODS_1_008,2310,7.44
STORE_1,FOODS_1_008,2311,7.44
STORE_1,FOODS_1_008,2312,7.44
STORE_1,FOODS_1_008,2313,7.44
STORE_1,FOODS_1_008,2314,7.44
STORE_1,FOODS_1_008,2315,7.44
STORE_1,FOODS_1_008,2316,7.44
STORE_1,FOODS_1_008,2317,7.44
STORE_1,FOODS_1_008,2318,7.44
STORE_1,FOODS_1_008,2319,6.13
STORE_1,FOODS_1_008,2320,6.13
STORE_1,FOODS_1_008,2321,6.13
STORE_1,FOODS_1_008,2322,6.13
STORE_1,FOODS_1_008,2323,6.13
STORE_1,FOODS_1_008,2324,6.13
STORE_1,FOODS_1_008,2325,6.13
STORE_1,FOODS_1_008,2326,6.13
STORE_1,FOODS_1_008,2327,6.13
STORE_1,FOODS_1_008,2328,6.13
STORE_1,FOODS_1_008,2329,6.13
STORE_1,FOODS_1_008,2330,6.13
STORE_1,FOODS_1_008,2331,6.13
STORE_1,FOODS_1_008,2332,6.13
STORE_1,FOODS_1_008,2333,6.13
STORE_1,FOODS_1_008,2334,6.13
STORE_1,FOODS_1_008,2335,6.13
STORE_1,FOODS_1_008,2336,6.13
STORE_1,FOODS_1_008,2337,6.13
STORE_1,FOODS_1_008,2338,6.13
STORE_1,FOODS_1_008,2339,6.13
STORE_1,FOODS_1_008,2340,6.13
STORE_1,FOODS_1_008,2341,6.13
STORE_1,FOODS_1_008,2342,6.13
STORE_1,FOODS_1_008,2343,6.13
STORE_1,FOODS_1_008,2344,6.13
STORE_1,FOODS_1_008,2345,6.13
STORE_1,FOODS_1_008,2346,6.13
STORE_1,FOODS_1_008,2347,6.13
STORE_1,FOODS_1_008,2348,6.13
STORE_1,FOODS_1_008,2349,6.13
STORE_1,FOODS_1_008,2350,6.13
STORE_1,FOODS_1_008,2351,8.45
STORE_1,FOODS_1_008,2401,8.45
STORE_1,FOODS_1_008,2402,8.45
STORE_1,FOODS_1_008,2403,8.45
STORE_1,FOODS_1_008,2404,8.45
STORE_1,FOODS_1_008,2405,8.45
STORE_1,FOODS_1_008,2406,8.45
STORE_1,FOODS_1_008,2407,8.45
STORE_1,FOODS_1_008,2408,8.45
STORE_1,FOODS_1_008,2409,8.45
STORE_1,FOODS_1_008,2410,8.45
STORE_1,FOODS_1_008,2411,8.45
STORE_1,FOODS_1_008,2412,8.45
STORE_1,FOODS_1_008,2413,8.45
STORE_1,FOODS_1_008,2414,8.45
STORE_1,FOODS_1_008,2415,8.45
STORE_1,FOODS_1_008,2416,8.45
STORE_1,FOODS_1_008,2417,8.45
STORE_1,FOODS_1_008,2418,8.45
STORE_1,FOODS_1_008,2419,8.45
STORE_1,FOODS_1_008,2420,8.45
STORE_1,FOODS_1_008,2421,8.45
STORE_1,FOODS_1_008,2422,8.45
STORE_1,FOODS_1_008,2423,8.45
STORE_1,FOODS_1_008,2424,8.45
STORE_1,FOODS_1_008,2425,8.45
STORE_1,FOODS_1_008,2426,8.45
STORE_1,FOODS_1_008,2427,8.45
STORE_1,FOODS_1_008,2428,8.45
STORE_1,FOODS_1_008,2429,8.45
STORE_1,FOODS_1_008,2430,8.45
STORE_1,FOODS_1_008,2431,8.45
STORE_1,FOODS_1_008,2432,8.45
STORE_1,FOODS_1_008,2433,8.45
STORE_1,FOODS_1_008,2434,8.45
STORE_1,FOODS_1_008,2435,8.45
STORE_1,FOODS_1_008,2436,8.45
STORE_1,FOODS_1_008,2437,8.45
STORE_1,FOODS_1_008,2438,8.45
STORE_1,FOODS_1_008,2439,8.45
STORE_1,FOODS_1_008,2440,8.45
STORE_1,FOODS_1_008,2441,8.45
STORE_1,FOODS_1_008,2442,8.45
STORE_1,FOODS_1_008,2443,8.45
STORE_1,FOODS_1_008,2444,8.45
STORE_1,FOODS_1_008,2445,8.45
STORE_1,FOODS_1_008,2446,8.45
STORE_1,FOODS_1_008,2447,8.45
STORE_1,FOODS_1_008,2448,8.45
STORE_1,FOODS_1_008,2449,8.45
STORE_1,FOODS_1_008,2450,8.45
STORE_1,FOODS_1_008,2451,8.45
STORE_1,FOODS_1_008,2452,8.45
STORE_1,FOODS_1_008,2501,8.45
STORE_1,FOODS_1_008,2502,8.45
STORE_1,FOODS_1_008,2503,8.45
STORE_1,FOODS_1_008,2504,8.45
STORE_1,FOODS_1_008,2505,8.45
STORE_1,FOODS_2_001,2252,52.78
STORE_1,FOODS_2_001,2201,52.78
STORE_1,FOODS_2_001,2202,52.78
STORE_1,FOODS_2_001,2203,52.78
STORE_1,FOODS_2_001,2204,52.78
STORE_1,FOODS_2_001,2205,52.78
STORE_1,FOODS_2_001,2206,52.78
STORE_1,FOODS_2_001,2207,52.78
STORE_1,FOODS_2_001,2208,52.78
STORE_1,FOODS_2_001,2209,52.78
STORE_1,FOODS_2_001,2210,52.78
STORE_1,FOODS_2_001,2211,52.78
STORE_1,FOODS_2_001,2212,52.78
STORE_1,FOODS_2_001,2213,52.78
STORE_1,FOODS_2_001,2214,52.78
STORE_1,FOODS_2_001,2215,52.78
STORE_1,FOODS_2_001,2216,52.78
STORE_1,FOODS_2_001,2217,52.78
STORE_1,FOODS_2_001,2218,52.78
STORE_1,FOODS_2_001,2219,52.78
STORE_1,FOODS_2_001,2220,52.78
STORE_1,FOODS_2_001,2221,52.22
STORE_1,FOODS_2_001,2222,52.22
STORE_1,FOODS_2_001,2223,52.22
STORE_1,FOODS_2_001,2224,52.22
STORE_1,FOODS_2_001,2225,52.22
STORE_1,FOODS_2_001,2226,52.22
STORE_1,FOODS_2_001,2227,52.22
STORE_1,FOODS_2_001,2228,52.22
STORE_1,FOODS_2_001,2229,52.22
STORE_1,FOODS_2_001,2230,52.22
STORE_1,FOODS_2_001,2231,52.22
STORE_1,FOODS_2_001,2232,52.22
STORE_1,FOODS_2_001,2233,52.22
STORE_1,FOODS_2_001,2234,52.22
STORE_1,FOODS_2_001,2235,52.22
STORE_1,FOODS_2_001,2236,52.22
STORE_1,FOODS_2_001,2237,52.22
STORE_1,FOODS_2_001,2238,52.22
STORE_1,FOODS_2_001,2239,52.22
STORE_1,FOODS_2_001,2240,52.22
STORE_1,FOODS_2_001,2241,52.22
STORE_1,FOODS_2_001,2242,52.22
STORE_1,FOODS_2_001,2243,52.22
STORE_1,FOODS_2_001,2244,52.22
STORE_1,FOODS_2_001,2245,52.22
STORE_1,FOODS_2_001,2246,52.22
STORE_1,FOODS_2_001,2247,52.22
STORE_1,FOODS_2_001,2248,50.29
STORE_1,FOODS_2_001,2249,50.29
STORE_1,FOODS_2_001,2250,50.29
STORE_1,FOODS_2_001,2251,50.29
STORE_1,FOODS_2_001,2352,50.29
STORE_1,FOODS_2_001,2301,50.29
STORE_1,FOODS_2_001,2302,50.29
STORE_1,FOODS_2_001,2303,50.29
STORE_1,FOODS_2_001,2304,50.29
STORE_1,FOODS_2_001,2305,50.29
STORE_1,FOODS_2_001,2306,50.29
STORE_1,FOODS_2_001,2307,50.29
STORE_1,FOODS_2_001,2308,51.27
STORE_1,FOODS_2_001,2309,51.27
STORE_1,FOODS_2_001,2310,51.27
STORE_1,FOODS_2_001,2311,51.27
STORE_1,FOODS_2_001,2312,51.27
STORE_1,FOODS_2_001,2313,51.27
STORE_1,FOODS_2_001,2314,51.27
STORE_1,FOODS_2_001,2315,51.27
STORE_1,FOODS_2_001,2316,51.27
STORE_1,FOODS_2_001,2317,51.27
STORE_1,FOODS_2_001,2318,51.27
STORE_1,FOODS_2_001,2319,51.27
STORE_1,FOODS_2_001,2320,51.27
STORE_1,FOODS_2_001,2321,51.27
STORE_1,FOODS_2_001,2322,40.91
STORE_1,FOODS_2_001,2323,40.91
STORE_1,FOODS_2_001,2324,40.91
STORE_1,FOODS_2_001,2325,40.91
STORE_1,FOODS_2_001,2326,40.91
STORE_1,FOODS_2_001,2327,40.91
STORE_1,FOODS_2_001,2328,40.91
STORE_1,FOODS_2_001,2329,40.91
STORE_1,FOODS_2_001,2330,40.91
STORE_1,FOODS_2_001,2331,40.91
STORE_1,FOODS_2_001,2332,45.51
STORE_1,FOODS_2_001,2333,45.51
STORE_1,FOODS_2_001,2334,45.51
STORE_1,FOODS_2_001,2335,45.51
STORE_1,FOODS_2_001,2336,45.51
STORE_1,FOODS_2_001,2337,45.51
STORE_1,FOODS_2_001,2338,45.51
STORE_1,FOODS_2_001,2339,45.51
STORE_1,FOODS_2_001,2340,45.51
STORE_1,FOODS_2_001,2341,45.51
STORE_1,FOODS_2_001,2342,45.51
STORE_1,FOODS_2_001,2343,45.51
STORE_1,FOODS_2_001,2344,45.51
STORE_1,FOODS_2_001,2345,45.51
STORE_1,FOODS_2_001,2346,45.51
STORE_1,FOODS_2_001,2347,45.51
STORE_1,FOODS_2_001,2348,45.51
STORE_1,FOODS_2_001,2349,45.51
STORE_1,FOODS_2_001,2350,45.51
STORE_1,FOODS_2_001,2351,45.51
STORE_1,FOODS_2_001,2401,45.51
STORE_1,FOODS_2_001,2402,45.51
STORE_1,FOODS_2_001,2403,45.51
STORE_1,FOODS_2_001,2404,45.51
STORE_1,FOODS_2_001,2405,45.51
STORE_1,FOODS_2_001,2406,45.51
STORE_1,FOODS_2_001,2407,45.51
STORE_1,FOODS_2_001,2408,45.51
STORE_1,FOODS_2_001,2409,45.51
STORE_1,FOODS_2_001,2410,45.51
STORE_1,FOODS_2_001,2411,45.51
STORE_1,FOODS_2_001,2412,45.51
STORE_1,FOODS_2_001,2413,45.51
STORE_1,FOODS_2_001,2414,45.51
STORE_1,FOODS_2_001,2415,45.51
STORE_1,FOODS_2_001,2416,45.51
STORE_1,FOODS_2_001,2417,56.56
STORE_1,FOODS_2_001,2418,56.56
STORE_1,FOODS_2_001,2419,56.56
STORE_1,FOODS_2_001,2420,56.56
STORE_1,FOODS_2_001,2421,56.56
STORE_1,FOODS_2_001,2422,56.56
STORE_1,FOODS_2_001,2423,56.56
STORE_1,FOODS_2_001,2424,56.56
STORE_1,FOODS_2_001,2425,56.56
STORE_1,FOODS_2_001,2426,56.56
STORE_1,FOODS_2_001,2427,56.56
STORE_1,FOODS_2_001,2428,56.56
STORE_1,FOODS_2_001,2429,56.56
STORE_1,FOODS_2_001,2430,56.56
STORE_1,FOODS_2_001,2431,56.56
STORE_1,FOODS_2_001,2432,56.56
STORE_1,FOODS_2_001,2433,56.56
STORE_1,FOODS_2_001,2434,56.56
STORE_1,FOODS_2_001,2435,56.56
STORE_1,FOODS_2_001,2436,56.56
STORE_1,FOODS_2_001,2437,56.56
STORE_1,FOODS_2_001,2438,56.56
STORE_1,FOODS_2_001,2439,56.56
STORE_1,FOODS_2_001,2440,56.56
STORE_1,FOODS_2_001,2441,56.56
STORE_1,FOODS_2_001,2442,56.56
STORE_1,FOODS_2_001,2443,45.4
STORE_1,FOODS_2_001,2444,45.4
STORE_1,FOODS_2_001,2445,45.4
STORE_1,FOODS_2_001,2446,45.4
STORE_1,FOODS_2_001,2447,45.4
STORE_1,FOODS_2_001,2448,45.4
STORE_1,FOODS_2_001,2449,45.4
STORE_1,FOODS_2_001,2450,45.4
STORE_1,FOODS_2_001,2451,45.4
STORE_1,FOODS_2_001,2452,45.4
STORE_1,FOODS_2_001,2501,45.4
STORE_1,FOODS_2_001,2502,45.4
STORE_1,FOODS_2_001,2503,45.4
STORE_1,FOODS_2_001,2504,45.4
STORE_1,FOODS_2_001,2505,45.4
STORE_1,FOODS_2_002,2252,47.69
STORE_1,FOODS_2_002,2201,47.69
STORE_1,FOODS_2_002,2202,53.75
STORE_1,FOODS_2_002,2203,53.75
STORE_1,FOODS_2_002,2204,53.75
STORE_1,FOODS_2_002,2205,53.75
STORE_1,FOODS_2_002,2206,53.75
STORE_1,FOODS_2_002,2207,53.75
STORE_1,FOODS_2_002,2208,53.75
STORE_1,FOODS_2_002,2209,47.21
STORE_1,FOODS_2_002,2210,47.21
STORE_1,FOODS_2_002,2211,47.21
STORE_1,FOODS_2_002,2212,47.21
STORE_1,FOODS_2_002,2213,47.21
STORE_1,FOODS_2_002,2214,47.21
STORE_1,FOODS_2_002,2215,47.21
STORE_1,FOODS_2_002,2216,47.21
STORE_1,FOODS_2_002,2217,47.21
STORE_1,FOODS_2_002,2218,47.21
STORE_1,FOODS_2_002,2219,47.21
STORE_1,FOODS_2_002,2220,47.21
STORE_1,FOODS_2_002,2221,44.05
STORE_1,FOODS_2_002,2222,44.05
STORE_1,FOODS_2_002,2223,44.05
STORE_1,FOODS_2_002,2224,44.05
STORE_1,FOODS_2_002,2225,44.05
STORE_1,FOODS_2_002,2226,44.05
STORE_1,FOODS_2_002,2227,44.05
STORE_1,FOODS_2_002,2228,44.05
STORE_1,FOODS_2_002,2229,44.05
STORE_1,FOODS_2_002,2230,44.05
STORE_1,FOODS_2_002,2231,44.05
STORE_1,FOODS_2_002,2232,40.4
STORE_1,FOODS_2_002,2233,40.4
STORE_1,FOODS_2_002,2234,40.4
STORE_1,FOODS_2_002,2235,40.4
STORE_1,FOODS_2_002,2236,40.4
STORE_1,FOODS_2_002,2237,40.4
STORE_1,FOODS_2_002,2238,40.4
STORE_1,FOODS_2_002,2239,40.4
STORE_1,FOODS_2_002,2240,40.4
STORE_1,FOODS_2_002,2241,40.4
STORE_1,FOODS_2_002,2242,40.4
STORE_1,FOODS_2_002,2243,40.4
STORE_1,FOODS_2_002,2244,40.4
STORE_1,FOODS_2_002,2245,40.4
STORE_1,FOODS_2_002,2246,40.4
STORE_1,FOODS_2_002,2247,40.4
STORE_1,FOODS_2_002,2248,40.4
STORE_1,FOODS_2_002,2249,37.98
STORE_1,FOODS_2_002,2250,42.04
STORE_1,FOODS_2_002,2251,42.04
STORE_1,FOODS_2_002,2352,42.04
STORE_1,FOODS_2_002,2301,42.04
STORE_1,FOODS_2_002,2302,42.04
STORE_1,FOODS_2_002,2303,42.04
STORE_1,FOODS_2_002,2304,42.04
STORE_1,FOODS_2_002,2305,42.04
STORE_1,FOODS_2_002,2306,42.04
STORE_1,FOODS_2_002,2307,42.04
STORE_1,FOODS_2_002,2308,42.04
STORE_1,FOODS_2_002,2309,42.04
STORE_1,FOODS_2_002,2310,42.04
STORE_1,FOODS_2_002,2311,42.04
STORE_1,FOODS_2_002,2312,42.04
STORE_1,FOODS_2_002,2313,42.04
STORE_1,FOODS_2_002,2314,42.04
STORE_1,FOODS_2_002,2315,42.04
STORE_1,FOODS_2_002,2316,52.08
STORE_1,FOODS_2_002,2317,52.08
STORE_1,FOODS_2_002,2318,52.08
STORE_1,FOODS_2_002,2319,52.08
STORE_1,FOODS_2_002,2320,53.23
STORE_1,FOODS_2_002,2321,53.23
STORE_1,FOODS_2_002,2322,53.23
STORE_1,FOODS_2_002,2323,53.23
STORE_1,FOODS_2_002,2324,53.23
STORE_1,FOODS_2_002,2325,53.23
STORE_1,FOODS_2_002,2326,53.23
STORE_1,FOODS_2_002,2327,53.23
STORE_1,FOODS_2_002,2328,53.23
STORE_1,FOODS_2_002,2329,53.23
STORE_1,FOODS_2_002,2330,53.23
STORE_1,FOODS_2_002,2331,53.23
STORE_1,FOODS_2_002,2332,53.23
STORE_1,FOODS_2_002,2333,53.23
STORE_1,FOODS_2_002,2334,53.23
STORE_1,FOODS_2_002,2335,53.23
STORE_1,FOODS_2_002,2336,49.89
STORE_1,FOODS_2_002,2337,49.89
STORE_1,FOODS_2_002,2338,49.89
STORE_1,FOODS_2_002,2339,49.89
STORE_1,FOODS_2_002,2340,49.89
STORE_1,FOODS_2_002,2341,49.89
STORE_1,FOODS_2_002,2342,49.89
STORE_1,FOODS_2_002,2343,49.89
STORE_1,FOODS_2_002,2344,49.89
STORE_1,FOODS_2_002,2345,49.89
STORE_1,FOODS_2_002,2346,49.89
STORE_1,FOODS_2_002,2347,49.89
STORE_1,FOODS_2_002,2348,49.89
STORE_1,FOODS_2_002,2349,49.89
STORE_1,FOODS_2_002,2350,49.89
STORE_1,FOODS_2_002,2351,49.89
STORE_1,FOODS_2_002,2401,49.89
STORE_1,FOODS_2_002,2402,49.89
STORE_1,FOODS_2_002,2403,49.89
STORE_1,FOODS_2_002,2404,49.89
STORE_1,FOODS_2_002,2405,49.89
STORE_1,FOODS_2_002,2406,49.89
STORE_1,FOODS_2_002,2407,49.89
STORE_1,FOODS_2_002,2408,49.89
STORE_1,FOODS_2_002,2409,49.89
STORE_1,FOODS_2_002,2410,49.89
STORE_1,FOODS_2_002,2411,49.89
STORE_1,FOODS_2_002,2412,49.89
STORE_1,FOODS_2_002,2413,49.89
STORE_1,FOODS_2_002,2414,49.89
STORE_1,FOODS_2_002,2415,49.89
STORE_1,FOODS_2_002,2416,49.89
STORE_1,FOODS_2_002,2417,49.89
STORE_1,FOODS_2_002,2418,49.89
STORE_1,FOODS_2_002,2419,49.89
STORE_1,FOODS_2_002,2420,49.89
STORE_1,FOODS_2_002,2421,49.89
STORE_1,FOODS_2_002,2422,49.89
STORE_1,FOODS_2_002,2423,49.89
STORE_1,FOODS_2_002,2424,49.89
STORE_1,FOODS_2_002,2425,49.89
STORE_1,FOODS_2_002,2426,49.89
STORE_1,FOODS_2_002,2427,49.89
STORE_1,FOODS_2_002,2428,49.89
STORE_1,FOODS_2_002,2429,47.14
STORE_1,FOODS_2_002,2430,47.14
STORE_1,FOODS_2_002,2431,47.14
STORE_1,FOODS_2_002,2432,47.14
STORE_1,FOODS_2_002,2433,47.14
STORE_1,FOODS_2_002,2434,47.14
STORE_1,FOODS_2_002,2435,47.14
STORE_1,FOODS_2_002,2436,47.14
STORE_1,FOODS_2_002,2437,47.14
STORE_1,FOODS_2_002,2438,47.14
STORE_1,FOODS_2_002,2439,47.14
STORE_1,FOODS_2_002,2440,47.14
STORE_1,FOODS_2_002,2441,47.14
STORE_1,FOODS_2_002,2442,36.44
STORE_1,FOODS_2_002,2443,36.44
STORE_1,FOODS_2_002,2444,36.44
STORE_1,FOODS_2_002,2445,36.44
STORE_1,FOODS_2_002,2446,36.44
STORE_1,FOODS_2_002,2447,50.87
STORE_1,FOODS_2_002,2448,50.87
STORE_1,FOODS_2_002,2449,50.87
STORE_1,FOODS_2_002,2450,41.27
STORE_1,FOODS_2_002,2451,41.27
STORE_1,FOODS_2_002,2452,41.27
STORE_1,FOODS_2_002,2501,41.27
STORE_1,FOODS_2_002,2502,41.27
STORE_1,FOODS_2_002,2503,41.27
STORE_1,FOODS_2_002,2504,41.27
STORE_1,FOODS_2_002,2505,41.27
STORE_1,FOODS_2_003,2252,58.84
STORE_1,FOODS_2_003,2201,58.84
STORE_1,FOODS_2_003,2202,58.84
STORE_1,FOODS_2_003,2203,58.84
STORE_1,FOODS_2_003,2204,58.84
STORE_1,FOODS_2_003,2205,58.84
STORE_1,FOODS_2_003,2206,58.84
STORE_1,FOODS_2_003,2207,58.84
STORE_1,FOODS_2_003,2208,58.84
STORE_1,FOODS_2_003,2209,58.84
STORE_1,FOODS_2_003,2210,58.84
STORE_1,FOODS_2_003,2211,58.84
STORE_1,FOODS_2_003,2212,58.84
STORE_1,FOODS_2_003,2213,58.84
STORE_1,FOODS_2_003,2214,58.84
STORE_1,FOODS_2_003,2215,58.84
STORE_1,FOODS_2_003,2216,58.84
STORE_1,FOODS_2_003,2217,58.84
STORE_1,FOODS_2_003,2218,58.84
STORE_1,FOODS_2_003,2219,58.84
STORE_1,FOODS_2_003,2220,64.28
STORE_1,FOODS_2_003,2221,64.28
STORE_1,FOODS_2_003,2222,64.28
STORE_1,FOODS_2_003,2223,64.28
STORE_1,FOODS_2_003,2224,64.28
STORE_1,FOODS_2_003,2225,64.28
STORE_1,FOODS_2_003,2226,64.28
STORE_1,FOODS_2_003,2227,64.28
STORE_1,FOODS_2_003,2228,64.28
STORE_1,FOODS_2_003,2229,64.28
STORE_1,FOODS_2_003,2230,59.31
STORE_1,FOODS_2_003,2231,59.31
STORE_1,FOODS_2_003,2232,59.31
STORE_1,FOODS_2_003,2233,59.31
STORE_1,FOODS_2_003,2234,59.31
STORE_1,FOODS_2_003,2235,59.31
STORE_1,FOODS_2_003,2236,59.31
STORE_1,FOODS_2_003,2237,59.31
STORE_1,FOODS_2_003,2238,59.31
STORE_1,FOODS_2_003,2239,59.31
STORE_1,FOODS_2_003,2240,59.31
STORE_1,FOODS_2_003,2241,59.31
STORE_1,FOODS_2_003,2242,59.31
STORE_1,FOODS_2_003,2243,59.31
STORE_1,FOODS_2_003,2244,59.31
STORE_1,FOODS_2_003,2245,59.31
STORE_1,FOODS_2_003,2246,59.31
STORE_1,FOODS_2_003,2247,59.31
STORE_1,FOODS_2_003,2248,59.31
STORE_1,FOODS_2_003,2249,59.31
STORE_1,FOODS_2_003,2250,59.31
STORE_1,FOODS_2_003,2251,59.31
STORE_1,FOODS_2_003,2352,59.31
STORE_1,FOODS_2_003,2301,59.31
STORE_1,FOODS_2_003,2302,59.31
STORE_1,FOODS_2_003,2303,59.31
STORE_1,FOODS_2_003,2304,59.31
STORE_1,FOODS_2_003,2305,59.31
STORE_1,FOODS_2_003,2306,55.27
STORE_1,FOODS_2_003,2307,55.27
STORE_1,FOODS_2_003,2308,55.27
STORE_1,FOODS_2_003,2309,55.27
STORE_1,FOODS_2_003,2310,55.27
STORE_1,FOODS_2_003,2311,55.27
STORE_1,FOODS_2_003,2312,55.27
STORE_1,FOODS_2_003,2313,55.27
STORE_1,FOODS_2_003,2314,55.27
STORE_1,FOODS_2_003,2315,55.27
STORE_1,FOODS_2_003,2316,55.27
STORE_1,FOODS_2_003,2317,55.27
STORE_1,FOODS_2_003,2318,55.27
STORE_1,FOODS_2_003,2319,55.27
STORE_1,FOODS_2_003,2320,55.27
STORE_1,FOODS_2_003,2321,55.27
STORE_1,FOODS_2_003,2322,55.27
STORE_1,FOODS_2_003,2323,55.27
STORE_1,FOODS_2_003,2324,55.27
STORE_1,FOODS_2_003,2325,55.27
STORE_1,FOODS_2_003,2326,55.27
STORE_1,FOODS_2_003,2327,55.27
STORE_1,FOODS_2_003,2328,55.27
STORE_1,FOODS_2_003,2329,55.27
STORE_1,FOODS_2_003,2330,55.27
STORE_1,FOODS_2_003,2331,55.27
STORE_1,FOODS_2_003,2332,55.27
STORE_1,FOODS_2_003,2333,55.27
STORE_1,FOODS_2_003,2334,55.27
STORE_1,FOODS_2_003,2335,55.27
STORE_1,FOODS_2_003,2336,55.27
STORE_1,FOODS_2_003,2337,55.27
STORE_1,FOODS_2_003,2338,55.27
STORE_1,FOODS_2_003,2339,55.27
STORE_1,FOODS_2_003,2340,55.27
STORE_1,FOODS_2_003,2341,55.27
STORE_1,FOODS_2_003,2342,55.27
STORE_1,FOODS_2_003,2343,55.27
STORE_1,FOODS_2_003,2344,55.27
STORE_1,FOODS_2_003,2345,55.27
STORE_1,FOODS_2_003,2346,55.27
STORE_1,FOODS_2_003,2347,55.27
STORE_1,FOODS_2_003,2348,55.27
STORE_1,FOODS_2_003,2349,55.27
STORE_1,FOODS_2_003,2350,55.27
STORE_1,FOODS_2_003,2351,55.27
STORE_1,FOODS_2_003,2401,55.27
STORE_1,FOODS_2_003,2402,55.27
STORE_1,FOODS_2_003,2403,55.27
STORE_1,FOODS_2_003,2404,55.27
STORE_1,FOODS_2_003,2405,55.27
STORE_1,FOODS_2_003,2406,55.27
STORE_1,FOODS_2_003,2407,55.27
STORE_1,FOODS_2_003,2408,55.27
STORE_1,FOODS_2_003,2409,55.27
STORE_1,FOODS_2_003,2410,55.27
STORE_1,FOODS_2_003,2411,55.27
STORE_1,FOODS_2_003,2412,55.27
STORE_1,FOODS_2_003,2413,55.27
STORE_1,FOODS_2_003,2414,55.27
STORE_1,FOODS_2_003,2415,55.27
STORE_1,FOODS_2_003,2416,55.27
STORE_1,FOODS_2_003,2417,55.27
STORE_1,FOODS_2_003,2418,55.27
STORE_1,FOODS_2_003,2419,55.27
STORE_1,FOODS_2_003,2420,55.27
STORE_1,FOODS_2_003,2421,55.27
STORE_1,FOODS_2_003,2422,55.27
STORE_1,FOODS_2_003,2423,55.27
STORE_1,FOODS_2_003,2424,55.27
STORE_1,FOODS_2_003,2425,55.27
STORE_1,FOODS_2_003,2426,55.27
STORE_1,FOODS_2_003,2427,55.27
STORE_1,FOODS_2_003,2428,47.5
STORE_1,FOODS_2_003,2429,47.5
STORE_1,FOODS_2_003,2430,47.5
STORE_1,FOODS_2_003,2431,47.5
STORE_1,FOODS_2_003,2432,47.5
STORE_1,FOODS_2_003,2433,47.5
STORE_1,FOODS_2_003,2434,47.5
STORE_1,FOODS_2_003,2435,47.5
STORE_1,FOODS_2_003,2436,47.5
STORE_1,FOODS_2_003,2437,47.5
STORE_1,FOODS_2_003,2438,47.5
STORE_1,FOODS_2_003,2439,47.5
STORE_1,FOODS_2_003,2440,47.5
STORE_1,FOODS_2_003,2441,47.5
STORE_1,FOODS_2_003,2442,47.5
STORE_1,FOODS_2_003,2443,47.5
STORE_1,FOODS_2_003,2444,47.5
STORE_1,FOODS_2_003,2445,47.5
STORE_1,FOODS_2_003,2446,47.5
STORE_1,FOODS_2_003,2447,47.5
STORE_1,FOODS_2_003,2448,47.5
STORE_1,FOODS_2_003,2449,47.5
STORE_1,FOODS_2_003,2450,47.5
STORE_1,FOODS_2_003,2451,47.5
STORE_1,FOODS_2_003,2452,47.5
STORE_1,FOODS_2_003,2501,47.5
STORE_1,FOODS_2_003,2502,47.5
STORE_1,FOODS_2_003,2503,47.5
STORE_1,FOODS_2_003,2504,47.5
STORE_1,FOODS_2_003,2505,47.5
STORE_1,FOODS_2_004,2252,19.48
STORE_1,FOODS_2_004,2201,19.48
STORE_1,FOODS_2_004,2202,19.48
STORE_1,FOODS_2_004,2203,19.48
STORE_1,FOODS_2_004,2204,19.48
STORE_1,FOODS_2_004,2205,20.97
STORE_1,FOODS_2_004,2206,20.97
STORE_1,FOODS_2_004,2207,20.97
STORE_1,FOODS_2_004,2208,20.97
STORE_1,FOODS_2_004,2209,20.97
STORE_1,FOODS_2_004,2210,20.97
STORE_1,FOODS_2_004,2211,20.97
STORE_1,FOODS_2_004,2212,20.97
STORE_1,FOODS_2_004,2213,20.97
STORE_1,FOODS_2_004,2214,20.97
STORE_1,FOODS_2_004,2215,20.97
STORE_1,FOODS_2_004,2216,20.97
STORE_1,FOODS_2_004,2217,20.97
STORE_1,FOODS_2_004,2218,20.97
STORE_1,FOODS_2_004,2219,20.97
STORE_1,FOODS_2_004,2220,20.97
STORE_1,FOODS_2_004,2221,20.97
STORE_1,FOODS_2_004,2222,20.97
STORE_1,FOODS_2_004,2223,20.97
STORE_1,FOODS_2_004,2224,20.97
STORE_1,FOODS_2_004,2225,20.97
STORE_1,FOODS_2_004,2226,20.97
STORE_1,FOODS_2_004,2227,20.97
STORE_1,FOODS_2_004,2228,20.97
STORE_1,FOODS_2_004,2229,20.97
STORE_1,FOODS_2_004,2230,20.97
STORE_1,FOODS_2_004,2231,20.97
STORE_1,FOODS_2_004,2232,20.97
STORE_1,FOODS_2_004,2233,20.97
STORE_1,FOODS_2_004,2234,20.97
STORE_1,FOODS_2_004,2235,20.97
STORE_1,FOODS_2_004,2236,20.97
STORE_1,FOODS_2_004,2237,20.97
STORE_1,FOODS_2_004,2238,20.97
STORE_1,FOODS_2_004,2239,20.97
STORE_1,FOODS_2_004,2240,20.97
STORE_1,FOODS_2_004,2241,20.97
STORE_1,FOODS_2_004,2242,20.97
STORE_1,FOODS_2_004,2243,20.97
STORE_1,FOODS_2_004,2244,20.97
STORE_1,FOODS_2_004,2245,20.97
STORE_1,FOODS_2_004,2246,20.97
STORE_1,FOODS_2_004,2247,20.97
STORE_1,FOODS_2_004,2248,20.97
STORE_1,FOODS_2_004,2249,20.97
STORE_1,FOODS_2_004,2250,20.97
STORE_1,FOODS_2_004,2251,20.97
STORE_1,FOODS_2_004,2352,20.97
STORE_1,FOODS_2_004,2301,19.29
STORE_1,FOODS_2_004,2302,19.29
STORE_1,FOODS_2_004,2303,19.29
STORE_1,FOODS_2_004,2304,19.29
STORE_1,FOODS_2_004,2305,19.29
STORE_1,FOODS_2_004,2306,19.29
STORE_1,FOODS_2_004,2307,19.29
STORE_1,FOODS_2_004,2308,17.96
STORE_1,FOODS_2_004,2309,17.96
STORE_1,FOODS_2_004,2310,17.96
STORE_1,FOODS_2_004,2311,17.96
STORE_1,FOODS_2_004,2312,17.96
STORE_1,FOODS_2_004,2313,17.96
STORE_1,FOODS_2_004,2314,17.96
STORE_1,FOODS_2_004,2315,17.96
STORE_1,FOODS_2_004,2316,17.96
STORE_1,FOODS_2_004,2317,17.96
STORE_1,FOODS_2_004,2318,17.96
STORE_1,FOODS_2_004,2319,17.96
STORE_1,FOODS_2_004,2320,17.96
STORE_1,FOODS_2_004,2321,17.96
STORE_1,FOODS_2_004,2322,17.96
STORE_1,FOODS_2_004,2323,17.96
STORE_1,FOODS_2_004,2324,17.96
STORE_1,FOODS_2_004,2325,17.96
STORE_1,FOODS_2_004,2326,17.96
STORE_1,FOODS_2_004,2327,17.96
STORE_1,FOODS_2_004,2328,17.96
STORE_1,FOODS_2_004,2329,17.96
STORE_1,FOODS_2_004,2330,17.96
STORE_1,FOODS_2_004,2331,17.96
STORE_1,FOODS_2_004,2332,17.96
STORE_1,FOODS_2_004,2333,17.96
STORE_1,FOODS_2_004,2334,17.96
STORE_1,FOODS_2_004,2335,17.96
STORE_1,FOODS_2_004,2336,17.96
STORE_1,FOODS_2_004,2337,17.96
STORE_1,FOODS_2_004,2338,17.96
STORE_1,FOODS_2_004,2339,17.96
STORE_1,FOODS_2_004,2340,17.96
STORE_1,FOODS_2_004,2341,17.96
STORE_1,FOODS_2_004,2342,17.96
STORE_1,FOODS_2_004,2343,17.96
STORE_1,FOODS_2_004,2344,17.96
STORE_1,FOODS_2_004,2345,17.96
STORE_1,FOODS_2_004,2346,17.96
STORE_1,FOODS_2_004,2347,17.96
STORE_1,FOODS_2_004,2348,17.96
STORE_1,FOODS_2_004,2349,17.96
STORE_1,FOODS_2_004,2350,17.96
STORE_1,FOODS_2_004,2351,17.96
STORE_1,FOODS_2_004,2401,17.96
STORE_1,FOODS_2_004,2402,17.96
STORE_1,FOODS_2_004,2403,17.96
STORE_1,FOODS_2_004,2404,17.96
STORE_1,FOODS_2_004,2405,17.96
STORE_1,FOODS_2_004,2406,17.96
STORE_1,FOODS_2_004,2407,17.96
STORE_1,FOODS_2_004,2408,17.96
STORE_1,FOODS_2_004,2409,17.96
STORE_1,FOODS_2_004,2410,17.96
STORE_1,FOODS_2_004,2411,17.96
STORE_1,FOODS_2_004,2412,17.96
STORE_1,FOODS_2_004,2413,17.96
STORE_1,FOODS_2_004,2414,17.96
STORE_1,FOODS_2_004,2415,17.96
STORE_1,FOODS_2_004,2416,17.96
STORE_1,FOODS_2_004,2417,17.96
STORE_1,FOODS_2_004,2418,17.96
STORE_1,FOODS_2_004,2419,17.96
STORE_1,FOODS_2_004,2420,17.96
STORE_1,FOODS_2_004,2421,17.96
STORE_1,FOODS_2_004,2422,17.96
STORE_1,FOODS_2_004,2423,17.96
STORE_1,FOODS_2_004,2424,17.96
STORE_1,FOODS_2_004,2425,17.96
STORE_1,FOODS_2_004,2426,17.96
STORE_1,FOODS_2_004,2427,17.96
STORE_1,FOODS_2_004,2428,17.96
STORE_1,FOODS_2_004,2429,17.96
STORE_1,FOODS_2_004,2430,17.96
STORE_1,FOODS_2_004,2431,17.96
STORE_1,FOODS_2_004,2432,17.96
STORE_1,FOODS_2_004,2433,17.96
STORE_1,FOODS_2_004,2434,17.96
STORE_1,FOODS_2_004,2435,17.96
STORE_1,FOODS_2_004,2436,17.96
STORE_1,FOODS_2_004,2437,17.96
STORE_1,FOODS_2_004,2438,17.96
STORE_1,FOODS_2_004,2439,17.96
STORE_1,FOODS_2_004,2440,17.96
STORE_1,FOODS_2_004,2441,17.96
STORE_1,FOODS_2_004,2442,17.96
STORE_1,FOODS_2_004,2443,17.96
STORE_1,FOODS_2_004,2444,17.96
STORE_1,FOODS_2_004,2445,17.96
STORE_1,FOODS_2_004,2446,17.96
STORE_1,FOODS_2_004,2447,17.96
STORE_1,FOODS_2_004,2448,17.96
STORE_1,FOODS_2_004,2449,17.96
STORE_1,FOODS_2_004,2450,15.81
STORE_1,FOODS_2_004,2451,15.81
STORE_1,FOODS_2_004,2452,15.81
STORE_1,FOODS_2_004,2501,15.81
STORE_1,FOODS_2_004,2502,15.81
STORE_1,FOODS_2_004,2503,15.81
STORE_1,FOODS_2_004,2504,15.81
STORE_1,FOODS_2_004,2505,16.22
STORE_1,FOODS_2_005,2252,21.54
STORE_1,FOODS_2_005,2201,21.54
STORE_1,FOODS_2_005,2202,17.51
STORE_1,FOODS_2_005,2203,17.51
STORE_1,FOODS_2_005,2204,17.51
STORE_1,FOODS_2_005,2205,17.51
STORE_1,FOODS_2_005,2206,17.51
STORE_1,FOODS_2_005,2207,17.51
STORE_1,FOODS_2_005,2208,17.51
STORE_1,FOODS_2_005,2209,17.51
STORE_1,FOODS_2_005,2210,17.51
STORE_1,FOODS_2_005,2211,17.51
STORE_1,FOODS_2_005,2212,17.51
STORE_1,FOODS_2_005,2213,17.51
STORE_1,FOODS_2_005,2214,17.51
STORE_1,FOODS_2_005,2215,17.51
STORE_1,FOODS_2_005,2216,17.51
STORE_1,FOODS_2_005,2217,17.51
STORE_1,FOODS_2_005,2218,17.51
STORE_1,FOODS_2_005,2219,17.51
STORE_1,FOODS_2_005,2220,22.38
STORE_1,FOODS_2_005,2221,22.38
STORE_1,FOODS_2_005,2222,22.38
STORE_1,FOODS_2_005,2223,22.38
STORE_1,FOODS_2_005,2224,22.38
STORE_1,FOODS_2_005,2225,22.38
STORE_1,FOODS_2_005,2226,22.38
STORE_1,FOODS_2_005,2227,22.38
STORE_1,FOODS_2_005,2228,22.38
STORE_1,FOODS_2_005,2229,22.38
STORE_1,FOODS_2_005,2230,22.38
STORE_1,FOODS_2_005,2231,22.38
STORE_1,FOODS_2_005,2232,22.38
STORE_1,FOODS_2_005,2233,23.0
STORE_1,FOODS_2_005,2234,23.0
STORE_1,FOODS_2_005,2235,23.0
STORE_1,FOODS_2_005,2236,23.0
STORE_1,FOODS_2_005,2237,23.0
STORE_1,FOODS_2_005,2238,23.0
STORE_1,FOODS_2_005,2239,23.0
STORE_1,FOODS_2_005,2240,23.0
STORE_1,FOODS_2_005,2241,23.0
STORE_1,FOODS_2_005,2242,23.0
STORE_1,FOODS_2_005,2243,23.0
STORE_1,FOODS_2_005,2244,23.0
STORE_1,FOODS_2_005,2245,23.0
STORE_1,FOODS_2_005,2246,23.0
STORE_1,FOODS_2_005,2247,23.0
STORE_1,FOODS_2_005,2248,23.0
STORE_1,FOODS_2_005,2249,23.0
STORE_1,FOODS_2_005,2250,23.0
STORE_1,FOODS_2_005,2251,23.0
STORE_1,FOODS_2_005,2352,23.0
STORE_1,FOODS_2_005,2301,23.0
STORE_1,FOODS_2_005,2302,23.0
STORE_1,FOODS_2_005,2303,23.0
STORE_1,FOODS_2_005,2304,21.98
STORE_1,FOODS_2_005,2305,21.98
STORE_1,FOODS_2_005,2306,21.98
STORE_1,FOODS_2_005,2307,21.98
STORE_1,FOODS_2_005,2308,21.98
STORE_1,FOODS_2_005,2309,21.98
STORE_1,FOODS_2_005,2310,21.98
STORE_1,FOODS_2_005,2311,21.98
STORE_1,FOODS_2_005,2312,21.98
STORE_1,FOODS_2_005,2313,21.98
STORE_1,FOODS_2_005,2314,21.98
STORE_1,FOODS_2_005,2315,21.98
STORE_1,FOODS_2_005,2316,21.98
STORE_1,FOODS_2_005,2317,21.98
STORE_1,FOODS_2_005,2318,24.37
STORE_1,FOODS_2_005,2319,19.76
STORE_1,FOODS_2_005,2320,19.76
STORE_1,FOODS_2_005,2321,19.76
STORE_1,FOODS_2_005,2322,19.76
STORE_1,FOODS_2_005,2323,19.76
STORE_1,FOODS_2_005,2324,19.76
STORE_1,FOODS_2_005,2325,24.66
STORE_1,FOODS_2_005,2326,24.66
STORE_1,FOODS_2_005,2327,24.66
STORE_1,FOODS_2_005,2328,24.66
STORE_1,FOODS_2_005,2329,24.66
STORE_1,FOODS_2_005,2330,24.66
STORE_1,FOODS_2_005,2331,24.66
STORE_1,FOODS_2_005,2332,24.66
STORE_1,FOODS_2_005,2333,24.66
STORE_1,FOODS_2_005,2334,24.66
STORE_1,FOODS_2_005,2335,24.66
STORE_1,FOODS_2_005,2336,24.66
STORE_1,FOODS_2_005,2337,24.66
STORE_1,FOODS_2_005,2338,24.66
STORE_1,FOODS_2_005,2339,24.66
STORE_1,FOODS_2_005,2340,24.66
STORE_1,FOODS_2_005,2341,24.66
STORE_1,FOODS_2_005,2342,24.66
STORE_1,FOODS_2_005,2343,24.66
STORE_1,FOODS_2_005,2344,24.66
STORE_1,FOODS_2_005,2345,24.66
STORE_1,FOODS_2_005,2346,24.66
STORE_1,FOODS_2_005,2347,24.66
STORE_1,FOODS_2_005,2348,24.66
STORE_1,FOODS_2_005,2349,24.66
STORE_1,FOODS_2_005,2350,24.66
STORE_1,FOODS_2_005,2351,24.66
STORE_1,FOODS_2_005,2401,24.66
STORE_1,FOODS_2_005,2402,24.66
STORE_1,FOODS_2_005,2403,24.66
STORE_1,FOODS_2_005,2404,24.66
STORE_1,FOODS_2_005,2405,24.66
STORE_1,FOODS_2_005,2406,24.66
STORE_1,FOODS_2_005,2407,24.66
STORE_1,FOODS_2_005,2408,24.66
STORE_1,FOODS_2_005,2409,24.66
STORE_1,FOODS_2_005,2410,24.66
STORE_1,FOODS_2_005,2411,24.66
STORE_1,FOODS_2_005,2412,24.66
STORE_1,FOODS_2_005,2413,24.66
STORE_1,FOODS_2_005,2414,24.66
STORE_1,FOODS_2_005,2415,24.66
STORE_1,FOODS_2_005,2416,24.66
STORE_1,FOODS_2_005,2417,24.66
STORE_1,FOODS_2_005,2418,24.66
STORE_1,FOODS_2_005,2419,24.66
STORE_1,FOODS_2_005,2420,24.66
STORE_1,FOODS_2_005,2421,20.44
STORE_1,FOODS_2_005,2422,20.44
STORE_1,FOODS_2_005,2423,20.44
STORE_1,FOODS_2_005,2424,20.44
STORE_1,FOODS_2_005,2425,20.44
STORE_1,FOODS_2_005,2426,20.44
STORE_1,FOODS_2_005,2427,20.44
STORE_1,FOODS_2_005,2428,20.44
STORE_1,FOODS_2_005,2429,20.44
STORE_1,FOODS_2_005,2430,20.44
STORE_1,FOODS_2_005,2431,20.44
STORE_1,FOODS_2_005,2432,20.44
STORE_1,FOODS_2_005,2433,20.44
STORE_1,FOODS_2_005,2434,20.44
STORE_1,FOODS_2_005,2435,20.44
STORE_1,FOODS_2_005,2436,20.44
STORE_1,FOODS_2_005,2437,20.44
STORE_1,FOODS_2_005,2438,20.44
STORE_1,FOODS_2_005,2439,20.44
STORE_1,FOODS_2_005,2440,20.44
STORE_1,FOODS_2_005,2441,20.44
STORE_1,FOODS_2_005,2442,20.44
STORE_1,FOODS_2_005,2443,20.44
STORE_1,FOODS_2_005,2444,20.44
STORE_1,FOODS_2_005,2445,20.44
STORE_1,FOODS_2_005,2446,20.44
STORE_1,FOODS_2_005,2447,20.44
STORE_1,FOODS_2_005,2448,20.44
STORE_1,FOODS_2_005,2449,20.44
STORE_1,FOODS_2_005,2450,20.44
STORE_1,FOODS_2_005,2451,20.44
STORE_1,FOODS_2_005,2452,20.44
STORE_1,FOODS_2_005,2501,20.44
STORE_1,FOODS_2_005,2502,20.44
STORE_1,FOODS_2_005,2503,20.44
STORE_1,FOODS_2_005,2504,20.44
STORE_1,FOODS_2_005,2505,20.44
STORE_1,FOODS_2_006,2252,40.19
STORE_1,FOODS_2_006,2201,40.19
STORE_1,FOODS_2_006,2202,40.19
STORE_1,FOODS_2_006,2203,40.19
STORE_1,FOODS_2_006,2204,40.19
STORE_1,FOODS_2_006,2205,40.19
STORE_1,FOODS_2_006,2206,40.19
STORE_1,FOODS_2_006,2207,40.19
STORE_1,FOODS_2_006,2208,40.19
STORE_1,FOODS_2_006,2209,40.19
STORE_1,FOODS_2_006,2210,40.19
STORE_1,FOODS_2_006,2211,40.19
STORE_1,FOODS_2_006,2212,40.19
STORE_1,FOODS_2_006,2213,40.19
STORE_1,FOODS_2_006,2214,40.19
STORE_1,FOODS_2_006,2215,40.19
STORE_1,FOODS_2_006,2216,40.19
STORE_1,FOODS_2_006,2217,40.19
STORE_1,FOODS_2_006,2218,40.19
STORE_1,FOODS_2_006,2219,40.19
STORE_1,FOODS_2_006,2220,40.19
STORE_1,FOODS_2_006,2221,40.19
STORE_1,FOODS_2_006,2222,40.19
STORE_1,FOODS_2_006,2223,40.19
STORE_1,FOODS_2_006,2224,31.67
STORE_1,FOODS_2_006,2225,31.67
STORE_1,FOODS_2_006,2226,31.67
STORE_1,FOODS_2_006,2227,31.67
STORE_1,FOODS_2_006,2228,31.67
STORE_1,FOODS_2_006,2229,31.67
STORE_1,FOODS_2_006,2230,31.67
STORE_1,FOODS_2_006,2231,31.67
STORE_1,FOODS_2_006,2232,31.67
STORE_1,FOODS_2_006,2233,31.67
STORE_1,FOODS_2_006,2234,31.67
STORE_1,FOODS_2_006,2235,31.67
STORE_1,FOODS_2_006,2236,31.67
STORE_1,FOODS_2_006,2237,31.67
STORE_1,FOODS_2_006,2238,31.67
STORE_1,FOODS_2_006,2239,31.67
STORE_1,FOODS_2_006,2240,31.67
STORE_1,FOODS_2_006,2241,31.67
STORE_1,FOODS_2_006,2242,31.67
STORE_1,FOODS_2_006,2243,31.67
STORE_1,FOODS_2_006,2244,31.67
STORE_1,FOODS_2_006,2245,31.67
STORE_1,FOODS_2_006,2246,31.67
STORE_1,FOODS_2_006,2247,31.67
STORE_1,FOODS_2_006,2248,31.67
STORE_1,FOODS_2_006,2249,31.67
STORE_1,FOODS_2_006,2250,31.67
STORE_1,FOODS_2_006,2251,31.67
STORE_1,FOODS_2_006,2352,31.67
STORE_1,FOODS_2_006,2301,31.67
STORE_1,FOODS_2_006,2302,31.67
STORE_1,FOODS_2_006,2303,31.67
STORE_1,FOODS_2_006,2304,31.67
STORE_1,FOODS_2_006,2305,31.67
STORE_1,FOODS_2_006,2306,31.67
STORE_1,FOODS_2_006,2307,31.67
STORE_1,FOODS_2_006,2308,31.67
STORE_1,FOODS_2_006,2309,31.67
STORE_1,FOODS_2_006,2310,31.67
STORE_1,FOODS_2_006,2311,31.67
STORE_1,FOODS_2_006,2312,31.67
STORE_1,FOODS_2_006,2313,31.67
STORE_1,FOODS_2_006,2314,31.67
STORE_1,FOODS_2_006,2315,31.67
STORE_1,FOODS_2_006,2316,31.67
STORE_1,FOODS_2_006,2317,31.67
STORE_1,FOODS_2_006,2318,31.67
STORE_1,FOODS_2_006,2319,31.67
STORE_1,FOODS_2_006,2320,31.67
STORE_1,FOODS_2_006,2321,31.67
STORE_1,FOODS_2_006,2322,31.67
STORE_1,FOODS_2_006,2323,31.67
STORE_1,FOODS_2_006,2324,31.67
STORE_1,FOODS_2_006,2325,31.67
STORE_1,FOODS_2_006,2326,31.67
STORE_1,FOODS_2_006,2327,31.67
STORE_1,FOODS_2_006,2328,31.67
STORE_1,FOODS_2_006,2329,31.67
STORE_1,FOODS_2_006,2330,31.67
STORE_1,FOODS_2_006,2331,31.67
STORE_1,FOODS_2_006,2332,31.67
STORE_1,FOODS_2_006,2333,31.67
STORE_1,FOODS_2_006,2334,31.67
STORE_1,FOODS_2_006,2335,31.67
STORE_1,FOODS_2_006,2336,31.67
STORE_1,FOODS_2_006,2337,31.67
STORE_1,FOODS_2_006,2338,31.67
STORE_1,FOODS_2_006,2339,31.67
STORE_1,FOODS_2_006,2340,31.67
STORE_1,FOODS_2_006,2341,31.67
STORE_1,FOODS_2_006,2342,31.67
STORE_1,FOODS_2_006,2343,31.67
STORE_1,FOODS_2_006,2344,31.67
STORE_1,FOODS_2_006,2345,31.67
STORE_1,FOODS_2_006,2346,31.67
STORE_1,FOODS_2_006,2347,31.67
STORE_1,FOODS_2_006,2348,31.67
STORE_1,FOODS_2_006,2349,31.67
STORE_1,FOODS_2_006,2350,36.68
STORE_1,FOODS_2_006,2351,36.68
STORE_1,FOODS_2_006,2401,36.68
STORE_1,FOODS_2_006,2402,36.68
STORE_1,FOODS_2_006,2403,36.68
STORE_1,FOODS_2_006,2404,36.68
STORE_1,FOODS_2_006,2405,36.68
STORE_1,FOODS_2_006,2406,36.68
STORE_1,FOODS_2_006,2407,36.68
STORE_1,FOODS_2_006,2408,36.68
STORE_1,FOODS_2_006,2409,36.68
STORE_1,FOODS_2_006,2410,36.68
STORE_1,FOODS_2_006,2411,36.68
STORE_1,FOODS_2_006,2412,36.68
STORE_1,FOODS_2_006,2413,36.68
STORE_1,FOODS_2_006,2414,36.68
STORE_1,FOODS_2_006,2415,36.68
STORE_1,FOODS_2_006,2416,36.68
STORE_1,FOODS_2_006,2417,36.68
STORE_1,FOODS_2_006,2418,36.68
STORE_1,FOODS_2_006,2419,36.68
STORE_1,FOODS_2_006,2420,36.68
STORE_1,FOODS_2_006,2421,36.68
STORE_1,FOODS_2_006,2422,36.68
STORE_1,FOODS_2_006,2423,36.68
STORE_1,FOODS_2_006,2424,36.68
STORE_1,FOODS_2_006,2425,36.68
STORE_1,FOODS_2_006,2426,36.68
STORE_1,FOODS_2_006,2427,36.68
STORE_1,FOODS_2_006,2428,36.68
STORE_1,FOODS_2_006,2429,36.68
STORE_1,FOODS_2_006,2430,36.68
STORE_1,FOODS_2_006,2431,36.68
STORE_1,FOODS_2_006,2432,36.68
STORE_1,FOODS_2_006,2433,36.68
STORE_1,FOODS_2_006,2434,36.68
STORE_1,FOODS_2_006,2435,36.68
STORE_1,FOODS_2_006,2436,36.68
STORE_1,FOODS_2_006,2437,36.68
STORE_1,FOODS_2_006,2438,36.68
STORE_1,FOODS_2_006,2439,36.68
STORE_1,FOODS_2_006,2440,36.68
STORE_1,FOODS_2_006,2441,36.68
STORE_1,FOODS_2_006,2442,36.68
STORE_1,FOODS_2_006,2443,36.68
STORE_1,FOODS_2_006,2444,36.68
STORE_1,FOODS_2_006,2445,36.68
STORE_1,FOODS_2_006,2446,36.68
STORE_1,FOODS_2_006,2447,36.68
STORE_1,FOODS_2_006,2448,36.68
STORE_1,FOODS_2_006,2449,36.68
STORE_1,FOODS_2_006,2450,36.68
STORE_1,FOODS_2_006,2451,36.68
STORE_1,FOODS_2_006,2452,36.68
STORE_1,FOODS_2_006,2501,36.68
STORE_1,FOODS_2_006,2502,36.68
STORE_1,FOODS_2_006,2503,36.68
STORE_1,FOODS_2_006,2504,36.68
STORE_1,FOODS_2_006,2505,36.68
STORE_1,FOODS_2_007,2252,3.42
STORE_1,FOODS_2_007,2201,3.25
STORE_1,FOODS_2_007,2202,3.25
STORE_1,FOODS_2_007,2203,3.25
STORE_1,FOODS_2_007,2204,3.25
STORE_1,FOODS_2_007,2205,3.25
STORE_1,FOODS_2_007,2206,3.25
STORE_1,FOODS_2_007,2207,3.09
STORE_1,FOODS_2_007,2208,3.09
STORE_1,FOODS_2_007,2209,3.09
STORE_1,FOODS_2_007,2210,3.51
STORE_1,FOODS_2_007,2211,3.51
STORE_1,FOODS_2_007,2212,3.51
STORE_1,FOODS_2_007,2213,3.51
STORE_1,FOODS_2_007,2214,3.51
STORE_1,FOODS_2_007,2215,3.51
STORE_1,FOODS_2_007,2216,3.51
STORE_1,FOODS_2_007,2217,3.51
STORE_1,FOODS_2_007,2218,3.81
STORE_1,FOODS_2_007,2219,3.81
STORE_1,FOODS_2_007,2220,3.81
STORE_1,FOODS_2_007,2221,3.81
STORE_1,FOODS_2_007,2222,3.81
STORE_1,FOODS_2_007,2223,3.81
STORE_1,FOODS_2_007,2224,3.81
STORE_1,FOODS_2_007,2225,3.81
STORE_1,FOODS_2_007,2226,3.81
STORE_1,FOODS_2_007,2227,3.81
STORE_1,FOODS_2_007,2228,3.12
STORE_1,FOODS_2_007,2229,3.12
STORE_1,FOODS_2_007,2230,3.12
STORE_1,FOODS_2_007,2231,3.12
STORE_1,FOODS_2_007,2232,3.12
STORE_1,FOODS_2_007,2233,3.12
STORE_1,FOODS_2_007,2234,3.12
STORE_1,FOODS_2_007,2235,3.12
STORE_1,FOODS_2_007,2236,3.12
STORE_1,FOODS_2_007,2237,3.12
STORE_1,FOODS_2_007,2238,3.12
STORE_1,FOODS_2_007,2239,3.12
STORE_1,FOODS_2_007,2240,3.12
STORE_1,FOODS_2_007,2241,3.12
STORE_1,FOODS_2_007,2242,3.12
STORE_1,FOODS_2_007,2243,3.12
STORE_1,FOODS_2_007,2244,3.12
STORE_1,FOODS_2_007,2245,3.12
STORE_1,FOODS_2_007,2246,3.12
STORE_1,FOODS_2_007,2247,3.12
STORE_1,FOODS_2_007,2248,3.12
STORE_1,FOODS_2_007,2249,3.12
STORE_1,FOODS_2_007,2250,3.12
STORE_1,FOODS_2_007,2251,3.12
STORE_1,FOODS_2_007,2352,3.12
STORE_1,FOODS_2_007,2301,3.12
STORE_1,FOODS_2_007,2302,3.12
STORE_1,FOODS_2_007,2303,3.12
STORE_1,FOODS_2_007,2304,3.12
STORE_1,FOODS_2_007,2305,3.12
STORE_1,FOODS_2_007,2306,3.12
STORE_1,FOODS_2_007,2307,3.12
STORE_1,FOODS_2_007,2308,3.12
STORE_1,FOODS_2_007,2309,3.12
STORE_1,FOODS_2_007,2310,3.12
STORE_1,FOODS_2_007,2311,3.12
STORE_1,FOODS_2_007,2312,3.12
STORE_1,FOODS_2_007,2313,3.12
STORE_1,FOODS_2_007,2314,3.12
STORE_1,FOODS_2_007,2315,3.12
STORE_1,FOODS_2_007,2316,3.12
STORE_1,FOODS_2_007,2317,3.12
STORE_1,FOODS_2_007,2318,3.12
STORE_1,FOODS_2_007,2319,3.12
STORE_1,FOODS_2_007,2320,3.12
STORE_1,FOODS_2_007,2321,3.12
STORE_1,FOODS_2_007,2322,3.12
STORE_1,FOODS_2_007,2323,3.12
STORE_1,FOODS_2_007,2324,3.12
STORE_1,FOODS_2_007,2325,3.12
STORE_1,FOODS_2_007,2326,3.12
STORE_1,FOODS_2_007,2327,3.12
STORE_1,FOODS_2_007,2328,3.12
STORE_1,FOODS_2_007,2329,3.12
STORE_1,FOODS_2_007,2330,3.02
STORE_1,FOODS_2_007,2331,3.02
STORE_1,FOODS_2_007,2332,3.02
STORE_1,FOODS_2_007,2333,3.02
STORE_1,FOODS_2_007,2334,3.02
STORE_1,FOODS_2_007,2335,3.02
STORE_1,FOODS_2_007,2336,3.02
STORE_1,FOODS_2_007,2337,3.02
STORE_1,FOODS_2_007,2338,3.02
STORE_1,FOODS_2_007,2339,3.57
STORE_1,FOODS_2_007,2340,3.57
STORE_1,FOODS_2_007,2341,3.57
STORE_1,FOODS_2_007,2342,3.57
STORE_1,FOODS_2_007,2343,3.57
STORE_1,FOODS_2_007,2344,3.57
STORE_1,FOODS_2_007,2345,3.57
STORE_1,FOODS_2_007,2346,3.57
STORE_1,FOODS_2_007,2347,3.57
STORE_1,FOODS_2_007,2348,3.57
STORE_1,FOODS_2_007,2349,3.57
STORE_1,FOODS_2_007,2350,3.57
STORE_1,FOODS_2_007,2351,3.57
STORE_1,FOODS_2_007,2401,3.57
STORE_1,FOODS_2_007,2402,3.57
STORE_1,FOODS_2_007,2403,2.83
STORE_1,FOODS_2_007,2404,2.83
STORE_1,FOODS_2_007,2405,2.83
STORE_1,FOODS_2_007,2406,2.83
STORE_1,FOODS_2_007,2407,2.83
STORE_1,FOODS_2_007,2408,2.83
STORE_1,FOODS_2_007,2409,2.83
STORE_1,FOODS_2_007,2410,2.83
STORE_1,FOODS_2_007,2411,3.2
STORE_1,FOODS_2_007,2412,3.2
STORE_1,FOODS_2_007,2413,3.2
STORE_1,FOODS_2_007,2414,3.2
STORE_1,FOODS_2_007,2415,3.2
STORE_1,FOODS_2_007,2416,3.2
STORE_1,FOODS_2_007,2417,3.2
STORE_1,FOODS_2_007,2418,3.2
STORE_1,FOODS_2_007,2419,3.2
STORE_1,FOODS_2_007,2420,3.2
STORE_1,FOODS_2_007,2421,3.2
STORE_1,FOODS_2_007,2422,3.2
STORE_1,FOODS_2_007,2423,3.2
STORE_1,FOODS_2_007,2424,3.2
STORE_1,FOODS_2_007,2425,3.2
STORE_1,FOODS_2_007,2426,3.2
STORE_1,FOODS_2_007,2427,3.2
STORE_1,FOODS_2_007,2428,3.2
STORE_1,FOODS_2_007,2429,3.2
STORE_1,FOODS_2_007,2430,3.2
STORE_1,FOODS_2_007,2431,3.2
STORE_1,FOODS_2_007,2432,3.2
STORE_1,FOODS_2_007,2433,3.2
STORE_1,FOODS_2_007,2434,3.05
STORE_1,FOODS_2_007,2435,3.05
STORE_1,FOODS_2_007,2436,3.05
STORE_1,FOODS_2_007,2437,3.05
STORE_1,FOODS_2_007,2438,3.05
STORE_1,FOODS_2_007,2439,3.05
STORE_1,FOODS_2_007,2440,3.05
STORE_1,FOODS_2_007,2441,3.05
STORE_1,FOODS_2_007,2442,3.05
STORE_1,FOODS_2_007,2443,3.05
STORE_1,FOODS_2_007,2444,3.05
STORE_1,FOODS_2_007,2445,3.05
STORE_1,FOODS_2_007,2446,3.05
STORE_1,FOODS_2_007,2447,3.05
STORE_1,FOODS_2_007,2448,3.05
STORE_1,FOODS_2_007,2449,3.05
STORE_1,FOODS_2_007,2450,3.05
STORE_1,FOODS_2_007,2451,3.05
STORE_1,FOODS_2_007,2452,3.05
STORE_1,FOODS_2_007,2501,3.05
STORE_1,FOODS_2_007,2502,3.05
STORE_1,FOODS_2_007,2503,3.05
STORE_1,FOODS_2_007,2504,3.05
STORE_1,FOODS_2_007,2505,2.74
STORE_1,FOODS_2_008,2252,43.29
STORE_1,FOODS_2_008,2201,43.29
STORE_1,FOODS_2_008,2202,43.29
STORE_1,FOODS_2_008,2203,43.29
STORE_1,FOODS_2_008,2204,43.29
STORE_1,FOODS_2_008,2205,43.29
STORE_1,FOODS_2_008,2206,43.29
STORE_1,FOODS_2_008,2207,43.29
STORE_1,FOODS_2_008,2208,43.2
STORE_1,FOODS_2_008,2209,43.2
STORE_1,FOODS_2_008,2210,43.2
STORE_1,FOODS_2_008,2211,43.2
STORE_1,FOODS_2_008,2212,43.2
STORE_1,FOODS_2_008,2213,43.2
STORE_1,FOODS_2_008,2214,43.2
STORE_1,FOODS_2_008,2215,43.2
STORE_1,FOODS_2_008,2216,43.2
STORE_1,FOODS_2_008,2217,43.2
STORE_1,FOODS_2_008,2218,43.2
STORE_1,FOODS_2_008,2219,43.2
STORE_1,FOODS_2_008,2220,43.2
STORE_1,FOODS_2_008,2221,43.2
STORE_1,FOODS_2_008,2222,43.2
STORE_1,FOODS_2_008,2223,43.2
STORE_1,FOODS_2_008,2224,43.2
STORE_1,FOODS_2_008,2225,43.2
STORE_1,FOODS_2_008,2226,43.2
STORE_1,FOODS_2_008,2227,43.2
STORE_1,FOODS_2_008,2228,43.2
STORE_1,FOODS_2_008,2229,32.9
STORE_1,FOODS_2_008,2230,32.9
STORE_1,FOODS_2_008,2231,32.9
STORE_1,FOODS_2_008,2232,32.9
STORE_1,FOODS_2_008,2233,32.9
STORE_1,FOODS_2_008,2234,32.9
STORE_1,FOODS_2_008,2235,32.9
STORE_1,FOODS_2_008,2236,32.9
STORE_1,FOODS_2_008,2237,32.9
STORE_1,FOODS_2_008,2238,32.9
STORE_1,FOODS_2_008,2239,32.9
STORE_1,FOODS_2_008,2240,32.9
STORE_1,FOODS_2_008,2241,32.9
STORE_1,FOODS_2_008,2242,32.9
STORE_1,FOODS_2_008,2243,32.9
STORE_1,FOODS_2_008,2244,32.9
STORE_1,FOODS_2_008,2245,32.9
STORE_1,FOODS_2_008,2246,32.9
STORE_1,FOODS_2_008,2247,32.9
STORE_1,FOODS_2_008,2248,32.9
STORE_1,FOODS_2_008,2249,32.9
STORE_1,FOODS_2_008,2250,32.9
STORE_1,FOODS_2_008,2251,32.9
STORE_1,FOODS_2_008,2352,32.9
STORE_1,FOODS_2_008,2301,32.9
STORE_1,FOODS_2_008,2302,32.9
STORE_1,FOODS_2_008,2303,32.9
STORE_1,FOODS_2_008,2304,32.9
STORE_1,FOODS_2_008,2305,32.9
STORE_1,FOODS_2_008,2306,32.9
STORE_1,FOODS_2_008,2307,32.9
STORE_1,FOODS_2_008,2308,32.9
STORE_1,FOODS_2_008,2309,32.9
STORE_1,FOODS_2_008,2310,32.9
STORE_1,FOODS_2_008,2311,32.9
STORE_1,FOODS_2_008,2312,32.9
STORE_1,FOODS_2_008,2313,32.9
STORE_1,FOODS_2_008,2314,32.9
STORE_1,FOODS_2_008,2315,32.9
STORE_1,FOODS_2_008,2316,32.9
STORE_1,FOODS_2_008,2317,32.9
STORE_1,FOODS_2_008,2318,32.9
STORE_1,FOODS_2_008,2319,41.51
STORE_1,FOODS_2_008,2320,41.51
STORE_1,FOODS_2_008,2321,41.51
STORE_1,FOODS_2_008,2322,41.51
STORE_1,FOODS_2_008,2323,41.51
STORE_1,FOODS_2_008,2324,41.51
STORE_1,FOODS_2_008,2325,41.51
STORE_1,FOODS_2_008,2326,41.51
STORE_1,FOODS_2_008,2327,41.51
STORE_1,FOODS_2_008,2328,41.51
STORE_1,FOODS_2_008,2329,41.51
STORE_1,FOODS_2_008,2330,41.51
STORE_1,FOODS_2_008,2331,41.51
STORE_1,FOODS_2_008,2332,41.51
STORE_1,FOODS_2_008,2333,41.51
STORE_1,FOODS_2_008,2334,41.51
STORE_1,FOODS_2_008,2335,41.51
STORE_1,FOODS_2_008,2336,41.51
STORE_1,FOODS_2_008,2337,41.51
STORE_1,FOODS_2_008,2338,41.51
STORE_1,FOODS_2_008,2339,41.51
STORE_1,FOODS_2_008,2340,41.51
STORE_1,FOODS_2_008,2341,37.2
STORE_1,FOODS_2_008,2342,37.2
STORE_1,FOODS_2_008,2343,37.2
STORE_1,FOODS_2_008,2344,37.2
STORE_1,FOODS_2_008,2345,37.2
STORE_1,FOODS_2_008,2346,37.2
STORE_1,FOODS_2_008,2347,37.2
STORE_1,FOODS_2_008,2348,37.2
STORE_1,FOODS_2_008,2349,37.2
STORE_1,FOODS_2_008,2350,37.2
STORE_1,FOODS_2_008,2351,37.2
STORE_1,FOODS_2_008,2401,37.2
STORE_1,FOODS_2_008,2402,37.2
STORE_1,FOODS_2_008,2403,37.2
STORE_1,FOODS_2_008,2404,32.51
STORE_1,FOODS_2_008,2405,32.51
STORE_1,FOODS_2_008,2406,32.51
STORE_1,FOODS_2_008,2407,32.51
STORE_1,FOODS_2_008,2408,32.51
STORE_1,FOODS_2_008,2409,32.51
STORE_1,FOODS_2_008,2410,32.51
STORE_1,FOODS_2_008,2411,32.51
STORE_1,FOODS_2_008,2412,32.51
STORE_1,FOODS_2_008,2413,32.51
STORE_1,FOODS_2_008,2414,32.51
STORE_1,FOODS_2_008,2415,37.8
STORE_1,FOODS_2_008,2416,37.8
STORE_1,FOODS_2_008,2417,37.8
STORE_1,FOODS_2_008,2418,37.8
STORE_1,FOODS_2_008,2419,37.8
STORE_1,FOODS_2_008,2420,37.8
STORE_1,FOODS_2_008,2421,37.8
STORE_1,FOODS_2_008,2422,37.8
STORE_1,FOODS_2_008,2423,37.8
STORE_1,FOODS_2_008,2424,37.8
STORE_1,FOODS_2_008,2425,37.8
STORE_1,FOODS_2_008,2426,37.8
STORE_1,FOODS_2_008,2427,37.8
STORE_1,FOODS_2_008,2428,37.8
STORE_1,FOODS_2_008,2429,37.8
STORE_1,FOODS_2_008,2430,37.8
STORE_1,FOODS_2_008,2431,37.8
STORE_1,FOODS_2_008,2432,37.8
STORE_1,FOODS_2_008,2433,37.8
STORE_1,FOODS_2_008,2434,47.05
STORE_1,FOODS_2_008,2435,47.05
STORE_1,FOODS_2_008,2436,47.05
STORE_1,FOODS_2_008,2437,47.05
STORE_1,FOODS_2_008,2438,47.05
STORE_1,FOODS_2_008,2439,47.05
STORE_1,FOODS_2_008,2440,47.05
STORE_1,FOODS_2_008,2441,47.05
STORE_1,FOODS_2_008,2442,47.05
STORE_1,FOODS_2_008,2443,47.05
STORE_1,FOODS_2_008,2444,47.05
STORE_1,FOODS_2_008,2445,47.05
STORE_1,FOODS_2_008,2446,47.05
STORE_1,FOODS_2_008,2447,47.05
STORE_1,FOODS_2_008,2448,47.05
STORE_1,FOODS_2_008,2449,47.05
STORE_1,FOODS_2_008,2450,47.05
STORE_1,FOODS_2_008,2451,47.05
STORE_1,FOODS_2_008,2452,47.05
STORE_1,FOODS_2_008,2501,47.05
STORE_1,FOODS_2_008,2502,47.05
STORE_1,FOODS_2_008,2503,47.05
STORE_1,FOODS_2_008,2504,47.05
STORE_1,FOODS_2_008,2505,47.05
STORE_1,HOBBIES_1_001,2252,30.75
STORE_1,HOBBIES_1_001,2201,30.75
STORE_1,HOBBIES_1_001,2202,30.75
STORE_1,HOBBIES_1_001,2203,30.75
STORE_1,HOBBIES_1_001,2204,30.75
STORE_1,HOBBIES_1_001,2205,30.75
STORE_1,HOBBIES_1_001,2206,30.75
STORE_1,HOBBIES_1_001,2207,30.75
STORE_1,HOBBIES_1_001,2208,30.75
STORE_1,HOBBIES_1_001,2209,30.75
STORE_1,HOBBIES_1_001,2210,30.75
STORE_1,HOBBIES_1_001,2211,30.75
STORE_1,HOBBIES_1_001,2212,30.75
STORE_1,HOBBIES_1_001,2213,30.75
STORE_1,HOBBIES_1_001,2214,30.75
STORE_1,HOBBIES_1_001,2215,30.75
STORE_1,HOBBIES_1_001,2216,30.75
STORE_1,HOBBIES_1_001,2217,30.75
STORE_1,HOBBIES_1_001,2218,30.75
STORE_1,HOBBIES_1_001,2219,30.75
STORE_1,HOBBIES_1_001,2220,30.75
STORE_1,HOBBIES_1_001,2221,30.75
STORE_1,HOBBIES_1_001,2222,30.75
STORE_1,HOBBIES_1_001,2223,30.75
STORE_1,HOBBIES_1_001,2224,30.75
STORE_1,HOBBIES_1_001,2225,30.75
STORE_1,HOBBIES_1_001,2226,28.66
STORE_1,HOBBIES_1_001,2227,28.66
STORE_1,HOBBIES_1_001,2228,28.66
STORE_1,HOBBIES_1_001,2229,28.66
STORE_1,HOBBIES_1_001,2230,28.66
STORE_1,HOBBIES_1_001,2231,28.66
STORE_1,HOBBIES_1_001,2232,28.66
STORE_1,HOBBIES_1_001,2233,28.66
STORE_1,HOBBIES_1_001,2234,28.66
STORE_1,HOBBIES_1_001,2235,28.66
STORE_1,HOBBIES_1_001,2236,28.66
STORE_1,HOBBIES_1_001,2237,28.66
STORE_1,HOBBIES_1_001,2238,28.66
STORE_1,HOBBIES_1_001,2239,28.66
STORE_1,HOBBIES_1_001,2240,28.66
STORE_1,HOBBIES_1_001,2241,28.66
STORE_1,HOBBIES_1_001,2242,28.66
STORE_1,HOBBIES_1_001,2243,28.66
STORE_1,HOBBIES_1_001,2244,28.66
STORE_1,HOBBIES_1_001,2245,28.66
STORE_1,HOBBIES_1_001,2246,28.66
STORE_1,HOBBIES_1_001,2247,28.66
STORE_1,HOBBIES_1_001,2248,28.66
STORE_1,HOBBIES_1_001,2249,28.66
STORE_1,HOBBIES_1_001,2250,28.66
STORE_1,HOBBIES_1_001,2251,28.66
STORE_1,HOBBIES_1_001,2352,28.66
STORE_1,HOBBIES_1_001,2301,28.66
STORE_1,HOBBIES_1_001,2302,28.66
STORE_1,HOBBIES_1_001,2303,28.66
STORE_1,HOBBIES_1_001,2304,28.66
STORE_1,HOBBIES_1_001,2305,28.66
STORE_1,HOBBIES_1_001,2306,28.66
STORE_1,HOBBIES_1_001,2307,28.66
STORE_1,HOBBIES_1_001,2308,28.66
STORE_1,HOBBIES_1_001,2309,28.66
STORE_1,HOBBIES_1_001,2310,28.66
STORE_1,HOBBIES_1_001,2311,28.66
STORE_1,HOBBIES_1_001,2312,28.66
STORE_1,HOBBIES_1_001,2313,28.66
STORE_1,HOBBIES_1_001,2314,35.24
STORE_1,HOBBIES_1_001,2315,35.24
STORE_1,HOBBIES_1_001,2316,35.24
STORE_1,HOBBIES_1_001,2317,35.24
STORE_1,HOBBIES_1_001,2318,35.24
STORE_1,HOBBIES_1_001,2319,35.24
STORE_1,HOBBIES_1_001,2320,35.24
STORE_1,HOBBIES_1_001,2321,35.24
STORE_1,HOBBIES_1_001,2322,35.24
STORE_1,HOBBIES_1_001,2323,35.24
STORE_1,HOBBIES_1_001,2324,31.37
STORE_1,HOBBIES_1_001,2325,31.37
STORE_1,HOBBIES_1_001,2326,31.37
STORE_1,HOBBIES_1_001,2327,31.37
STORE_1,HOBBIES_1_001,2328,31.37
STORE_1,HOBBIES_1_001,2329,31.72
STORE_1,HOBBIES_1_001,2330,31.72
STORE_1,HOBBIES_1_001,2331,31.72
STORE_1,HOBBIES_1_001,2332,31.72
STORE_1,HOBBIES_1_001,2333,31.72
STORE_1,HOBBIES_1_001,2334,31.72
STORE_1,HOBBIES_1_001,2335,31.72
STORE_1,HOBBIES_1_001,2336,31.72
STORE_1,HOBBIES_1_001,2337,29.87
STORE_1,HOBBIES_1_001,2338,29.87
STORE_1,HOBBIES_1_001,2339,29.87
STORE_1,HOBBIES_1_001,2340,29.87
STORE_1,HOBBIES_1_001,2341,29.87
STORE_1,HOBBIES_1_001,2342,29.87
STORE_1,HOBBIES_1_001,2343,29.87
STORE_1,HOBBIES_1_001,2344,29.87
STORE_1,HOBBIES_1_001,2345,29.87
STORE_1,HOBBIES_1_001,2346,29.87
STORE_1,HOBBIES_1_001,2347,29.87
STORE_1,HOBBIES_1_001,2348,29.87
STORE_1,HOBBIES_1_001,2349,29.87
STORE_1,HOBBIES_1_001,2350,29.87
STORE_1,HOBBIES_1_001,2351,29.87
STORE_1,HOBBIES_1_001,2401,29.87
STORE_1,HOBBIES_1_001,2402,29.87
STORE_1,HOBBIES_1_001,2403,29.87
STORE_1,HOBBIES_1_001,2404,29.87
STORE_1,HOBBIES_1_001,2405,29.87
STORE_1,HOBBIES_1_001,2406,29.87
STORE_1,HOBBIES_1_001,2407,29.87
STORE_1,HOBBIES_1_001,2408,29.87
STORE_1,HOBBIES_1_001,2409,29.87
STORE_1,HOBBIES_1_001,2410,29.87
STORE_1,HOBBIES_1_001,2411,29.87
STORE_1,HOBBIES_1_001,2412,29.87
STORE_1,HOBBIES_1_001,2413,29.87
STORE_1,HOBBIES_1_001,2414,29.87
STORE_1,HOBBIES_1_001,2415,29.87
STORE_1,HOBBIES_1_001,2416,29.87
STORE_1,HOBBIES_1_001,2417,29.87
STORE_1,HOBBIES_1_001,2418,29.87
STORE_1,HOBBIES_1_001,2419,29.87
STORE_1,HOBBIES_1_001,2420,29.87
STORE_1,HOBBIES_1_001,2421,29.87
STORE_1,HOBBIES_1_001,2422,29.87
STORE_1,HOBBIES_1_001,2423,29.87
STORE_1,HOBBIES_1_001,2424,29.87
STORE_1,HOBBIES_1_001,2425,29.87
STORE_1,HOBBIES_1_001,2426,29.87
STORE_1,HOBBIES_1_001,2427,29.87
STORE_1,HOBBIES_1_001,2428,29.87
STORE_1,HOBBIES_1_001,2429,29.87
STORE_1,HOBBIES_1_001,2430,29.87
STORE_1,HOBBIES_1_001,2431,29.87
STORE_1,HOBBIES_1_001,2432,29.87
STORE_1,HOBBIES_1_001,2433,29.87
STORE_1,HOBBIES_1_001,2434,29.87
STORE_1,HOBBIES_1_001,2435,29.87
STORE_1,HOBBIES_1_001,2436,29.87
STORE_1,HOBBIES_1_001,2437,29.87
STORE_1,HOBBIES_1_001,2438,29.87
STORE_1,HOBBIES_1_001,2439,29.87
STORE_1,HOBBIES_1_001,2440,29.87
STORE_1,HOBBIES_1_001,2441,29.87
STORE_1,HOBBIES_1_001,2442,29.87
STORE_1,HOBBIES_1_001,2443,29.87
STORE_1,HOBBIES_1_001,2444,29.87
STORE_1,HOBBIES_1_001,2445,29.87
STORE_1,HOBBIES_1_001,2446,29.87
STORE_1,HOBBIES_1_001,2447,29.87
STORE_1,HOBBIES_1_001,2448,29.87
STORE_1,HOBBIES_1_001,2449,29.87
STORE_1,HOBBIES_1_001,2450,29.87
STORE_1,HOBBIES_1_001,2451,29.87
STORE_1,HOBBIES_1_001,2452,29.87
STORE_1,HOBBIES_1_001,2501,29.87
STORE_1,HOBBIES_1_001,2502,29.87
STORE_1,HOBBIES_1_001,2503,29.87
STORE_1,HOBBIES_1_001,2504,29.87
STORE_1,HOBBIES_1_001,2505,29.87
STORE_1,HOBBIES_1_002,2252,22.2
STORE_1,HOBBIES_1_002,2201,20.86
STORE_1,HOBBIES_1_002,2202,19.07
STORE_1,HOBBIES_1_002,2203,19.07
STORE_1,HOBBIES_1_002,2204,19.07
STORE_1,HOBBIES_1_002,2205,19.07
STORE_1,HOBBIES_1_002,2206,19.07
STORE_1,HOBBIES_1_002,2207,19.07
STORE_1,HOBBIES_1_002,2208,19.07
STORE_1,HOBBIES_1_002,2209,19.07
STORE_1,HOBBIES_1_002,2210,19.07
STORE_1,HOBBIES_1_002,2211,19.07
STORE_1,HOBBIES_1_002,2212,19.07
STORE_1,HOBBIES_1_002,2213,19.07
STORE_1,HOBBIES_1_002,2214,19.07
STORE_1,HOBBIES_1_002,2215,19.07
STORE_1,HOBBIES_1_002,2216,19.07
STORE_1,HOBBIES_1_002,2217,19.07
STORE_1,HOBBIES_1_002,2218,19.07
STORE_1,HOBBIES_1_002,2219,19.07
STORE_1,HOBBIES_1_002,2220,19.07
STORE_1,HOBBIES_1_002,2221,19.07
STORE_1,HOBBIES_1_002,2222,19.07
STORE_1,HOBBIES_1_002,2223,19.07
STORE_1,HOBBIES_1_002,2224,19.07
STORE_1,HOBBIES_1_002,2225,19.07
STORE_1,HOBBIES_1_002,2226,19.07
STORE_1,HOBBIES_1_002,2227,19.07
STORE_1,HOBBIES_1_002,2228,19.07
STORE_1,HOBBIES_1_002,2229,19.07
STORE_1,HOBBIES_1_002,2230,19.15
STORE_1,HOBBIES_1_002,2231,19.15
STORE_1,HOBBIES_1_002,2232,19.15
STORE_1,HOBBIES_1_002,2233,19.15
STORE_1,HOBBIES_1_002,2234,19.15
STORE_1,HOBBIES_1_002,2235,19.15
STORE_1,HOBBIES_1_002,2236,19.15
STORE_1,HOBBIES_1_002,2237,19.15
STORE_1,HOBBIES_1_002,2238,19.15
STORE_1,HOBBIES_1_002,2239,19.15
STORE_1,HOBBIES_1_002,2240,19.15
STORE_1,HOBBIES_1_002,2241,19.15
STORE_1,HOBBIES_1_002,2242,19.15
STORE_1,HOBBIES_1_002,2243,19.15
STORE_1,HOBBIES_1_002,2244,19.15
STORE_1,HOBBIES_1_002,2245,19.15
STORE_1,HOBBIES_1_002,2246,19.15
STORE_1,HOBBIES_1_002,2247,19.15
STORE_1,HOBBIES_1_002,2248,19.15
STORE_1,HOBBIES_1_002,2249,19.15
STORE_1,HOBBIES_1_002,2250,19.15
STORE_1,HOBBIES_1_002,2251,19.15
STORE_1,HOBBIES_1_002,2352,19.15
STORE_1,HOBBIES_1_002,2301,19.15
STORE_1,HOBBIES_1_002,2302,19.15
STORE_1,HOBBIES_1_002,2303,19.15
STORE_1,HOBBIES_1_002,2304,19.15
STORE_1,HOBBIES_1_002,2305,19.15
STORE_1,HOBBIES_1_002,2306,19.15
STORE_1,HOBBIES_1_002,2307,19.15
STORE_1,HOBBIES_1_002,2308,19.15
STORE_1,HOBBIES_1_002,2309,19.15
STORE_1,HOBBIES_1_002,2310,19.15
STORE_1,HOBBIES_1_002,2311,19.15
STORE_1,HOBBIES_1_002,2312,19.15
STORE_1,HOBBIES_1_002,2313,19.15
STORE_1,HOBBIES_1_002,2314,19.15
STORE_1,HOBBIES_1_002,2315,19.15
STORE_1,HOBBIES_1_002,2316,19.15
STORE_1,HOBBIES_1_002,2317,19.15
STORE_1,HOBBIES_1_002,2318,19.15
STORE_1,HOBBIES_1_002,2319,19.15
STORE_1,HOBBIES_1_002,2320,19.15
STORE_1,HOBBIES_1_002,2321,19.15
STORE_1,HOBBIES_1_002,2322,19.15
STORE_1,HOBBIES_1_002,2323,19.15
STORE_1,HOBBIES_1_002,2324,19.15
STORE_1,HOBBIES_1_002,2325,19.15
STORE_1,HOBBIES_1_002,2326,19.15
STORE_1,HOBBIES_1_002,2327,19.15
STORE_1,HOBBIES_1_002,2328,19.15
STORE_1,HOBBIES_1_002,2329,19.15
STORE_1,HOBBIES_1_002,2330,19.15
STORE_1,HOBBIES_1_002,2331,19.15
STORE_1,HOBBIES_1_002,2332,19.15
STORE_1,HOBBIES_1_002,2333,19.15
STORE_1,HOBBIES_1_002,2334,19.15
STORE_1,HOBBIES_1_002,2335,19.15
STORE_1,HOBBIES_1_002,2336,19.15
STORE_1,HOBBIES_1_002,2337,19.15
STORE_1,HOBBIES_1_002,2338,19.15
STORE_1,HOBBIES_1_002,2339,19.15
STORE_1,HOBBIES_1_002,2340,19.15
STORE_1,HOBBIES_1_002,2341,19.15
STORE_1,HOBBIES_1_002,2342,19.15
STORE_1,HOBBIES_1_002,2343,19.15
STORE_1,HOBBIES_1_002,2344,19.15
STORE_1,HOBBIES_1_002,2345,19.15
STORE_1,HOBBIES_1_002,2346,19.15
STORE_1,HOBBIES_1_002,2347,19.15
STORE_1,HOBBIES_1_002,2348,19.15
STORE_1,HOBBIES_1_002,2349,19.15
STORE_1,HOBBIES_1_002,2350,20.59
STORE_1,HOBBIES_1_002,2351,20.59
STORE_1,HOBBIES_1_002,2401,20.59
STORE_1,HOBBIES_1_002,2402,20.59
STORE_1,HOBBIES_1_002,2403,20.59
STORE_1,HOBBIES_1_002,2404,20.59
STORE_1,HOBBIES_1_002,2405,20.59
STORE_1,HOBBIES_1_002,2406,20.59
STORE_1,HOBBIES_1_002,2407,20.59
STORE_1,HOBBIES_1_002,2408,20.59
STORE_1,HOBBIES_1_002,2409,20.59
STORE_1,HOBBIES_1_002,2410,20.59
STORE_1,HOBBIES_1_002,2411,20.59
STORE_1,HOBBIES_1_002,2412,20.59
STORE_1,HOBBIES_1_002,2413,20.59
STORE_1,HOBBIES_1_002,2414,20.59
STORE_1,HOBBIES_1_002,2415,20.59
STORE_1,HOBBIES_1_002,2416,20.59
STORE_1,HOBBIES_1_002,2417,20.59
STORE_1,HOBBIES_1_002,2418,20.59
STORE_1,HOBBIES_1_002,2419,20.59
STORE_1,HOBBIES_1_002,2420,20.59
STORE_1,HOBBIES_1_002,2421,20.59
STORE_1,HOBBIES_1_002,2422,20.59
STORE_1,HOBBIES_1_002,2423,20.59
STORE_1,HOBBIES_1_002,2424,20.59
STORE_1,HOBBIES_1_002,2425,20.62
STORE_1,HOBBIES_1_002,2426,17.32
STORE_1,HOBBIES_1_002,2427,17.32
STORE_1,HOBBIES_1_002,2428,17.32
STORE_1,HOBBIES_1_002,2429,17.32
STORE_1,HOBBIES_1_002,2430,17.32
STORE_1,HOBBIES_1_002,2431,17.32
STORE_1,HOBBIES_1_002,2432,17.32
STORE_1,HOBBIES_1_002,2433,17.32
STORE_1,HOBBIES_1_002,2434,17.32
STORE_1,HOBBIES_1_002,2435,17.32
STORE_1,HOBBIES_1_002,2436,17.32
STORE_1,HOBBIES_1_002,2437,17.32
STORE_1,HOBBIES_1_002,2438,17.32
STORE_1,HOBBIES_1_002,2439,17.32
STORE_1,HOBBIES_1_002,2440,17.32
STORE_1,HOBBIES_1_002,2441,17.32
STORE_1,HOBBIES_1_002,2442,19.09
STORE_1,HOBBIES_1_002,2443,19.09
STORE_1,HOBBIES_1_002,2444,19.09
STORE_1,HOBBIES_1_002,2445,19.09
STORE_1,HOBBIES_1_002,2446,19.09
STORE_1,HOBBIES_1_002,2447,19.09
STORE_1,HOBBIES_1_002,2448,19.09
STORE_1,HOBBIES_1_002,2449,19.09
STORE_1,HOBBIES_1_002,2450,19.09
STORE_1,HOBBIES_1_002,2451,19.09
STORE_1,HOBBIES_1_002,2452,19.09
STORE_1,HOBBIES_1_002,2501,19.09
STORE_1,HOBBIES_1_002,2502,19.09
STORE_1,HOBBIES_1_002,2503,19.09
STORE_1,HOBBIES_1_002,2504,19.09
STORE_1,HOBBIES_1_002,2505,19.09
STORE_1,HOBBIES_1_003,2252,3.79
STORE_1,HOBBIES_1_003,2201,3.79
STORE_1,HOBBIES_1_003,2202,3.79
STORE_1,HOBBIES_1_003,2203,3.79
STORE_1,HOBBIES_1_003,2204,3.79
STORE_1,HOBBIES_1_003,2205,3.79
STORE_1,HOBBIES_1_003,2206,3.79
STORE_1,HOBBIES_1_003,2207,3.2
STORE_1,HOBBIES_1_003,2208,3.2
STORE_1,HOBBIES_1_003,2209,3.2
STORE_1,HOBBIES_1_003,2210,3.2
STORE_1,HOBBIES_1_003,2211,3.2
STORE_1,HOBBIES_1_003,2212,3.2
STORE_1,HOBBIES_1_003,2213,3.2
STORE_1,HOBBIES_1_003,2214,3.2
STORE_1,HOBBIES_1_003,2215,3.2
STORE_1,HOBBIES_1_003,2216,3.2
STORE_1,HOBBIES_1_003,2217,3.2
STORE_1,HOBBIES_1_003,2218,3.2
STORE_1,HOBBIES_1_003,2219,3.2
STORE_1,HOBBIES_1_003,2220,3.2
STORE_1,HOBBIES_1_003,2221,3.2
STORE_1,HOBBIES_1_003,2222,3.2
STORE_1,HOBBIES_1_003,2223,3.2
STORE_1,HOBBIES_1_003,2224,3.2
STORE_1,HOBBIES_1_003,2225,3.2
STORE_1,HOBBIES_1_003,2226,3.2
STORE_1,HOBBIES_1_003,2227,3.2
STORE_1,HOBBIES_1_003,2228,3.03
STORE_1,HOBBIES_1_003,2229,3.03
STORE_1,HOBBIES_1_003,2230,3.03
STORE_1,HOBBIES_1_003,2231,3.03
STORE_1,HOBBIES_1_003,2232,3.03
STORE_1,HOBBIES_1_003,2233,3.03
STORE_1,HOBBIES_1_003,2234,3.03
STORE_1,HOBBIES_1_003,2235,3.03
STORE_1,HOBBIES_1_003,2236,3.03
STORE_1,HOBBIES_1_003,2237,3.03
STORE_1,HOBBIES_1_003,2238,3.03
STORE_1,HOBBIES_1_003,2239,3.03
STORE_1,HOBBIES_1_003,2240,3.03
STORE_1,HOBBIES_1_003,2241,3.03
STORE_1,HOBBIES_1_003,2242,3.03
STORE_1,HOBBIES_1_003,2243,3.03
STORE_1,HOBBIES_1_003,2244,3.03
STORE_1,HOBBIES_1_003,2245,3.03
STORE_1,HOBBIES_1_003,2246,3.03
STORE_1,HOBBIES_1_003,2247,3.03
STORE_1,HOBBIES_1_003,2248,3.27
STORE_1,HOBBIES_1_003,2249,3.27
STORE_1,HOBBIES_1_003,2250,3.27
STORE_1,HOBBIES_1_003,2251,3.27
STORE_1,HOBBIES_1_003,2352,3.27
STORE_1,HOBBIES_1_003,2301,3.27
STORE_1,HOBBIES_1_003,2302,3.27
STORE_1,HOBBIES_1_003,2303,3.27
STORE_1,HOBBIES_1_003,2304,3.27
STORE_1,HOBBIES_1_003,2305,3.27
STORE_1,HOBBIES_1_003,2306,3.27
STORE_1,HOBBIES_1_003,2307,3.27
STORE_1,HOBBIES_1_003,2308,3.27
STORE_1,HOBBIES_1_003,2309,3.27
STORE_1,HOBBIES_1_003,2310,3.27
STORE_1,HOBBIES_1_003,2311,3.27
STORE_1,HOBBIES_1_003,2312,3.27
STORE_1,HOBBIES_1_003,2313,3.27
STORE_1,HOBBIES_1_003,2314,3.27
STORE_1,HOBBIES_1_003,2315,3.27
STORE_1,HOBBIES_1_003,2316,3.27
STORE_1,HOBBIES_1_003,2317,3.27
STORE_1,HOBBIES_1_003,2318,3.27
STORE_1,HOBBIES_1_003,2319,3.27
STORE_1,HOBBIES_1_003,2320,3.27
STORE_1,HOBBIES_1_003,2321,3.27
STORE_1,HOBBIES_1_003,2322,3.27
STORE_1,HOBBIES_1_003,2323,3.27
STORE_1,HOBBIES_1_003,2324,3.27
STORE_1,HOBBIES_1_003,2325,3.27
STORE_1,HOBBIES_1_003,2326,3.27
STORE_1,HOBBIES_1_003,2327,3.27
STORE_1,HOBBIES_1_003,2328,3.27
STORE_1,HOBBIES_1_003,2329,3.27
STORE_1,HOBBIES_1_003,2330,3.27
STORE_1,HOBBIES_1_003,2331,3.27
STORE_1,HOBBIES_1_003,2332,3.27
STORE_1,HOBBIES_1_003,2333,3.27
STORE_1,HOBBIES_1_003,2334,3.27
STORE_1,HOBBIES_1_003,2335,3.27
STORE_1,HOBBIES_1_003,2336,3.27
STORE_1,HOBBIES_1_003,2337,3.27
STORE_1,HOBBIES_1_003,2338,3.27
STORE_1,HOBBIES_1_003,2339,3.27
STORE_1,HOBBIES_1_003,2340,3.27
STORE_1,HOBBIES_1_003,2341,3.27
STORE_1,HOBBIES_1_003,2342,3.27
STORE_1,HOBBIES_1_003,2343,3.27
STORE_1,HOBBIES_1_003,2344,3.27
STORE_1,HOBBIES_1_003,2345,3.27
STORE_1,HOBBIES_1_003,2346,3.27
STORE_1,HOBBIES_1_003,2347,3.27
STORE_1,HOBBIES_1_003,2348,3.27
STORE_1,HOBBIES_1_003,2349,3.27
STORE_1,HOBBIES_1_003,2350,3.27
STORE_1,HOBBIES_1_003,2351,3.27
STORE_1,HOBBIES_1_003,2401,3.27
STORE_1,HOBBIES_1_003,2402,3.27
STORE_1,HOBBIES_1_003,2403,3.27
STORE_1,HOBBIES_1_003,2404,3.27
STORE_1,HOBBIES_1_003,2405,3.27
STORE_1,HOBBIES_1_003,2406,3.27
STORE_1,HOBBIES_1_003,2407,3.27
STORE_1,HOBBIES_1_003,2408,3.27
STORE_1,HOBBIES_1_003,2409,3.27
STORE_1,HOBBIES_1_003,2410,3.27
STORE_1,HOBBIES_1_003,2411,3.27
STORE_1,HOBBIES_1_003,2412,3.27
STORE_1,HOBBIES_1_003,2413,3.27
STORE_1,HOBBIES_1_003,2414,3.27
STORE_1,HOBBIES_1_003,2415,3.27
STORE_1,HOBBIES_1_003,2416,3.27
STORE_1,HOBBIES_1_003,2417,3.27
STORE_1,HOBBIES_1_003,2418,3.27
STORE_1,HOBBIES_1_003,2419,3.27
STORE_1,HOBBIES_1_003,2420,3.27
STORE_1,HOBBIES_1_003,2421,3.27
STORE_1,HOBBIES_1_003,2422,3.27
STORE_1,HOBBIES_1_003,2423,3.27
STORE_1,HOBBIES_1_003,2424,3.27
STORE_1,HOBBIES_1_003,2425,3.27
STORE_1,HOBBIES_1_003,2426,3.27
STORE_1,HOBBIES_1_003,2427,3.27
STORE_1,HOBBIES_1_003,2428,3.27
STORE_1,HOBBIES_1_003,2429,3.27
STORE_1,HOBBIES_1_003,2430,3.27
STORE_1,HOBBIES_1_003,2431,3.27
STORE_1,HOBBIES_1_003,2432,3.27
STORE_1,HOBBIES_1_003,2433,3.27
STORE_1,HOBBIES_1_003,2434,3.27
STORE_1,HOBBIES_1_003,2435,3.27
STORE_1,HOBBIES_1_003,2436,3.27
STORE_1,HOBBIES_1_003,2437,3.27
STORE_1,HOBBIES_1_003,2438,3.27
STORE_1,HOBBIES_1_003,2439,3.27
STORE_1,HOBBIES_1_003,2440,3.27
STORE_1,HOBBIES_1_003,2441,3.27
STORE_1,HOBBIES_1_003,2442,3.27
STORE_1,HOBBIES_1_003,2443,3.27
STORE_1,HOBBIES_1_003,2444,3.27
STORE_1,HOBBIES_1_003,2445,3.27
STORE_1,HOBBIES_1_003,2446,3.27
STORE_1,HOBBIES_1_003,2447,3.27
STORE_1,HOBBIES_1_003,2448,3.27
STORE_1,HOBBIES_1_003,2449,3.27
STORE_1,HOBBIES_1_003,2450,3.27
STORE_1,HOBBIES_1_003,2451,3.4
STORE_1,HOBBIES_1_003,2452,3.4
STORE_1,HOBBIES_1_003,2501,3.78
STORE_1,HOBBIES_1_003,2502,3.78
STORE_1,HOBBIES_1_003,2503,3.78
STORE_1,HOBBIES_1_003,2504,3.78
STORE_1,HOBBIES_1_003,2505,3.78
STORE_1,HOBBIES_1_004,2252,56.82
STORE_1,HOBBIES_1_004,2201,56.82
STORE_1,HOBBIES_1_004,2202,56.82
STORE_1,HOBBIES_1_004,2203,56.82
STORE_1,HOBBIES_1_004,2204,56.82
STORE_1,HOBBIES_1_004,2205,56.82
STORE_1,HOBBIES_1_004,2206,56.82
STORE_1,HOBBIES_1_004,2207,56.82
STORE_1,HOBBIES_1_004,2208,56.82
STORE_1,HOBBIES_1_004,2209,56.82
STORE_1,HOBBIES_1_004,2210,56.82
STORE_1,HOBBIES_1_004,2211,56.82
STORE_1,HOBBIES_1_004,2212,56.82
STORE_1,HOBBIES_1_004,2213,56.82
STORE_1,HOBBIES_1_004,2214,56.82
STORE_1,HOBBIES_1_004,2215,56.82
STORE_1,HOBBIES_1_004,2216,62.05
STORE_1,HOBBIES_1_004,2217,62.05
STORE_1,HOBBIES_1_004,2218,62.05
STORE_1,HOBBIES_1_004,2219,62.05
STORE_1,HOBBIES_1_004,2220,62.05
STORE_1,HOBBIES_1_004,2221,62.05
STORE_1,HOBBIES_1_004,2222,62.05
STORE_1,HOBBIES_1_004,2223,62.05
STORE_1,HOBBIES_1_004,2224,62.05
STORE_1,HOBBIES_1_004,2225,62.05
STORE_1,HOBBIES_1_004,2226,62.05
STORE_1,HOBBIES_1_004,2227,62.05
STORE_1,HOBBIES_1_004,2228,62.05
STORE_1,HOBBIES_1_004,2229,62.05
STORE_1,HOBBIES_1_004,2230,62.05
STORE_1,HOBBIES_1_004,2231,62.05
STORE_1,HOBBIES_1_004,2232,62.05
STORE_1,HOBBIES_1_004,2233,62.05
STORE_1,HOBBIES_1_004,2234,62.05
STORE_1,HOBBIES_1_004,2235,62.05
STORE_1,HOBBIES_1_004,2236,62.05
STORE_1,HOBBIES_1_004,2237,62.05
STORE_1,HOBBIES_1_004,2238,62.05
STORE_1,HOBBIES_1_004,2239,62.05
STORE_1,HOBBIES_1_004,2240,62.05
STORE_1,HOBBIES_1_004,2241,62.05
STORE_1,HOBBIES_1_004,2242,62.05
STORE_1,HOBBIES_1_004,2243,62.05
STORE_1,HOBBIES_1_004,2244,62.05
STORE_1,HOBBIES_1_004,2245,62.05
STORE_1,HOBBIES_1_004,2246,62.05
STORE_1,HOBBIES_1_004,2247,62.05
STORE_1,HOBBIES_1_004,2248,62.05
STORE_1,HOBBIES_1_004,2249,62.05
STORE_1,HOBBIES_1_004,2250,62.05
STORE_1,HOBBIES_1_004,2251,62.05
STORE_1,HOBBIES_1_004,2352,62.05
STORE_1,HOBBIES_1_004,2301,62.05
STORE_1,HOBBIES_1_004,2302,42.78
STORE_1,HOBBIES_1_004,2303,42.78
STORE_1,HOBBIES_1_004,2304,42.78
STORE_1,HOBBIES_1_004,2305,42.78
STORE_1,HOBBIES_1_004,2306,42.78
STORE_1,HOBBIES_1_004,2307,42.78
STORE_1,HOBBIES_1_004,2308,42.78
STORE_1,HOBBIES_1_004,2309,42.78
STORE_1,HOBBIES_1_004,2310,42.78
STORE_1,HOBBIES_1_004,2311,42.78
STORE_1,HOBBIES_1_004,2312,42.78
STORE_1,HOBBIES_1_004,2313,42.78
STORE_1,HOBBIES_1_004,2314,42.78
STORE_1,HOBBIES_1_004,2315,42.78
STORE_1,HOBBIES_1_004,2316,42.78
STORE_1,HOBBIES_1_004,2317,42.78
STORE_1,HOBBIES_1_004,2318,42.78
STORE_1,HOBBIES_1_004,2319,42.78
STORE_1,HOBBIES_1_004,2320,42.78
STORE_1,HOBBIES_1_004,2321,42.78
STORE_1,HOBBIES_1_004,2322,42.78
STORE_1,HOBBIES_1_004,2323,42.78
STORE_1,HOBBIES_1_004,2324,42.78
STORE_1,HOBBIES_1_004,2325,42.78
STORE_1,HOBBIES_1_004,2326,42.78
STORE_1,HOBBIES_1_004,2327,42.78
STORE_1,HOBBIES_1_004,2328,42.78
STORE_1,HOBBIES_1_004,2329,42.78
STORE_1,HOBBIES_1_004,2330,42.78
STORE_1,HOBBIES_1_004,2331,42.78
STORE_1,HOBBIES_1_004,2332,42.78
STORE_1,HOBBIES_1_004,2333,42.78
STORE_1,HOBBIES_1_004,2334,42.78
STORE_1,HOBBIES_1_004,2335,42.78
STORE_1,HOBBIES_1_004,2336,42.78
STORE_1,HOBBIES_1_004,2337,42.78
STORE_1,HOBBIES_1_004,2338,42.78
STORE_1,HOBBIES_1_004,2339,42.78
STORE_1,HOBBIES_1_004,2340,42.78
STORE_1,HOBBIES_1_004,2341,42.78
STORE_1,HOBBIES_1_004,2342,42.78
STORE_1,HOBBIES_1_004,2343,42.78
STORE_1,HOBBIES_1_004,2344,42.78
STORE_1,HOBBIES_1_004,2345,42.78
STORE_1,HOBBIES_1_004,2346,42.78
STORE_1,HOBBIES_1_004,2347,42.78
STORE_1,HOBBIES_1_004,2348,42.78
STORE_1,HOBBIES_1_004,2349,42.78
STORE_1,HOBBIES_1_004,2350,42.78
STORE_1,HOBBIES_1_004,2351,42.78
STORE_1,HOBBIES_1_004,2401,42.78
STORE_1,HOBBIES_1_004,2402,42.78
STORE_1,HOBBIES_1_004,2403,42.78
STORE_1,HOBBIES_1_004,2404,42.78
STORE_1,HOBBIES_1_004,2405,42.78
STORE_1,HOBBIES_1_004,2406,42.78
STORE_1,HOBBIES_1_004,2407,42.78
STORE_1,HOBBIES_1_004,2408,42.78
STORE_1,HOBBIES_1_004,2409,42.78
STORE_1,HOBBIES_1_004,2410,42.78
STORE_1,HOBBIES_1_004,2411,42.78
STORE_1,HOBBIES_1_004,2412,42.78
STORE_1,HOBBIES_1_004,2413,42.78
STORE_1,HOBBIES_1_004,2414,42.78
STORE_1,HOBBIES_1_004,2415,42.78
STORE_1,HOBBIES_1_004,2416,42.78
STORE_1,HOBBIES_1_004,2417,42.78
STORE_1,HOBBIES_1_004,2418,42.78
STORE_1,HOBBIES_1_004,2419,42.78
STORE_1,HOBBIES_1_004,2420,42.78
STORE_1,HOBBIES_1_004,2421,42.78
STORE_1,HOBBIES_1_004,2422,42.78
STORE_1,HOBBIES_1_004,2423,56.58
STORE_1,HOBBIES_1_004,2424,56.58
STORE_1,HOBBIES_1_004,2425,56.58
STORE_1,HOBBIES_1_004,2426,56.58
STORE_1,HOBBIES_1_004,2427,56.58
STORE_1,HOBBIES_1_004,2428,56.58
STORE_1,HOBBIES_1_004,2429,56.58
STORE_1,HOBBIES_1_004,2430,56.58
STORE_1,HOBBIES_1_004,2431,56.58
STORE_1,HOBBIES_1_004,2432,56.58
STORE_1,HOBBIES_1_004,2433,56.58
STORE_1,HOBBIES_1_004,2434,56.58
STORE_1,HOBBIES_1_004,2435,56.58
STORE_1,HOBBIES_1_004,2436,56.58
STORE_1,HOBBIES_1_004,2437,56.58
STORE_1,HOBBIES_1_004,2438,56.58
STORE_1,HOBBIES_1_004,2439,56.58
STORE_1,HOBBIES_1_004,2440,56.58
STORE_1,HOBBIES_1_004,2441,56.58
STORE_1,HOBBIES_1_004,2442,56.58
STORE_1,HOBBIES_1_004,2443,56.58
STORE_1,HOBBIES_1_004,2444,56.58
STORE_1,HOBBIES_1_004,2445,56.58
STORE_1,HOBBIES_1_004,2446,56.58
STORE_1,HOBBIES_1_004,2447,56.58
STORE_1,HOBBIES_1_004,2448,56.58
STORE_1,HOBBIES_1_004,2449,56.58
STORE_1,HOBBIES_1_004,2450,56.58
STORE_1,HOBBIES_1_004,2451,56.58
STORE_1,HOBBIES_1_004,2452,56.58
STORE_1,HOBBIES_1_004,2501,56.58
STORE_1,HOBBIES_1_004,2502,56.58
STORE_1,HOBBIES_1_004,2503,56.58
STORE_1,HOBBIES_1_004,2504,56.58
STORE_1,HOBBIES_1_004,2505,47.78
STORE_1,HOBBIES_1_005,2252,45.48
STORE_1,HOBBIES_1_005,2201,45.48
STORE_1,HOBBIES_1_005,2202,45.48
STORE_1,HOBBIES_1_005,2203,45.48
STORE_1,HOBBIES_1_005,2204,45.48
STORE_1,HOBBIES_1_005,2205,45.48
STORE_1,HOBBIES_1_005,2206,45.48
STORE_1,HOBBIES_1_005,2207,45.48
STORE_1,HOBBIES_1_005,2208,45.48
STORE_1,HOBBIES_1_005,2209,45.48
STORE_1,HOBBIES_1_005,2210,45.48
STORE_1,HOBBIES_1_005,2211,45.48
STORE_1,HOBBIES_1_005,2212,45.48
STORE_1,HOBBIES_1_005,2213,45.48
STORE_1,HOBBIES_1_005,2214,45.48
STORE_1,HOBBIES_1_005,2215,45.48
STORE_1,HOBBIES_1_005,2216,40.02
STORE_1,HOBBIES_1_005,2217,40.02
STORE_1,HOBBIES_1_005,2218,40.02
STORE_1,HOBBIES_1_005,2219,40.02
STORE_1,HOBBIES_1_005,2220,40.02
STORE_1,HOBBIES_1_005,2221,40.02
STORE_1,HOBBIES_1_005,2222,40.02
STORE_1,HOBBIES_1_005,2223,40.02
STORE_1,HOBBIES_1_005,2224,40.02
STORE_1,HOBBIES_1_005,2225,40.02
STORE_1,HOBBIES_1_005,2226,40.02
STORE_1,HOBBIES_1_005,2227,40.02
STORE_1,HOBBIES_1_005,2228,40.02
STORE_1,HOBBIES_1_005,2229,40.02
STORE_1,HOBBIES_1_005,2230,40.02
STORE_1,HOBBIES_1_005,2231,40.02
STORE_1,HOBBIES_1_005,2232,40.02
STORE_1,HOBBIES_1_005,2233,40.02
STORE_1,HOBBIES_1_005,2234,40.02
STORE_1,HOBBIES_1_005,2235,40.02
STORE_1,HOBBIES_1_005,2236,40.02
STORE_1,HOBBIES_1_005,2237,43.28
STORE_1,HOBBIES_1_005,2238,43.28
STORE_1,HOBBIES_1_005,2239,43.28
STORE_1,HOBBIES_1_005,2240,43.28
STORE_1,HOBBIES_1_005,2241,46.37
STORE_1,HOBBIES_1_005,2242,46.37
STORE_1,HOBBIES_1_005,2243,46.37
STORE_1,HOBBIES_1_005,2244,43.76
STORE_1,HOBBIES_1_005,2245,43.76
STORE_1,HOBBIES_1_005,2246,43.76
STORE_1,HOBBIES_1_005,2247,43.76
STORE_1,HOBBIES_1_005,2248,43.76
STORE_1,HOBBIES_1_005,2249,43.76
STORE_1,HOBBIES_1_005,2250,43.76
STORE_1,HOBBIES_1_005,2251,43.76
STORE_1,HOBBIES_1_005,2352,43.76
STORE_1,HOBBIES_1_005,2301,43.76
STORE_1,HOBBIES_1_005,2302,43.76
STORE_1,HOBBIES_1_005,2303,43.76
STORE_1,HOBBIES_1_005,2304,43.76
STORE_1,HOBBIES_1_005,2305,43.76
STORE_1,HOBBIES_1_005,2306,43.76
STORE_1,HOBBIES_1_005,2307,43.76
STORE_1,HOBBIES_1_005,2308,43.76
STORE_1,HOBBIES_1_005,2309,43.76
STORE_1,HOBBIES_1_005,2310,35.06
STORE_1,HOBBIES_1_005,2311,35.06
STORE_1,HOBBIES_1_005,2312,35.06
STORE_1,HOBBIES_1_005,2313,35.06
STORE_1,HOBBIES_1_005,2314,35.06
STORE_1,HOBBIES_1_005,2315,35.06
STORE_1,HOBBIES_1_005,2316,35.06
STORE_1,HOBBIES_1_005,2317,35.06
STORE_1,HOBBIES_1_005,2318,35.06
STORE_1,HOBBIES_1_005,2319,35.06
STORE_1,HOBBIES_1_005,2320,35.06
STORE_1,HOBBIES_1_005,2321,39.44
STORE_1,HOBBIES_1_005,2322,39.44
STORE_1,HOBBIES_1_005,2323,39.44
STORE_1,HOBBIES_1_005,2324,39.44
STORE_1,HOBBIES_1_005,2325,39.44
STORE_1,HOBBIES_1_005,2326,39.44
STORE_1,HOBBIES_1_005,2327,39.44
STORE_1,HOBBIES_1_005,2328,39.44
STORE_1,HOBBIES_1_005,2329,39.44
STORE_1,HOBBIES_1_005,2330,37.62
STORE_1,HOBBIES_1_005,2331,37.62
STORE_1,HOBBIES_1_005,2332,37.62
STORE_1,HOBBIES_1_005,2333,37.62
STORE_1,HOBBIES_1_005,2334,37.62
STORE_1,HOBBIES_1_005,2335,37.62
STORE_1,HOBBIES_1_005,2336,37.62
STORE_1,HOBBIES_1_005,2337,37.62
STORE_1,HOBBIES_1_005,2338,37.62
STORE_1,HOBBIES_1_005,2339,37.62
STORE_1,HOBBIES_1_005,2340,37.62
STORE_1,HOBBIES_1_005,2341,37.62
STORE_1,HOBBIES_1_005,2342,37.62
STORE_1,HOBBIES_1_005,2343,37.62
STORE_1,HOBBIES_1_005,2344,37.62
STORE_1,HOBBIES_1_005,2345,37.62
STORE_1,HOBBIES_1_005,2346,37.62
STORE_1,HOBBIES_1_005,2347,37.62
STORE_1,HOBBIES_1_005,2348,37.62
STORE_1,HOBBIES_1_005,2349,37.62
STORE_1,HOBBIES_1_005,2350,37.62
STORE_1,HOBBIES_1_005,2351,37.62
STORE_1,HOBBIES_1_005,2401,37.62
STORE_1,HOBBIES_1_005,2402,37.62
STORE_1,HOBBIES_1_005,2403,37.62
STORE_1,HOBBIES_1_005,2404,37.62
STORE_1,HOBBIES_1_005,2405,37.62
STORE_1,HOBBIES_1_005,2406,37.62
STORE_1,HOBBIES_1_005,2407,37.62
STORE_1,HOBBIES_1_005,2408,37.62
STORE_1,HOBBIES_1_005,2409,37.62
STORE_1,HOBBIES_1_005,2410,37.62
STORE_1,HOBBIES_1_005,2411,37.62
STORE_1,HOBBIES_1_005,2412,37.62
STORE_1,HOBBIES_1_005,2413,37.62
STORE_1,HOBBIES_1_005,2414,37.62
STORE_1,HOBBIES_1_005,2415,37.62
STORE_1,HOBBIES_1_005,2416,37.62
STORE_1,HOBBIES_1_005,2417,37.62
STORE_1,HOBBIES_1_005,2418,37.62
STORE_1,HOBBIES_1_005,2419,37.62
STORE_1,HOBBIES_1_005,2420,37.62
STORE_1,HOBBIES_1_005,2421,37.62
STORE_1,HOBBIES_1_005,2422,37.62
STORE_1,HOBBIES_1_005,2423,37.62
STORE_1,HOBBIES_1_005,2424,37.62
STORE_1,HOBBIES_1_005,2425,37.62
STORE_1,HOBBIES_1_005,2426,37.62
STORE_1,HOBBIES_1_005,2427,37.62
STORE_1,HOBBIES_1_005,2428,37.62
STORE_1,HOBBIES_1_005,2429,37.62
STORE_1,HOBBIES_1_005,2430,37.62
STORE_1,HOBBIES_1_005,2431,37.62
STORE_1,HOBBIES_1_005,2432,37.62
STORE_1,HOBBIES_1_005,2433,37.62
STORE_1,HOBBIES_1_005,2434,37.62
STORE_1,HOBBIES_1_005,2435,37.62
STORE_1,HOBBIES_1_005,2436,37.62
STORE_1,HOBBIES_1_005,2437,37.62
STORE_1,HOBBIES_1_005,2438,37.62
STORE_1,HOBBIES_1_005,2439,37.62
STORE_1,HOBBIES_1_005,2440,37.62
STORE_1,HOBBIES_1_005,2441,37.62
STORE_1,HOBBIES_1_005,2442,37.62
STORE_1,HOBBIES_1_005,2443,37.62
STORE_1,HOBBIES_1_005,2444,37.62
STORE_1,HOBBIES_1_005,2445,37.62
STORE_1,HOBBIES_1_005,2446,37.62
STORE_1,HOBBIES_1_005,2447,37.62
STORE_1,HOBBIES_1_005,2448,37.62
STORE_1,HOBBIES_1_005,2449,37.62
STORE_1,HOBBIES_1_005,2450,37.62
STORE_1,HOBBIES_1_005,2451,37.62
STORE_1,HOBBIES_1_005,2452,37.62
STORE_1,HOBBIES_1_005,2501,37.62
STORE_1,HOBBIES_1_005,2502,37.62
STORE_1,HOBBIES_1_005,2503,45.61
STORE_1,HOBBIES_1_005,2504,45.61
STORE_1,HOBBIES_1_005,2505,45.61
STORE_1,HOBBIES_1_006,2252,52.26
STORE_1,HOBBIES_1_006,2201,52.26
STORE_1,HOBBIES_1_006,2202,52.26
STORE_1,HOBBIES_1_006,2203,52.26
STORE_1,HOBBIES_1_006,2204,52.26
STORE_1,HOBBIES_1_006,2205,52.26
STORE_1,HOBBIES_1_006,2206,52.26
STORE_1,HOBBIES_1_006,2207,52.26
STORE_1,HOBBIES_1_006,2208,52.26
STORE_1,HOBBIES_1_006,2209,52.26
STORE_1,HOBBIES_1_006,2210,52.26
STORE_1,HOBBIES_1_006,2211,52.26
STORE_1,HOBBIES_1_006,2212,52.26
STORE_1,HOBBIES_1_006,2213,52.26
STORE_1,HOBBIES_1_006,2214,52.26
STORE_1,HOBBIES_1_006,2215,52.26
STORE_1,HOBBIES_1_006,2216,52.26
STORE_1,HOBBIES_1_006,2217,52.26
STORE_1,HOBBIES_1_006,2218,52.26
STORE_1,HOBBIES_1_006,2219,52.26
STORE_1,HOBBIES_1_006,2220,52.26
STORE_1,HOBBIES_1_006,2221,52.26
STORE_1,HOBBIES_1_006,2222,52.26
STORE_1,HOBBIES_1_006,2223,52.26
STORE_1,HOBBIES_1_006,2224,52.26
STORE_1,HOBBIES_1_006,2225,52.26
STORE_1,HOBBIES_1_006,2226,52.26
STORE_1,HOBBIES_1_006,2227,52.26
STORE_1,HOBBIES_1_006,2228,52.26
STORE_1,HOBBIES_1_006,2229,52.26
STORE_1,HOBBIES_1_006,2230,52.26
STORE_1,HOBBIES_1_006,2231,52.26
STORE_1,HOBBIES_1_006,2232,52.26
STORE_1,HOBBIES_1_006,2233,52.26
STORE_1,HOBBIES_1_006,2234,52.26
STORE_1,HOBBIES_1_006,2235,52.26
STORE_1,HOBBIES_1_006,2236,52.26
STORE_1,HOBBIES_1_006,2237,52.26
STORE_1,HOBBIES_1_006,2238,52.26
STORE_1,HOBBIES_1_006,2239,52.26
STORE_1,HOBBIES_1_006,2240,52.26
STORE_1,HOBBIES_1_006,2241,52.26
STORE_1,HOBBIES_1_006,2242,52.26
STORE_1,HOBBIES_1_006,2243,52.26
STORE_1,HOBBIES_1_006,2244,52.26
STORE_1,HOBBIES_1_006,2245,52.26
STORE_1,HOBBIES_1_006,2246,52.26
STORE_1,HOBBIES_1_006,2247,52.26
STORE_1,HOBBIES_1_006,2248,52.26
STORE_1,HOBBIES_1_006,2249,52.26
STORE_1,HOBBIES_1_006,2250,52.26
STORE_1,HOBBIES_1_006,2251,52.26
STORE_1,HOBBIES_1_006,2352,52.26
STORE_1,HOBBIES_1_006,2301,52.26
STORE_1,HOBBIES_1_006,2302,52.26
STORE_1,HOBBIES_1_006,2303,52.26
STORE_1,HOBBIES_1_006,2304,52.26
STORE_1,HOBBIES_1_006,2305,52.26
STORE_1,HOBBIES_1_006,2306,52.26
STORE_1,HOBBIES_1_006,2307,52.26
STORE_1,HOBBIES_1_006,2308,52.26
STORE_1,HOBBIES_1_006,2309,52.26
STORE_1,HOBBIES_1_006,2310,52.26
STORE_1,HOBBIES_1_006,2311,52.26
STORE_1,HOBBIES_1_006,2312,51.68
STORE_1,HOBBIES_1_006,2313,51.68
STORE_1,HOBBIES_1_006,2314,51.68
STORE_1,HOBBIES_1_006,2315,51.68
STORE_1,HOBBIES_1_006,2316,51.68
STORE_1,HOBBIES_1_006,2317,51.68
STORE_1,HOBBIES_1_006,2318,51.68
STORE_1,HOBBIES_1_006,2319,51.68
STORE_1,HOBBIES_1_006,2320,51.68
STORE_1,HOBBIES_1_006,2321,51.68
STORE_1,HOBBIES_1_006,2322,51.68
STORE_1,HOBBIES_1_006,2323,51.68
STORE_1,HOBBIES_1_006,2324,51.68
STORE_1,HOBBIES_1_006,2325,51.68
STORE_1,HOBBIES_1_006,2326,51.68
STORE_1,HOBBIES_1_006,2327,51.68
STORE_1,HOBBIES_1_006,2328,51.68
STORE_1,HOBBIES_1_006,2329,51.68
STORE_1,HOBBIES_1_006,2330,51.68
STORE_1,HOBBIES_1_006,2331,51.68
STORE_1,HOBBIES_1_006,2332,51.68
STORE_1,HOBBIES_1_006,2333,51.68
STORE_1,HOBBIES_1_006,2334,51.68
STORE_1,HOBBIES_1_006,2335,51.68
STORE_1,HOBBIES_1_006,2336,51.68
STORE_1,HOBBIES_1_006,2337,51.68
STORE_1,HOBBIES_1_006,2338,51.68
STORE_1,HOBBIES_1_006,2339,51.68
STORE_1,HOBBIES_1_006,2340,51.68
STORE_1,HOBBIES_1_006,2341,51.68
STORE_1,HOBBIES_1_006,2342,51.68
STORE_1,HOBBIES_1_006,2343,51.68
STORE_1,HOBBIES_1_006,2344,51.68
STORE_1,HOBBIES_1_006,2345,51.68
STORE_1,HOBBIES_1_006,2346,51.68
STORE_1,HOBBIES_1_006,2347,51.68
STORE_1,HOBBIES_1_006,2348,51.68
STORE_1,HOBBIES_1_006,2349,51.68
STORE_1,HOBBIES_1_006,2350,51.68
STORE_1,HOBBIES_1_006,2351,51.68
STORE_1,HOBBIES_1_006,2401,51.68
STORE_1,HOBBIES_1_006,2402,51.68
STORE_1,HOBBIES_1_006,2403,51.68
STORE_1,HOBBIES_1_006,2404,59.26
STORE_1,HOBBIES_1_006,2405,59.26
STORE_1,HOBBIES_1_006,2406,59.26
STORE_1,HOBBIES_1_006,2407,59.26
STORE_1,HOBBIES_1_006,2408,59.26
STORE_1,HOBBIES_1_006,2409,59.26
STORE_1,HOBBIES_1_006,2410,58.69
STORE_1,HOBBIES_1_006,2411,58.69
STORE_1,HOBBIES_1_006,2412,58.69
STORE_1,HOBBIES_1_006,2413,58.69
STORE_1,HOBBIES_1_006,2414,58.69
STORE_1,HOBBIES_1_006,2415,58.69
STORE_1,HOBBIES_1_006,2416,58.69
STORE_1,HOBBIES_1_006,2417,58.69
STORE_1,HOBBIES_1_006,2418,58.69
STORE_1,HOBBIES_1_006,2419,58.69
STORE_1,HOBBIES_1_006,2420,58.69
STORE_1,HOBBIES_1_006,2421,58.69
STORE_1,HOBBIES_1_006,2422,58.69
STORE_1,HOBBIES_1_006,2423,58.69
STORE_1,HOBBIES_1_006,2424,58.69
STORE_1,HOBBIES_1_006,2425,58.69
STORE_1,HOBBIES_1_006,2426,58.69
STORE_1,HOBBIES_1_006,2427,58.69
STORE_1,HOBBIES_1_006,2428,58.69
STORE_1,HOBBIES_1_006,2429,58.69
STORE_1,HOBBIES_1_006,2430,58.69
STORE_1,HOBBIES_1_006,2431,58.69
STORE_1,HOBBIES_1_006,2432,58.69
STORE_1,HOBBIES_1_006,2433,58.69
STORE_1,HOBBIES_1_006,2434,58.69
STORE_1,HOBBIES_1_006,2435,58.69
STORE_1,HOBBIES_1_006,2436,51.2
STORE_1,HOBBIES_1_006,2437,51.2
STORE_1,HOBBIES_1_006,2438,51.2
STORE_1,HOBBIES_1_006,2439,51.2
STORE_1,HOBBIES_1_006,2440,51.2
STORE_1,HOBBIES_1_006,2441,51.2
STORE_1,HOBBIES_1_006,2442,51.2
STORE_1,HOBBIES_1_006,2443,51.2
STORE_1,HOBBIES_1_006,2444,51.2
STORE_1,HOBBIES_1_006,2445,51.2
STORE_1,HOBBIES_1_006,2446,51.2
STORE_1,HOBBIES_1_006,2447,51.2
STORE_1,HOBBIES_1_006,2448,51.2
STORE_1,HOBBIES_1_006,2449,51.2
STORE_1,HOBBIES_1_006,2450,51.2
STORE_1,HOBBIES_1_006,2451,51.2
STORE_1,HOBBIES_1_006,2452,51.2
STORE_1,HOBBIES_1_006,2501,51.2
STORE_1,HOBBIES_1_006,2502,51.2
STORE_1,HOBBIES_1_006,2503,51.2
STORE_1,HOBBIES_1_006,2504,51.2
STORE_1,HOBBIES_1_006,2505,51.2
STORE_1,HOBBIES_1_007,2252,14.52
STORE_1,HOBBIES_1_007,2201,14.52
STORE_1,HOBBIES_1_007,2202,14.52
STORE_1,HOBBIES_1_007,2203,14.52
STORE_1,HOBBIES_1_007,2204,14.52
STORE_1,HOBBIES_1_007,2205,14.52
STORE_1,HOBBIES_1_007,2206,14.52
STORE_1,HOBBIES_1_007,2207,10.89
STORE_1,HOBBIES_1_007,2208,10.89
STORE_1,HOBBIES_1_007,2209,10.89
STORE_1,HOBBIES_1_007,2210,10.89
STORE_1,HOBBIES_1_007,2211,10.89
STORE_1,HOBBIES_1_007,2212,10.89
STORE_1,HOBBIES_1_007,2213,10.89
STORE_1,HOBBIES_1_007,2214,10.89
STORE_1,HOBBIES_1_007,2215,10.89
STORE_1,HOBBIES_1_007,2216,10.89
STORE_1,HOBBIES_1_007,2217,10.89
STORE_1,HOBBIES_1_007,2218,10.89
STORE_1,HOBBIES_1_007,2219,10.89
STORE_1,HOBBIES_1_007,2220,10.89
STORE_1,HOBBIES_1_007,2221,10.89
STORE_1,HOBBIES_1_007,2222,10.89
STORE_1,HOBBIES_1_007,2223,10.89
STORE_1,HOBBIES_1_007,2224,12.37
STORE_1,HOBBIES_1_007,2225,12.37
STORE_1,HOBBIES_1_007,2226,12.37
STORE_1,HOBBIES_1_007,2227,12.37
STORE_1,HOBBIES_1_007,2228,12.37
STORE_1,HOBBIES_1_007,2229,12.37
STORE_1,HOBBIES_1_007,2230,12.37
STORE_1,HOBBIES_1_007,2231,12.37
STORE_1,HOBBIES_1_007,2232,12.37
STORE_1,HOBBIES_1_007,2233,12.37
STORE_1,HOBBIES_1_007,2234,12.37
STORE_1,HOBBIES_1_007,2235,12.37
STORE_1,HOBBIES_1_007,2236,12.37
STORE_1,HOBBIES_1_007,2237,12.37
STORE_1,HOBBIES_1_007,2238,12.37
STORE_1,HOBBIES_1_007,2239,12.37
STORE_1,HOBBIES_1_007,2240,12.37
STORE_1,HOBBIES_1_007,2241,12.37
STORE_1,HOBBIES_1_007,2242,12.37
STORE_1,HOBBIES_1_007,2243,12.37
STORE_1,HOBBIES_1_007,2244,12.37
STORE_1,HOBBIES_1_007,2245,12.37
STORE_1,HOBBIES_1_007,2246,12.37
STORE_1,HOBBIES_1_007,2247,12.37
STORE_1,HOBBIES_1_007,2248,12.37
STORE_1,HOBBIES_1_007,2249,12.37
STORE_1,HOBBIES_1_007,2250,12.37
STORE_1,HOBBIES_1_007,2251,12.37
STORE_1,HOBBIES_1_007,2352,12.37
STORE_1,HOBBIES_1_007,2301,12.37
STORE_1,HOBBIES_1_007,2302,12.37
STORE_1,HOBBIES_1_007,2303,12.37
STORE_1,HOBBIES_1_007,2304,12.37
STORE_1,HOBBIES_1_007,2305,12.37
STORE_1,HOBBIES_1_007,2306,12.37
STORE_1,HOBBIES_1_007,2307,12.37
STORE_1,HOBBIES_1_007,2308,12.37
STORE_1,HOBBIES_1_007,2309,12.37
STORE_1,HOBBIES_1_007,2310,12.37
STORE_1,HOBBIES_1_007,2311,12.37
STORE_1,HOBBIES_1_007,2312,16.48
STORE_1,HOBBIES_1_007,2313,16.48
STORE_1,HOBBIES_1_007,2314,16.48
STORE_1,HOBBIES_1_007,2315,16.48
STORE_1,HOBBIES_1_007,2316,16.48
STORE_1,HOBBIES_1_007,2317,16.48
STORE_1,HOBBIES_1_007,2318,16.48
STORE_1,HOBBIES_1_007,2319,16.48
STORE_1,HOBBIES_1_007,2320,16.48
STORE_1,HOBBIES_1_007,2321,16.48
STORE_1,HOBBIES_1_007,2322,16.48
STORE_1,HOBBIES_1_007,2323,16.48
STORE_1,HOBBIES_1_007,2324,16.48
STORE_1,HOBBIES_1_007,2325,16.48
STORE_1,HOBBIES_1_007,2326,16.48
STORE_1,HOBBIES_1_007,2327,16.48
STORE_1,HOBBIES_1_007,2328,16.48
STORE_1,HOBBIES_1_007,2329,16.48
STORE_1,HOBBIES_1_007,2330,16.48
STORE_1,HOBBIES_1_007,2331,16.48
STORE_1,HOBBIES_1_007,2332,16.48
STORE_1,HOBBIES_1_007,2333,16.48
STORE_1,HOBBIES_1_007,2334,16.48
STORE_1,HOBBIES_1_007,2335,16.48
STORE_1,HOBBIES_1_007,2336,16.48
STORE_1,HOBBIES_1_007,2337,16.48
STORE_1,HOBBIES_1_007,2338,16.48
STORE_1,HOBBIES_1_007,2339,16.48
STORE_1,HOBBIES_1_007,2340,16.48
STORE_1,HOBBIES_1_007,2341,16.48
STORE_1,HOBBIES_1_007,2342,16.48
STORE_1,HOBBIES_1_007,2343,13.8
STORE_1,HOBBIES_1_007,2344,13.8
STORE_1,HOBBIES_1_007,2345,13.8
STORE_1,HOBBIES_1_007,2346,13.8
STORE_1,HOBBIES_1_007,2347,13.8
STORE_1,HOBBIES_1_007,2348,13.8
STORE_1,HOBBIES_1_007,2349,13.8
STORE_1,HOBBIES_1_007,2350,13.8
STORE_1,HOBBIES_1_007,2351,13.8
STORE_1,HOBBIES_1_007,2401,13.8
STORE_1,HOBBIES_1_007,2402,13.8
STORE_1,HOBBIES_1_007,2403,13.8
STORE_1,HOBBIES_1_007,2404,13.8
STORE_1,HOBBIES_1_007,2405,13.8
STORE_1,HOBBIES_1_007,2406,13.8
STORE_1,HOBBIES_1_007,2407,13.8
STORE_1,HOBBIES_1_007,2408,13.8
STORE_1,HOBBIES_1_007,2409,13.8
STORE_1,HOBBIES_1_007,2410,13.8
STORE_1,HOBBIES_1_007,2411,13.8
STORE_1,HOBBIES_1_007,2412,13.8
STORE_1,HOBBIES_1_007,2413,14.2
STORE_1,HOBBIES_1_007,2414,14.2
STORE_1,HOBBIES_1_007,2415,14.2
STORE_1,HOBBIES_1_007,2416,14.2
STORE_1,HOBBIES_1_007,2417,14.2
STORE_1,HOBBIES_1_007,2418,14.2
STORE_1,HOBBIES_1_007,2419,14.2
STORE_1,HOBBIES_1_007,2420,14.2
STORE_1,HOBBIES_1_007,2421,14.2
STORE_1,HOBBIES_1_007,2422,14.2
STORE_1,HOBBIES_1_007,2423,14.2
STORE_1,HOBBIES_1_007,2424,14.2
STORE_1,HOBBIES_1_007,2425,14.2
STORE_1,HOBBIES_1_007,2426,14.2
STORE_1,HOBBIES_1_007,2427,14.2
STORE_1,HOBBIES_1_007,2428,14.2
STORE_1,HOBBIES_1_007,2429,14.2
STORE_1,HOBBIES_1_007,2430,14.2
STORE_1,HOBBIES_1_007,2431,14.2
STORE_1,HOBBIES_1_007,2432,14.2
STORE_1,HOBBIES_1_007,2433,14.2
STORE_1,HOBBIES_1_007,2434,14.2
STORE_1,HOBBIES_1_007,2435,14.2
STORE_1,HOBBIES_1_007,2436,14.2
STORE_1,HOBBIES_1_007,2437,14.2
STORE_1,HOBBIES_1_007,2438,14.2
STORE_1,HOBBIES_1_007,2439,14.2
STORE_1,HOBBIES_1_007,2440,14.2
STORE_1,HOBBIES_1_007,2441,14.2
STORE_1,HOBBIES_1_007,2442,14.2
STORE_1,HOBBIES_1_007,2443,14.42
STORE_1,HOBBIES_1_007,2444,14.42
STORE_1,HOBBIES_1_007,2445,14.42
STORE_1,HOBBIES_1_007,2446,14.42
STORE_1,HOBBIES_1_007,2447,14.42
STORE_1,HOBBIES_1_007,2448,14.42
STORE_1,HOBBIES_1_007,2449,14.42
STORE_1,HOBBIES_1_007,2450,14.42
STORE_1,HOBBIES_1_007,2451,14.42
STORE_1,HOBBIES_1_007,2452,14.42
STORE_1,HOBBIES_1_007,2501,14.42
STORE_1,HOBBIES_1_007,2502,14.42
STORE_1,HOBBIES_1_007,2503,14.42
STORE_1,HOBBIES_1_007,2504,14.42
STORE_1,HOBBIES_1_007,2505,14.42
STORE_1,HOBBIES_1_008,2252,47.2
STORE_1,HOBBIES_1_008,2201,47.2
STORE_1,HOBBIES_1_008,2202,47.2
STORE_1,HOBBIES_1_008,2203,47.2
STORE_1,HOBBIES_1_008,2204,47.2
STORE_1,HOBBIES_1_008,2205,47.2
STORE_1,HOBBIES_1_008,2206,47.2
STORE_1,HOBBIES_1_008,2207,47.2
STORE_1,HOBBIES_1_008,2208,47.2
STORE_1,HOBBIES_1_008,2209,47.2
STORE_1,HOBBIES_1_008,2210,47.2
STORE_1,HOBBIES_1_008,2211,47.2
STORE_1,HOBBIES_1_008,2212,47.2
STORE_1,HOBBIES_1_008,2213,47.2
STORE_1,HOBBIES_1_008,2214,47.2
STORE_1,HOBBIES_1_008,2215,47.2
STORE_1,HOBBIES_1_008,2216,47.2
STORE_1,HOBBIES_1_008,2217,47.2
STORE_1,HOBBIES_1_008,2218,47.2
STORE_1,HOBBIES_1_008,2219,47.2
STORE_1,HOBBIES_1_008,2220,47.2
STORE_1,HOBBIES_1_008,2221,45.38
STORE_1,HOBBIES_1_008,2222,45.38
STORE_1,HOBBIES_1_008,2223,45.38
STORE_1,HOBBIES_1_008,2224,45.38
STORE_1,HOBBIES_1_008,2225,45.38
STORE_1,HOBBIES_1_008,2226,45.38
STORE_1,HOBBIES_1_008,2227,45.38
STORE_1,HOBBIES_1_008,2228,45.38
STORE_1,HOBBIES_1_008,2229,45.38
STORE_1,HOBBIES_1_008,2230,45.38
STORE_1,HOBBIES_1_008,2231,45.38
STORE_1,HOBBIES_1_008,2232,45.38
STORE_1,HOBBIES_1_008,2233,45.38
STORE_1,HOBBIES_1_008,2234,45.38
STORE_1,HOBBIES_1_008,2235,45.38
STORE_1,HOBBIES_1_008,2236,45.38
STORE_1,HOBBIES_1_008,2237,45.38
STORE_1,HOBBIES_1_008,2238,45.38
STORE_1,HOBBIES_1_008,2239,45.38
STORE_1,HOBBIES_1_008,2240,45.38
STORE_1,HOBBIES_1_008,2241,45.38
STORE_1,HOBBIES_1_008,2242,45.38
STORE_1,HOBBIES_1_008,2243,45.38
STORE_1,HOBBIES_1_008,2244,36.72
STORE_1,HOBBIES_1_008,2245,36.72
STORE_1,HOBBIES_1_008,2246,36.72
STORE_1,HOBBIES_1_008,2247,36.72
STORE_1,HOBBIES_1_008,2248,36.72
STORE_1,HOBBIES_1_008,2249,36.72
STORE_1,HOBBIES_1_008,2250,36.72
STORE_1,HOBBIES_1_008,2251,36.72
STORE_1,HOBBIES_1_008,2352,36.72
STORE_1,HOBBIES_1_008,2301,36.72
STORE_1,HOBBIES_1_008,2302,36.72
STORE_1,HOBBIES_1_008,2303,36.72
STORE_1,HOBBIES_1_008,2304,36.72
STORE_1,HOBBIES_1_008,2305,36.72
STORE_1,HOBBIES_1_008,2306,36.72
STORE_1,HOBBIES_1_008,2307,36.72
STORE_1,HOBBIES_1_008,2308,36.72
STORE_1,HOBBIES_1_008,2309,36.72
STORE_1,HOBBIES_1_008,2310,36.72
STORE_1,HOBBIES_1_008,2311,36.72
STORE_1,HOBBIES_1_008,2312,36.72
STORE_1,HOBBIES_1_008,2313,36.72
STORE_1,HOBBIES_1_008,2314,36.72
STORE_1,HOBBIES_1_008,2315,36.72
STORE_1,HOBBIES_1_008,2316,36.72
STORE_1,HOBBIES_1_008,2317,36.72
STORE_1,HOBBIES_1_008,2318,36.72
STORE_1,HOBBIES_1_008,2319,36.72
STORE_1,HOBBIES_1_008,2320,36.72
STORE_1,HOBBIES_1_008,2321,36.72
STORE_1,HOBBIES_1_008,2322,36.72
STORE_1,HOBBIES_1_008,2323,36.72
STORE_1,HOBBIES_1_008,2324,36.72
STORE_1,HOBBIES_1_008,2325,36.72
STORE_1,HOBBIES_1_008,2326,36.72
STORE_1,HOBBIES_1_008,2327,36.72
STORE_1,HOBBIES_1_008,2328,36.72
STORE_1,HOBBIES_1_008,2329,36.72
STORE_1,HOBBIES_1_008,2330,36.72
STORE_1,HOBBIES_1_008,2331,36.72
STORE_1,HOBBIES_1_008,2332,36.72
STORE_1,HOBBIES_1_008,2333,36.72
STORE_1,HOBBIES_1_008,2334,36.72
STORE_1,HOBBIES_1_008,2335,36.72
STORE_1,HOBBIES_1_008,2336,36.72
STORE_1,HOBBIES_1_008,2337,36.72
STORE_1,HOBBIES_1_008,2338,36.72
STORE_1,HOBBIES_1_008,2339,36.72
STORE_1,HOBBIES_1_008,2340,36.72
STORE_1,HOBBIES_1_008,2341,36.72
STORE_1,HOBBIES_1_008,2342,36.72
STORE_1,HOBBIES_1_008,2343,36.72
STORE_1,HOBBIES_1_008,2344,36.72
STORE_1,HOBBIES_1_008,2345,36.72
STORE_1,HOBBIES_1_008,2346,36.72
STORE_1,HOBBIES_1_008,2347,36.72
STORE_1,HOBBIES_1_008,2348,36.72
STORE_1,HOBBIES_1_008,2349,36.72
STORE_1,HOBBIES_1_008,2350,36.72
STORE_1,HOBBIES_1_008,2351,36.72
STORE_1,HOBBIES_1_008,2401,36.72
STORE_1,HOBBIES_1_008,2402,36.72
STORE_1,HOBBIES_1_008,2403,36.72
STORE_1,HOBBIES_1_008,2404,36.72
STORE_1,HOBBIES_1_008,2405,42.62
STORE_1,HOBBIES_1_008,2406,42.62
STORE_1,HOBBIES_1_008,2407,42.62
STORE_1,HOBBIES_1_008,2408,42.62
STORE_1,HOBBIES_1_008,2409,42.62
STORE_1,HOBBIES_1_008,2410,42.62
STORE_1,HOBBIES_1_008,2411,42.62
STORE_1,HOBBIES_1_008,2412,42.62
STORE_1,HOBBIES_1_008,2413,42.62
STORE_1,HOBBIES_1_008,2414,42.62
STORE_1,HOBBIES_1_008,2415,42.62
STORE_1,HOBBIES_1_008,2416,42.62
STORE_1,HOBBIES_1_008,2417,42.62
STORE_1,HOBBIES_1_008,2418,42.62
STORE_1,HOBBIES_1_008,2419,42.62
STORE_1,HOBBIES_1_008,2420,42.62
STORE_1,HOBBIES_1_008,2421,42.62
STORE_1,HOBBIES_1_008,2422,42.62
STORE_1,HOBBIES_1_008,2423,42.62
STORE_1,HOBBIES_1_008,2424,42.62
STORE_1,HOBBIES_1_008,2425,42.62
STORE_1,HOBBIES_1_008,2426,42.62
STORE_1,HOBBIES_1_008,2427,42.62
STORE_1,HOBBIES_1_008,2428,42.62
STORE_1,HOBBIES_1_008,2429,48.76
STORE_1,HOBBIES_1_008,2430,48.76
STORE_1,HOBBIES_1_008,2431,48.76
STORE_1,HOBBIES_1_008,2432,48.76
STORE_1,HOBBIES_1_008,2433,48.76
STORE_1,HOBBIES_1_008,2434,48.76
STORE_1,HOBBIES_1_008,2435,48.76
STORE_1,HOBBIES_1_008,2436,48.76
STORE_1,HOBBIES_1_008,2437,48.76
STORE_1,HOBBIES_1_008,2438,48.76
STORE_1,HOBBIES_1_008,2439,48.76
STORE_1,HOBBIES_1_008,2440,48.76
STORE_1,HOBBIES_1_008,2441,48.76
STORE_1,HOBBIES_1_008,2442,48.76
STORE_1,HOBBIES_1_008,2443,48.76
STORE_1,HOBBIES_1_008,2444,48.76
STORE_1,HOBBIES_1_008,2445,48.76
STORE_1,HOBBIES_1_008,2446,48.76
STORE_1,HOBBIES_1_008,2447,48.76
STORE_1,HOBBIES_1_008,2448,48.76
STORE_1,HOBBIES_1_008,2449,48.76
STORE_1,HOBBIES_1_008,2450,48.76
STORE_1,HOBBIES_1_008,2451,48.76
STORE_1,HOBBIES_1_008,2452,48.76
STORE_1,HOBBIES_1_008,2501,48.76
STORE_1,HOBBIES_1_008,2502,48.76
STORE_1,HOBBIES_1_008,2503,48.76
STORE_1,HOBBIES_1_008,2504,48.76
STORE_1,HOBBIES_1_008,2505,48.76
STORE_1,HOBBIES_2_001,2252,15.38
STORE_1,HOBBIES_2_001,2201,15.38
STORE_1,HOBBIES_2_001,2202,15.38
STORE_1,HOBBIES_2_001,2203,15.38
STORE_1,HOBBIES_2_001,2204,15.38
STORE_1,HOBBIES_2_001,2205,15.38
STORE_1,HOBBIES_2_001,2206,15.38
STORE_1,HOBBIES_2_001,2207,15.38
STORE_1,HOBBIES_2_001,2208,15.38
STORE_1,HOBBIES_2_001,2209,15.38
STORE_1,HOBBIES_2_001,2210,15.38
STORE_1,HOBBIES_2_001,2211,15.38
STORE_1,HOBBIES_2_001,2212,15.38
STORE_1,HOBBIES_2_001,2213,15.38
STORE_1,HOBBIES_2_001,2214,15.38
STORE_1,HOBBIES_2_001,2215,15.38
STORE_1,HOBBIES_2_001,2216,15.38
STORE_1,HOBBIES_2_001,2217,15.38
STORE_1,HOBBIES_2_001,2218,15.38
STORE_1,HOBBIES_2_001,2219,15.38
STORE_1,HOBBIES_2_001,2220,15.38
STORE_1,HOBBIES_2_001,2221,15.38
STORE_1,HOBBIES_2_001,2222,15.38
STORE_1,HOBBIES_2_001,2223,15.38
STORE_1,HOBBIES_2_001,2224,15.38
STORE_1,HOBBIES_2_001,2225,15.38
STORE_1,HOBBIES_2_001,2226,15.38
STORE_1,HOBBIES_2_001,2227,15.38
STORE_1,HOBBIES_2_001,2228,15.38
STORE_1,HOBBIES_2_001,2229,15.38
STORE_1,HOBBIES_2_001,2230,15.38
STORE_1,HOBBIES_2_001,2231,15.38
STORE_1,HOBBIES_2_001,2232,15.38
STORE_1,HOBBIES_2_001,2233,15.38
STORE_1,HOBBIES_2_001,2234,15.38
STORE_1,HOBBIES_2_001,2235,15.38
STORE_1,HOBBIES_2_001,2236,15.38
STORE_1,HOBBIES_2_001,2237,15.38
STORE_1,HOBBIES_2_001,2238,15.38
STORE_1,HOBBIES_2_001,2239,15.38
STORE_1,HOBBIES_2_001,2240,15.38
STORE_1,HOBBIES_2_001,2241,15.38
STORE_1,HOBBIES_2_001,2242,15.38
STORE_1,HOBBIES_2_001,2243,15.38
STORE_1,HOBBIES_2_001,2244,15.38
STORE_1,HOBBIES_2_001,2245,15.38
STORE_1,HOBBIES_2_001,2246,15.38
STORE_1,HOBBIES_2_001,2247,13.08
STORE_1,HOBBIES_2_001,2248,13.08
STORE_1,HOBBIES_2_001,2249,13.08
STORE_1,HOBBIES_2_001,2250,13.08
STORE_1,HOBBIES_2_001,2251,13.08
STORE_1,HOBBIES_2_001,2352,13.08
STORE_1,HOBBIES_2_001,2301,13.08
STORE_1,HOBBIES_2_001,2302,13.08
STORE_1,HOBBIES_2_001,2303,15.51
STORE_1,HOBBIES_2_001,2304,15.51
STORE_1,HOBBIES_2_001,2305,15.51
STORE_1,HOBBIES_2_001,2306,15.51
STORE_1,HOBBIES_2_001,2307,15.51
STORE_1,HOBBIES_2_001,2308,15.51
STORE_1,HOBBIES_2_001,2309,15.51
STORE_1,HOBBIES_2_001,2310,15.51
STORE_1,HOBBIES_2_001,2311,15.51
STORE_1,HOBBIES_2_001,2312,15.51
STORE_1,HOBBIES_2_001,2313,15.51
STORE_1,HOBBIES_2_001,2314,15.51
STORE_1,HOBBIES_2_001,2315,15.51
STORE_1,HOBBIES_2_001,2316,15.51
STORE_1,HOBBIES_2_001,2317,15.51
STORE_1,HOBBIES_2_001,2318,15.51
STORE_1,HOBBIES_2_001,2319,15.51
STORE_1,HOBBIES_2_001,2320,15.51
STORE_1,HOBBIES_2_001,2321,15.51
STORE_1,HOBBIES_2_001,2322,15.51
STORE_1,HOBBIES_2_001,2323,15.51
STORE_1,HOBBIES_2_001,2324,15.51
STORE_1,HOBBIES_2_001,2325,15.51
STORE_1,HOBBIES_2_001,2326,15.51
STORE_1,HOBBIES_2_001,2327,15.51
STORE_1,HOBBIES_2_001,2328,15.51
STORE_1,HOBBIES_2_001,2329,15.51
STORE_1,HOBBIES_2_001,2330,15.51
STORE_1,HOBBIES_2_001,2331,15.51
STORE_1,HOBBIES_2_001,2332,15.51
STORE_1,HOBBIES_2_001,2333,15.51
STORE_1,HOBBIES_2_001,2334,15.51
STORE_1,HOBBIES_2_001,2335,16.32
STORE_1,HOBBIES_2_001,2336,16.32
STORE_1,HOBBIES_2_001,2337,16.32
STORE_1,HOBBIES_2_001,2338,16.32
STORE_1,HOBBIES_2_001,2339,16.32
STORE_1,HOBBIES_2_001,2340,16.32
STORE_1,HOBBIES_2_001,2341,12.39
STORE_1,HOBBIES_2_001,2342,12.39
STORE_1,HOBBIES_2_001,2343,12.39
STORE_1,HOBBIES_2_001,2344,12.39
STORE_1,HOBBIES_2_001,2345,12.39
STORE_1,HOBBIES_2_001,2346,12.39
STORE_1,HOBBIES_2_001,2347,12.39
STORE_1,HOBBIES_2_001,2348,12.39
STORE_1,HOBBIES_2_001,2349,12.39
STORE_1,HOBBIES_2_001,2350,12.39
STORE_1,HOBBIES_2_001,2351,12.39
STORE_1,HOBBIES_2_001,2401,12.39
STORE_1,HOBBIES_2_001,2402,12.39
STORE_1,HOBBIES_2_001,2403,12.39
STORE_1,HOBBIES_2_001,2404,12.39
STORE_1,HOBBIES_2_001,2405,12.39
STORE_1,HOBBIES_2_001,2406,12.39
STORE_1,HOBBIES_2_001,2407,12.39
STORE_1,HOBBIES_2_001,2408,12.39
STORE_1,HOBBIES_2_001,2409,16.13
STORE_1,HOBBIES_2_001,2410,16.13
STORE_1,HOBBIES_2_001,2411,16.13
STORE_1,HOBBIES_2_001,2412,16.13
STORE_1,HOBBIES_2_001,2413,16.13
STORE_1,HOBBIES_2_001,2414,16.13
STORE_1,HOBBIES_2_001,2415,16.13
STORE_1,HOBBIES_2_001,2416,16.13
STORE_1,HOBBIES_2_001,2417,16.13
STORE_1,HOBBIES_2_001,2418,16.13
STORE_1,HOBBIES_2_001,2419,16.13
STORE_1,HOBBIES_2_001,2420,16.13
STORE_1,HOBBIES_2_001,2421,16.13
STORE_1,HOBBIES_2_001,2422,16.13
STORE_1,HOBBIES_2_001,2423,16.13
STORE_1,HOBBIES_2_001,2424,16.13
STORE_1,HOBBIES_2_001,2425,16.13
STORE_1,HOBBIES_2_001,2426,16.13
STORE_1,HOBBIES_2_001,2427,16.13
STORE_1,HOBBIES_2_001,2428,16.13
STORE_1,HOBBIES_2_001,2429,16.13
STORE_1,HOBBIES_2_001,2430,16.13
STORE_1,HOBBIES_2_001,2431,13.16
STORE_1,HOBBIES_2_001,2432,13.16
STORE_1,HOBBIES_2_001,2433,13.16
STORE_1,HOBBIES_2_001,2434,13.16
STORE_1,HOBBIES_2_001,2435,13.16
STORE_1,HOBBIES_2_001,2436,13.16
STORE_1,HOBBIES_2_001,2437,13.16
STORE_1,HOBBIES_2_001,2438,13.16
STORE_1,HOBBIES_2_001,2439,13.16
STORE_1,HOBBIES_2_001,2440,13.16
STORE_1,HOBBIES_2_001,2441,13.16
STORE_1,HOBBIES_2_001,2442,13.16
STORE_1,HOBBIES_2_001,2443,13.16
STORE_1,HOBBIES_2_001,2444,13.16
STORE_1,HOBBIES_2_001,2445,13.16
STORE_1,HOBBIES_2_001,2446,12.49
STORE_1,HOBBIES_2_001,2447,12.49
STORE_1,HOBBIES_2_001,2448,12.49
STORE_1,HOBBIES_2_001,2449,12.49
STORE_1,HOBBIES_2_001,2450,12.49
STORE_1,HOBBIES_2_001,2451,12.49
STORE_1,HOBBIES_2_001,2452,12.49
STORE_1,HOBBIES_2_001,2501,12.49
STORE_1,HOBBIES_2_001,2502,12.49
STORE_1,HOBBIES_2_001,2503,12.49
STORE_1,HOBBIES_2_001,2504,12.49
STORE_1,HOBBIES_2_001,2505,12.49
STORE_1,HOBBIES_2_002,2252,57.59
STORE_1,HOBBIES_2_002,2201,57.59
STORE_1,HOBBIES_2_002,2202,57.59
STORE_1,HOBBIES_2_002,2203,57.59
STORE_1,HOBBIES_2_002,2204,57.59
STORE_1,HOBBIES_2_002,2205,57.59
STORE_1,HOBBIES_2_002,2206,57.59
STORE_1,HOBBIES_2_002,2207,57.59
STORE_1,HOBBIES_2_002,2208,57.59
STORE_1,HOBBIES_2_002,2209,57.59
STORE_1,HOBBIES_2_002,2210,57.59
STORE_1,HOBBIES_2_002,2211,57.59
STORE_1,HOBBIES_2_002,2212,57.59
STORE_1,HOBBIES_2_002,2213,57.59
STORE_1,HOBBIES_2_002,2214,57.59
STORE_1,HOBBIES_2_002,2215,57.59
STORE_1,HOBBIES_2_002,2216,57.59
STORE_1,HOBBIES_2_002,2217,57.59
STORE_1,HOBBIES_2_002,2218,57.59
STORE_1,HOBBIES_2_002,2219,57.59
STORE_1,HOBBIES_2_002,2220,57.59
STORE_1,HOBBIES_2_002,2221,57.59
STORE_1,HOBBIES_2_002,2222,57.59
STORE_1,HOBBIES_2_002,2223,57.59
STORE_1,HOBBIES_2_002,2224,57.59
STORE_1,HOBBIES_2_002,2225,57.59
STORE_1,HOBBIES_2_002,2226,57.59
STORE_1,HOBBIES_2_002,2227,57.59
STORE_1,HOBBIES_2_002,2228,57.59
STORE_1,HOBBIES_2_002,2229,57.59
STORE_1,HOBBIES_2_002,2230,57.59
STORE_1,HOBBIES_2_002,2231,57.59
STORE_1,HOBBIES_2_002,2232,57.59
STORE_1,HOBBIES_2_002,2233,57.59
STORE_1,HOBBIES_2_002,2234,57.59
STORE_1,HOBBIES_2_002,2235,57.59
STORE_1,HOBBIES_2_002,2236,57.59
STORE_1,HOBBIES_2_002,2237,57.59
STORE_1,HOBBIES_2_002,2238,57.59
STORE_1,HOBBIES_2_002,2239,57.62
STORE_1,HOBBIES_2_002,2240,57.62
STORE_1,HOBBIES_2_002,2241,57.62
STORE_1,HOBBIES_2_002,2242,57.62
STORE_1,HOBBIES_2_002,2243,57.62
STORE_1,HOBBIES_2_002,2244,57.62
STORE_1,HOBBIES_2_002,2245,57.62
STORE_1,HOBBIES_2_002,2246,57.62
STORE_1,HOBBIES_2_002,2247,57.62
STORE_1,HOBBIES_2_002,2248,57.62
STORE_1,HOBBIES_2_002,2249,57.62
STORE_1,HOBBIES_2_002,2250,57.62
STORE_1,HOBBIES_2_002,2251,57.62
STORE_1,HOBBIES_2_002,2352,57.62
STORE_1,HOBBIES_2_002,2301,57.62
STORE_1,HOBBIES_2_002,2302,57.62
STORE_1,HOBBIES_2_002,2303,57.62
STORE_1,HOBBIES_2_002,2304,57.62
STORE_1,HOBBIES_2_002,2305,57.62
STORE_1,HOBBIES_2_002,2306,57.62
STORE_1,HOBBIES_2_002,2307,66.09
STORE_1,HOBBIES_2_002,2308,66.09
STORE_1,HOBBIES_2_002,2309,66.09
STORE_1,HOBBIES_2_002,2310,66.09
STORE_1,HOBBIES_2_002,2311,66.09
STORE_1,HOBBIES_2_002,2312,66.09
STORE_1,HOBBIES_2_002,2313,66.09
STORE_1,HOBBIES_2_002,2314,61.14
STORE_1,HOBBIES_2_002,2315,61.14
STORE_1,HOBBIES_2_002,2316,61.14
STORE_1,HOBBIES_2_002,2317,61.14
STORE_1,HOBBIES_2_002,2318,61.14
STORE_1,HOBBIES_2_002,2319,61.14
STORE_1,HOBBIES_2_002,2320,61.14
STORE_1,HOBBIES_2_002,2321,61.14
STORE_1,HOBBIES_2_002,2322,61.14
STORE_1,HOBBIES_2_002,2323,61.14
STORE_1,HOBBIES_2_002,2324,61.14
STORE_1,HOBBIES_2_002,2325,61.14
STORE_1,HOBBIES_2_002,2326,44.07
STORE_1,HOBBIES_2_002,2327,44.07
STORE_1,HOBBIES_2_002,2328,44.07
STORE_1,HOBBIES_2_002,2329,44.07
STORE_1,HOBBIES_2_002,2330,44.07
STORE_1,HOBBIES_2_002,2331,44.07
STORE_1,HOBBIES_2_002,2332,44.07
STORE_1,HOBBIES_2_002,2333,44.07
STORE_1,HOBBIES_2_002,2334,44.07
STORE_1,HOBBIES_2_002,2335,44.07
STORE_1,HOBBIES_2_002,2336,44.07
STORE_1,HOBBIES_2_002,2337,44.07
STORE_1,HOBBIES_2_002,2338,44.07
STORE_1,HOBBIES_2_002,2339,44.07
STORE_1,HOBBIES_2_002,2340,44.07
STORE_1,HOBBIES_2_002,2341,44.07
STORE_1,HOBBIES_2_002,2342,44.07
STORE_1,HOBBIES_2_002,2343,47.41
STORE_1,HOBBIES_2_002,2344,47.41
STORE_1,HOBBIES_2_002,2345,47.41
STORE_1,HOBBIES_2_002,2346,47.41
STORE_1,HOBBIES_2_002,2347,47.41
STORE_1,HOBBIES_2_002,2348,47.41
STORE_1,HOBBIES_2_002,2349,47.41
STORE_1,HOBBIES_2_002,2350,47.41
STORE_1,HOBBIES_2_002,2351,56.39
STORE_1,HOBBIES_2_002,2401,56.39
STORE_1,HOBBIES_2_002,2402,56.39
STORE_1,HOBBIES_2_002,2403,56.39
STORE_1,HOBBIES_2_002,2404,56.39
STORE_1,HOBBIES_2_002,2405,56.39
STORE_1,HOBBIES_2_002,2406,56.39
STORE_1,HOBBIES_2_002,2407,56.39
STORE_1,HOBBIES_2_002,2408,56.39
STORE_1,HOBBIES_2_002,2409,56.39
STORE_1,HOBBIES_2_002,2410,56.39
STORE_1,HOBBIES_2_002,2411,56.39
STORE_1,HOBBIES_2_002,2412,56.39
STORE_1,HOBBIES_2_002,2413,56.39
STORE_1,HOBBIES_2_002,2414,56.39
STORE_1,HOBBIES_2_002,2415,56.39
STORE_1,HOBBIES_2_002,2416,56.39
STORE_1,HOBBIES_2_002,2417,56.39
STORE_1,HOBBIES_2_002,2418,56.39
STORE_1,HOBBIES_2_002,2419,56.39
STORE_1,HOBBIES_2_002,2420,56.39
STORE_1,HOBBIES_2_002,2421,56.39
STORE_1,HOBBIES_2_002,2422,56.39
STORE_1,HOBBIES_2_002,2423,56.39
STORE_1,HOBBIES_2_002,2424,56.39
STORE_1,HOBBIES_2_002,2425,56.39
STORE_1,HOBBIES_2_002,2426,56.39
STORE_1,HOBBIES_2_002,2427,56.39
STORE_1,HOBBIES_2_002,2428,56.39
STORE_1,HOBBIES_2_002,2429,56.39
STORE_1,HOBBIES_2_002,2430,56.39
STORE_1,HOBBIES_2_002,2431,56.39
STORE_1,HOBBIES_2_002,2432,56.39
STORE_1,HOBBIES_2_002,2433,56.39
STORE_1,HOBBIES_2_002,2434,56.39
STORE_1,HOBBIES_2_002,2435,56.39
STORE_1,HOBBIES_2_002,2436,56.39
STORE_1,HOBBIES_2_002,2437,44.48
STORE_1,HOBBIES_2_002,2438,44.48
STORE_1,HOBBIES_2_002,2439,44.48
STORE_1,HOBBIES_2_002,2440,44.48
STORE_1,HOBBIES_2_002,2441,44.48
STORE_1,HOBBIES_2_002,2442,44.48
STORE_1,HOBBIES_2_002,2443,44.48
STORE_1,HOBBIES_2_002,2444,55.51
STORE_1,HOBBIES_2_002,2445,55.51
STORE_1,HOBBIES_2_002,2446,55.51
STORE_1,HOBBIES_2_002,2447,55.51
STORE_1,HOBBIES_2_002,2448,55.51
STORE_1,HOBBIES_2_002,2449,55.51
STORE_1,HOBBIES_2_002,2450,55.51
STORE_1,HOBBIES_2_002,2451,55.51
STORE_1,HOBBIES_2_002,2452,55.51
STORE_1,HOBBIES_2_002,2501,55.51
STORE_1,HOBBIES_2_002,2502,55.51
STORE_1,HOBBIES_2_002,2503,55.51
STORE_1,HOBBIES_2_002,2504,55.51
STORE_1,HOBBIES_2_002,2505,55.51
STORE_1,HOBBIES_2_003,2252,38.86
STORE_1,HOBBIES_2_003,2201,38.86
STORE_1,HOBBIES_2_003,2202,38.86
STORE_1,HOBBIES_2_003,2203,38.86
STORE_1,HOBBIES_2_003,2204,38.86
STORE_1,HOBBIES_2_003,2205,38.86
STORE_1,HOBBIES_2_003,2206,38.86
STORE_1,HOBBIES_2_003,2207,38.86
STORE_1,HOBBIES_2_003,2208,38.86
STORE_1,HOBBIES_2_003,2209,38.86
STORE_1,HOBBIES_2_003,2210,38.86
STORE_1,HOBBIES_2_003,2211,38.86
STORE_1,HOBBIES_2_003,2212,38.86
STORE_1,HOBBIES_2_003,2213,38.86
STORE_1,HOBBIES_2_003,2214,38.86
STORE_1,HOBBIES_2_003,2215,38.86
STORE_1,HOBBIES_2_003,2216,43.62
STORE_1,HOBBIES_2_003,2217,43.62
STORE_1,HOBBIES_2_003,2218,43.62
STORE_1,HOBBIES_2_003,2219,43.62
STORE_1,HOBBIES_2_003,2220,43.62
STORE_1,HOBBIES_2_003,2221,43.62
STORE_1,HOBBIES_2_003,2222,43.62
STORE_1,HOBBIES_2_003,2223,43.62
STORE_1,HOBBIES_2_003,2224,43.62
STORE_1,HOBBIES_2_003,2225,43.62
STORE_1,HOBBIES_2_003,2226,43.62
STORE_1,HOBBIES_2_003,2227,43.62
STORE_1,HOBBIES_2_003,2228,43.62
STORE_1,HOBBIES_2_003,2229,43.62
STORE_1,HOBBIES_2_003,2230,43.62
STORE_1,HOBBIES_2_003,2231,43.62
STORE_1,HOBBIES_2_003,2232,43.62
STORE_1,HOBBIES_2_003,2233,43.62
STORE_1,HOBBIES_2_003,2234,43.62
STORE_1,HOBBIES_2_003,2235,43.62
STORE_1,HOBBIES_2_003,2236,43.62
STORE_1,HOBBIES_2_003,2237,37.35
STORE_1,HOBBIES_2_003,2238,37.35
STORE_1,HOBBIES_2_003,2239,37.35
STORE_1,HOBBIES_2_003,2240,37.35
STORE_1,HOBBIES_2_003,2241,37.35
STORE_1,HOBBIES_2_003,2242,37.35
STORE_1,HOBBIES_2_003,2243,37.35
STORE_1,HOBBIES_2_003,2244,37.35
STORE_1,HOBBIES_2_003,2245,37.35
STORE_1,HOBBIES_2_003,2246,37.35
STORE_1,HOBBIES_2_003,2247,37.35
STORE_1,HOBBIES_2_003,2248,37.35
STORE_1,HOBBIES_2_003,2249,37.35
STORE_1,HOBBIES_2_003,2250,37.35
STORE_1,HOBBIES_2_003,2251,37.35
STORE_1,HOBBIES_2_003,2352,37.35
STORE_1,HOBBIES_2_003,2301,37.35
STORE_1,HOBBIES_2_003,2302,37.35
STORE_1,HOBBIES_2_003,2303,37.35
STORE_1,HOBBIES_2_003,2304,37.35
STORE_1,HOBBIES_2_003,2305,37.35
STORE_1,HOBBIES_2_003,2306,37.35
STORE_1,HOBBIES_2_003,2307,37.35
STORE_1,HOBBIES_2_003,2308,37.35
STORE_1,HOBBIES_2_003,2309,37.35
STORE_1,HOBBIES_2_003,2310,37.35
STORE_1,HOBBIES_2_003,2311,37.35
STORE_1,HOBBIES_2_003,2312,42.3
STORE_1,HOBBIES_2_003,2313,40.8
STORE_1,HOBBIES_2_003,2314,40.8
STORE_1,HOBBIES_2_003,2315,40.8
STORE_1,HOBBIES_2_003,2316,40.8
STORE_1,HOBBIES_2_003,2317,40.8
STORE_1,HOBBIES_2_003,2318,40.8
STORE_1,HOBBIES_2_003,2319,40.8
STORE_1,HOBBIES_2_003,2320,40.8
STORE_1,HOBBIES_2_003,2321,40.8
STORE_1,HOBBIES_2_003,2322,40.8
STORE_1,HOBBIES_2_003,2323,40.8
STORE_1,HOBBIES_2_003,2324,40.8
STORE_1,HOBBIES_2_003,2325,40.8
STORE_1,HOBBIES_2_003,2326,40.8
STORE_1,HOBBIES_2_003,2327,40.8
STORE_1,HOBBIES_2_003,2328,40.8
STORE_1,HOBBIES_2_003,2329,40.8
STORE_1,HOBBIES_2_003,2330,40.8
STORE_1,HOBBIES_2_003,2331,40.8
STORE_1,HOBBIES_2_003,2332,40.8
STORE_1,HOBBIES_2_003,2333,40.8
STORE_1,HOBBIES_2_003,2334,40.8
STORE_1,HOBBIES_2_003,2335,40.8
STORE_1,HOBBIES_2_003,2336,40.8
STORE_1,HOBBIES_2_003,2337,40.8
STORE_1,HOBBIES_2_003,2338,40.8
STORE_1,HOBBIES_2_003,2339,40.8
STORE_1,HOBBIES_2_003,2340,40.8
STORE_1,HOBBIES_2_003,2341,40.8
STORE_1,HOBBIES_2_003,2342,40.8
STORE_1,HOBBIES_2_003,2343,40.8
STORE_1,HOBBIES_2_003,2344,41.45
STORE_1,HOBBIES_2_003,2345,41.45
STORE_1,HOBBIES_2_003,2346,41.45
STORE_1,HOBBIES_2_003,2347,41.45
STORE_1,HOBBIES_2_003,2348,41.45
STORE_1,HOBBIES_2_003,2349,41.45
STORE_1,HOBBIES_2_003,2350,41.45
STORE_1,HOBBIES_2_003,2351,41.45
STORE_1,HOBBIES_2_003,2401,41.45
STORE_1,HOBBIES_2_003,2402,41.45
STORE_1,HOBBIES_2_003,2403,41.45
STORE_1,HOBBIES_2_003,2404,41.45
STORE_1,HOBBIES_2_003,2405,41.45
STORE_1,HOBBIES_2_003,2406,41.45
STORE_1,HOBBIES_2_003,2407,41.45
STORE_1,HOBBIES_2_003,2408,41.45
STORE_1,HOBBIES_2_003,2409,41.45
STORE_1,HOBBIES_2_003,2410,41.45
STORE_1,HOBBIES_2_003,2411,41.45
STORE_1,HOBBIES_2_003,2412,41.45
STORE_1,HOBBIES_2_003,2413,41.45
STORE_1,HOBBIES_2_003,2414,41.45
STORE_1,HOBBIES_2_003,2415,41.45
STORE_1,HOBBIES_2_003,2416,41.45
STORE_1,HOBBIES_2_003,2417,41.45
STORE_1,HOBBIES_2_003,2418,29.58
STORE_1,HOBBIES_2_003,2419,29.58
STORE_1,HOBBIES_2_003,2420,29.58
STORE_1,HOBBIES_2_003,2421,29.58
STORE_1,HOBBIES_2_003,2422,29.7
STORE_1,HOBBIES_2_003,2423,29.7
STORE_1,HOBBIES_2_003,2424,29.7
STORE_1,HOBBIES_2_003,2425,29.7
STORE_1,HOBBIES_2_003,2426,29.7
STORE_1,HOBBIES_2_003,2427,29.7
STORE_1,HOBBIES_2_003,2428,29.7
STORE_1,HOBBIES_2_003,2429,29.7
STORE_1,HOBBIES_2_003,2430,29.7
STORE_1,HOBBIES_2_003,2431,29.7
STORE_1,HOBBIES_2_003,2432,29.7
STORE_1,HOBBIES_2_003,2433,29.7
STORE_1,HOBBIES_2_003,2434,29.7
STORE_1,HOBBIES_2_003,2435,29.7
STORE_1,HOBBIES_2_003,2436,29.7
STORE_1,HOBBIES_2_003,2437,29.7
STORE_1,HOBBIES_2_003,2438,29.7
STORE_1,HOBBIES_2_003,2439,29.7
STORE_1,HOBBIES_2_003,2440,29.7
STORE_1,HOBBIES_2_003,2441,29.7
STORE_1,HOBBIES_2_003,2442,29.7
STORE_1,HOBBIES_2_003,2443,29.7
STORE_1,HOBBIES_2_003,2444,29.7
STORE_1,HOBBIES_2_003,2445,29.7
STORE_1,HOBBIES_2_003,2446,29.7
STORE_1,HOBBIES_2_003,2447,29.7
STORE_1,HOBBIES_2_003,2448,29.7
STORE_1,HOBBIES_2_003,2449,29.7
STORE_1,HOBBIES_2_003,2450,29.7
STORE_1,HOBBIES_2_003,2451,29.7
STORE_1,HOBBIES_2_003,2452,29.7
STORE_1,HOBBIES_2_003,2501,29.7
STORE_1,HOBBIES_2_003,2502,29.7
STORE_1,HOBBIES_2_003,2503,29.7
STORE_1,HOBBIES_2_003,2504,29.7
STORE_1,HOBBIES_2_003,2505,29.7
STORE_1,HOBBIES_2_004,2252,32.83
STORE_1,HOBBIES_2_004,2201,32.83
STORE_1,HOBBIES_2_004,2202,32.83
STORE_1,HOBBIES_2_004,2203,32.83
STORE_1,HOBBIES_2_004,2204,32.83
STORE_1,HOBBIES_2_004,2205,32.83
STORE_1,HOBBIES_2_004,2206,32.83
STORE_1,HOBBIES_2_004,2207,32.83
STORE_1,HOBBIES_2_004,2208,32.83
STORE_1,HOBBIES_2_004,2209,32.83
STORE_1,HOBBIES_2_004,2210,32.83
STORE_1,HOBBIES_2_004,2211,32.83
STORE_1,HOBBIES_2_004,2212,32.83
STORE_1,HOBBIES_2_004,2213,32.83
STORE_1,HOBBIES_2_004,2214,32.83
STORE_1,HOBBIES_2_004,2215,32.83
STORE_1,HOBBIES_2_004,2216,32.83
STORE_1,HOBBIES_2_004,2217,32.83
STORE_1,HOBBIES_2_004,2218,32.83
STORE_1,HOBBIES_2_004,2219,32.83
STORE_1,HOBBIES_2_004,2220,32.83
STORE_1,HOBBIES_2_004,2221,32.83
STORE_1,HOBBIES_2_004,2222,32.83
STORE_1,HOBBIES_2_004,2223,32.83
STORE_1,HOBBIES_2_004,2224,32.83
STORE_1,HOBBIES_2_004,2225,32.83
STORE_1,HOBBIES_2_004,2226,32.83
STORE_1,HOBBIES_2_004,2227,32.83
STORE_1,HOBBIES_2_004,2228,32.83
STORE_1,HOBBIES_2_004,2229,32.83
STORE_1,HOBBIES_2_004,2230,32.83
STORE_1,HOBBIES_2_004,2231,32.83
STORE_1,HOBBIES_2_004,2232,32.83
STORE_1,HOBBIES_2_004,2233,32.83
STORE_1,HOBBIES_2_004,2234,32.83
STORE_1,HOBBIES_2_004,2235,32.83
STORE_1,HOBBIES_2_004,2236,32.83
STORE_1,HOBBIES_2_004,2237,32.83
STORE_1,HOBBIES_2_004,2238,32.83
STORE_1,HOBBIES_2_004,2239,32.83
STORE_1,HOBBIES_2_004,2240,32.83
STORE_1,HOBBIES_2_004,2241,32.83
STORE_1,HOBBIES_2_004,2242,32.83
STORE_1,HOBBIES_2_004,2243,32.83
STORE_1,HOBBIES_2_004,2244,32.83
STORE_1,HOBBIES_2_004,2245,32.83
STORE_1,HOBBIES_2_004,2246,32.83
STORE_1,HOBBIES_2_004,2247,32.83
STORE_1,HOBBIES_2_004,2248,32.83
STORE_1,HOBBIES_2_004,2249,32.83
STORE_1,HOBBIES_2_004,2250,32.83
STORE_1,HOBBIES_2_004,2251,32.83
STORE_1,HOBBIES_2_004,2352,32.83
STORE_1,HOBBIES_2_004,2301,32.83
STORE_1,HOBBIES_2_004,2302,32.83
STORE_1,HOBBIES_2_004,2303,32.83
STORE_1,HOBBIES_2_004,2304,32.83
STORE_1,HOBBIES_2_004,2305,32.83
STORE_1,HOBBIES_2_004,2306,32.83
STORE_1,HOBBIES_2_004,2307,32.83
STORE_1,HOBBIES_2_004,2308,32.83
STORE_1,HOBBIES_2_004,2309,32.83
STORE_1,HOBBIES_2_004,2310,32.83
STORE_1,HOBBIES_2_004,2311,32.83
STORE_1,HOBBIES_2_004,2312,32.83
STORE_1,HOBBIES_2_004,2313,32.83
STORE_1,HOBBIES_2_004,2314,32.83
STORE_1,HOBBIES_2_004,2315,32.83
STORE_1,HOBBIES_2_004,2316,32.83
STORE_1,HOBBIES_2_004,2317,32.83
STORE_1,HOBBIES_2_004,2318,32.83
STORE_1,HOBBIES_2_004,2319,32.83
STORE_1,HOBBIES_2_004,2320,32.83
STORE_1,HOBBIES_2_004,2321,32.83
STORE_1,HOBBIES_2_004,2322,32.83
STORE_1,HOBBIES_2_004,2323,32.83
STORE_1,HOBBIES_2_004,2324,32.83
STORE_1,HOBBIES_2_004,2325,32.83
STORE_1,HOBBIES_2_004,2326,32.83
STORE_1,HOBBIES_2_004,2327,32.83
STORE_1,HOBBIES_2_004,2328,32.83
STORE_1,HOBBIES_2_004,2329,32.83
STORE_1,HOBBIES_2_004,2330,32.83
STORE_1,HOBBIES_2_004,2331,32.83
STORE_1,HOBBIES_2_004,2332,32.83
STORE_1,HOBBIES_2_004,2333,32.83
STORE_1,HOBBIES_2_004,2334,32.83
STORE_1,HOBBIES_2_004,2335,32.83
STORE_1,HOBBIES_2_004,2336,32.83
STORE_1,HOBBIES_2_004,2337,32.83
STORE_1,HOBBIES_2_004,2338,32.83
STORE_1,HOBBIES_2_004,2339,32.83
STORE_1,HOBBIES_2_004,2340,31.51
STORE_1,HOBBIES_2_004,2341,31.51
STORE_1,HOBBIES_2_004,2342,31.51
STORE_1,HOBBIES_2_004,2343,31.51
STORE_1,HOBBIES_2_004,2344,31.51
STORE_1,HOBBIES_2_004,2345,31.51
STORE_1,HOBBIES_2_004,2346,31.51
STORE_1,HOBBIES_2_004,2347,34.58
STORE_1,HOBBIES_2_004,2348,34.58
STORE_1,HOBBIES_2_004,2349,34.58
STORE_1,HOBBIES_2_004,2350,34.58
STORE_1,HOBBIES_2_004,2351,34.58
STORE_1,HOBBIES_2_004,2401,34.58
STORE_1,HOBBIES_2_004,2402,34.58
STORE_1,HOBBIES_2_004,2403,34.58
STORE_1,HOBBIES_2_004,2404,34.58
STORE_1,HOBBIES_2_004,2405,34.58
STORE_1,HOBBIES_2_004,2406,34.58
STORE_1,HOBBIES_2_004,2407,34.58
STORE_1,HOBBIES_2_004,2408,34.58
STORE_1,HOBBIES_2_004,2409,34.58
STORE_1,HOBBIES_2_004,2410,26.13
STORE_1,HOBBIES_2_004,2411,26.13
STORE_1,HOBBIES_2_004,2412,26.13
STORE_1,HOBBIES_2_004,2413,26.13
STORE_1,HOBBIES_2_004,2414,26.13
STORE_1,HOBBIES_2_004,2415,26.13
STORE_1,HOBBIES_2_004,2416,26.13
STORE_1,HOBBIES_2_004,2417,26.13
STORE_1,HOBBIES_2_004,2418,26.13
STORE_1,HOBBIES_2_004,2419,26.13
STORE_1,HOBBIES_2_004,2420,26.13
STORE_1,HOBBIES_2_004,2421,26.13
STORE_1,HOBBIES_2_004,2422,26.13
STORE_1,HOBBIES_2_004,2423,26.13
STORE_1,HOBBIES_2_004,2424,26.13
STORE_1,HOBBIES_2_004,2425,26.13
STORE_1,HOBBIES_2_004,2426,26.13
STORE_1,HOBBIES_2_004,2427,26.13
STORE_1,HOBBIES_2_004,2428,26.13
STORE_1,HOBBIES_2_004,2429,26.13
STORE_1,HOBBIES_2_004,2430,26.13
STORE_1,HOBBIES_2_004,2431,26.13
STORE_1,HOBBIES_2_004,2432,26.13
STORE_1,HOBBIES_2_004,2433,26.13
STORE_1,HOBBIES_2_004,2434,26.13
STORE_1,HOBBIES_2_004,2435,26.13
STORE_1,HOBBIES_2_004,2436,26.13
STORE_1,HOBBIES_2_004,2437,26.13
STORE_1,HOBBIES_2_004,2438,26.13
STORE_1,HOBBIES_2_004,2439,26.13
STORE_1,HOBBIES_2_004,2440,26.13
STORE_1,HOBBIES_2_004,2441,26.13
STORE_1,HOBBIES_2_004,2442,26.13
STORE_1,HOBBIES_2_004,2443,26.13
STORE_1,HOBBIES_2_004,2444,26.13
STORE_1,HOBBIES_2_004,2445,26.13
STORE_1,HOBBIES_2_004,2446,26.13
STORE_1,HOBBIES_2_004,2447,26.13
STORE_1,HOBBIES_2_004,2448,26.13
STORE_1,HOBBIES_2_004,2449,26.13
STORE_1,HOBBIES_2_004,2450,26.13
STORE_1,HOBBIES_2_004,2451,26.13
STORE_1,HOBBIES_2_004,2452,26.13
STORE_1,HOBBIES_2_004,2501,26.13
STORE_1,HOBBIES_2_004,2502,26.13
STORE_1,HOBBIES_2_004,2503,26.13
STORE_1,HOBBIES_2_004,2504,26.13
STORE_1,HOBBIES_2_004,2505,26.13
STORE_1,HOBBIES_2_005,2252,28.07
STORE_1,HOBBIES_2_005,2201,28.07
STORE_1,HOBBIES_2_005,2202,28.07
STORE_1,HOBBIES_2_005,2203,28.07
STORE_1,HOBBIES_2_005,2204,28.07
STORE_1,HOBBIES_2_005,2205,28.07
STORE_1,HOBBIES_2_005,2206,28.07
STORE_1,HOBBIES_2_005,2207,28.07
STORE_1,HOBBIES_2_005,2208,28.07
STORE_1,HOBBIES_2_005,2209,28.07
STORE_1,HOBBIES_2_005,2210,28.07
STORE_1,HOBBIES_2_005,2211,28.07
STORE_1,HOBBIES_2_005,2212,28.07
STORE_1,HOBBIES_2_005,2213,28.07
STORE_1,HOBBIES_2_005,2214,32.18
STORE_1,HOBBIES_2_005,2215,32.18
STORE_1,HOBBIES_2_005,2216,32.18
STORE_1,HOBBIES_2_005,2217,32.18
STORE_1,HOBBIES_2_005,2218,32.18
STORE_1,HOBBIES_2_005,2219,32.18
STORE_1,HOBBIES_2_005,2220,26.02
STORE_1,HOBBIES_2_005,2221,26.02
STORE_1,HOBBIES_2_005,2222,26.02
STORE_1,HOBBIES_2_005,2223,26.02
STORE_1,HOBBIES_2_005,2224,26.02
STORE_1,HOBBIES_2_005,2225,26.02
STORE_1,HOBBIES_2_005,2226,26.02
STORE_1,HOBBIES_2_005,2227,26.02
STORE_1,HOBBIES_2_005,2228,26.02
STORE_1,HOBBIES_2_005,2229,26.02
STORE_1,HOBBIES_2_005,2230,26.02
STORE_1,HOBBIES_2_005,2231,26.02
STORE_1,HOBBIES_2_005,2232,26.02
STORE_1,HOBBIES_2_005,2233,26.02
STORE_1,HOBBIES_2_005,2234,26.02
STORE_1,HOBBIES_2_005,2235,26.02
STORE_1,HOBBIES_2_005,2236,26.02
STORE_1,HOBBIES_2_005,2237,26.02
STORE_1,HOBBIES_2_005,2238,26.02
STORE_1,HOBBIES_2_005,2239,26.02
STORE_1,HOBBIES_2_005,2240,26.02
STORE_1,HOBBIES_2_005,2241,26.02
STORE_1,HOBBIES_2_005,2242,26.02
STORE_1,HOBBIES_2_005,2243,26.02
STORE_1,HOBBIES_2_005,2244,26.02
STORE_1,HOBBIES_2_005,2245,26.02
STORE_1,HOBBIES_2_005,2246,26.02
STORE_1,HOBBIES_2_005,2247,26.02
STORE_1,HOBBIES_2_005,2248,26.02
STORE_1,HOBBIES_2_005,2249,26.02
STORE_1,HOBBIES_2_005,2250,26.02
STORE_1,HOBBIES_2_005,2251,26.81
STORE_1,HOBBIES_2_005,2352,26.81
STORE_1,HOBBIES_2_005,2301,26.81
STORE_1,HOBBIES_2_005,2302,26.81
STORE_1,HOBBIES_2_005,2303,26.81
STORE_1,HOBBIES_2_005,2304,26.81
STORE_1,HOBBIES_2_005,2305,26.81
STORE_1,HOBBIES_2_005,2306,26.81
STORE_1,HOBBIES_2_005,2307,26.81
STORE_1,HOBBIES_2_005,2308,26.81
STORE_1,HOBBIES_2_005,2309,26.81
STORE_1,HOBBIES_2_005,2310,26.81
STORE_1,HOBBIES_2_005,2311,26.81
STORE_1,HOBBIES_2_005,2312,26.81
STORE_1,HOBBIES_2_005,2313,26.81
STORE_1,HOBBIES_2_005,2314,26.81
STORE_1,HOBBIES_2_005,2315,26.81
STORE_1,HOBBIES_2_005,2316,26.81
STORE_1,HOBBIES_2_005,2317,27.33
STORE_1,HOBBIES_2_005,2318,27.33
STORE_1,HOBBIES_2_005,2319,27.33
STORE_1,HOBBIES_2_005,2320,27.33
STORE_1,HOBBIES_2_005,2321,27.33
STORE_1,HOBBIES_2_005,2322,27.33
STORE_1,HOBBIES_2_005,2323,27.33
STORE_1,HOBBIES_2_005,2324,27.33
STORE_1,HOBBIES_2_005,2325,27.33
STORE_1,HOBBIES_2_005,2326,27.33
STORE_1,HOBBIES_2_005,2327,27.33
STORE_1,HOBBIES_2_005,2328,27.33
STORE_1,HOBBIES_2_005,2329,27.33
STORE_1,HOBBIES_2_005,2330,27.33
STORE_1,HOBBIES_2_005,2331,27.33
STORE_1,HOBBIES_2_005,2332,27.33
STORE_1,HOBBIES_2_005,2333,27.33
STORE_1,HOBBIES_2_005,2334,27.33
STORE_1,HOBBIES_2_005,2335,27.33
STORE_1,HOBBIES_2_005,2336,27.33
STORE_1,HOBBIES_2_005,2337,27.33
STORE_1,HOBBIES_2_005,2338,27.33
STORE_1,HOBBIES_2_005,2339,27.33
STORE_1,HOBBIES_2_005,2340,27.33
STORE_1,HOBBIES_2_005,2341,27.33
STORE_1,HOBBIES_2_005,2342,27.33
STORE_1,HOBBIES_2_005,2343,27.33
STORE_1,HOBBIES_2_005,2344,27.33
STORE_1,HOBBIES_2_005,2345,27.33
STORE_1,HOBBIES_2_005,2346,27.33
STORE_1,HOBBIES_2_005,2347,27.33
STORE_1,HOBBIES_2_005,2348,27.33
STORE_1,HOBBIES_2_005,2349,27.33
STORE_1,HOBBIES_2_005,2350,27.33
STORE_1,HOBBIES_2_005,2351,27.33
STORE_1,HOBBIES_2_005,2401,27.33
STORE_1,HOBBIES_2_005,2402,27.33
STORE_1,HOBBIES_2_005,2403,27.33
STORE_1,HOBBIES_2_005,2404,27.33
STORE_1,HOBBIES_2_005,2405,31.91
STORE_1,HOBBIES_2_005,2406,31.91
STORE_1,HOBBIES_2_005,2407,31.91
STORE_1,HOBBIES_2_005,2408,31.91
STORE_1,HOBBIES_2_005,2409,31.91
STORE_1,HOBBIES_2_005,2410,31.91
STORE_1,HOBBIES_2_005,2411,31.91
STORE_1,HOBBIES_2_005,2412,31.91
STORE_1,HOBBIES_2_005,2413,31.91
STORE_1,HOBBIES_2_005,2414,31.91
STORE_1,HOBBIES_2_005,2415,31.91
STORE_1,HOBBIES_2_005,2416,31.91
STORE_1,HOBBIES_2_005,2417,31.91
STORE_1,HOBBIES_2_005,2418,22.34
STORE_1,HOBBIES_2_005,2419,22.34
STORE_1,HOBBIES_2_005,2420,22.34
STORE_1,HOBBIES_2_005,2421,22.34
STORE_1,HOBBIES_2_005,2422,22.34
STORE_1,HOBBIES_2_005,2423,22.34
STORE_1,HOBBIES_2_005,2424,22.34
STORE_1,HOBBIES_2_005,2425,22.34
STORE_1,HOBBIES_2_005,2426,29.08
STORE_1,HOBBIES_2_005,2427,29.08
STORE_1,HOBBIES_2_005,2428,29.08
STORE_1,HOBBIES_2_005,2429,29.08
STORE_1,HOBBIES_2_005,2430,29.08
STORE_1,HOBBIES_2_005,2431,29.08
STORE_1,HOBBIES_2_005,2432,29.08
STORE_1,HOBBIES_2_005,2433,29.08
STORE_1,HOBBIES_2_005,2434,29.08
STORE_1,HOBBIES_2_005,2435,29.08
STORE_1,HOBBIES_2_005,2436,29.08
STORE_1,HOBBIES_2_005,2437,29.08
STORE_1,HOBBIES_2_005,2438,25.86
STORE_1,HOBBIES_2_005,2439,31.27
STORE_1,HOBBIES_2_005,2440,31.27
STORE_1,HOBBIES_2_005,2441,31.27
STORE_1,HOBBIES_2_005,2442,31.27
STORE_1,HOBBIES_2_005,2443,31.27
STORE_1,HOBBIES_2_005,2444,31.27
STORE_1,HOBBIES_2_005,2445,31.27
STORE_1,HOBBIES_2_005,2446,31.27
STORE_1,HOBBIES_2_005,2447,31.27
STORE_1,HOBBIES_2_005,2448,31.27
STORE_1,HOBBIES_2_005,2449,31.27
STORE_1,HOBBIES_2_005,2450,31.27
STORE_1,HOBBIES_2_005,2451,31.27
STORE_1,HOBBIES_2_005,2452,31.27
STORE_1,HOBBIES_2_005,2501,31.27
STORE_1,HOBBIES_2_005,2502,30.24
STORE_1,HOBBIES_2_005,2503,30.24
STORE_1,HOBBIES_2_005,2504,30.24
STORE_1,HOBBIES_2_005,2505,30.24
STORE_1,HOBBIES_2_006,2252,13.69
STORE_1,HOBBIES_2_006,2201,13.69
STORE_1,HOBBIES_2_006,2202,15.29
STORE_1,HOBBIES_2_006,2203,15.29
STORE_1,HOBBIES_2_006,2204,15.29
STORE_1,HOBBIES_2_006,2205,15.29
STORE_1,HOBBIES_2_006,2206,15.29
STORE_1,HOBBIES_2_006,2207,15.29
STORE_1,HOBBIES_2_006,2208,15.29
STORE_1,HOBBIES_2_006,2209,15.29
STORE_1,HOBBIES_2_006,2210,15.29
STORE_1,HOBBIES_2_006,2211,15.29
STORE_1,HOBBIES_2_006,2212,15.29
STORE_1,HOBBIES_2_006,2213,15.29
STORE_1,HOBBIES_2_006,2214,15.29
STORE_1,HOBBIES_2_006,2215,15.29
STORE_1,HOBBIES_2_006,2216,15.29
STORE_1,HOBBIES_2_006,2217,15.29
STORE_1,HOBBIES_2_006,2218,15.29
STORE_1,HOBBIES_2_006,2219,15.29
STORE_1,HOBBIES_2_006,2220,15.29
STORE_1,HOBBIES_2_006,2221,15.29
STORE_1,HOBBIES_2_006,2222,15.29
STORE_1,HOBBIES_2_006,2223,15.29
STORE_1,HOBBIES_2_006,2224,15.29
STORE_1,HOBBIES_2_006,2225,15.29
STORE_1,HOBBIES_2_006,2226,15.29
STORE_1,HOBBIES_2_006,2227,15.29
STORE_1,HOBBIES_2_006,2228,15.29
STORE_1,HOBBIES_2_006,2229,15.29
STORE_1,HOBBIES_2_006,2230,15.29
STORE_1,HOBBIES_2_006,2231,15.29
STORE_1,HOBBIES_2_006,2232,12.77
STORE_1,HOBBIES_2_006,2233,12.77
STORE_1,HOBBIES_2_006,2234,12.77
STORE_1,HOBBIES_2_006,2235,12.77
STORE_1,HOBBIES_2_006,2236,12.77
STORE_1,HOBBIES_2_006,2237,12.77
STORE_1,HOBBIES_2_006,2238,12.77
STORE_1,HOBBIES_2_006,2239,12.77
STORE_1,HOBBIES_2_006,2240,12.77
STORE_1,HOBBIES_2_006,2241,12.77
STORE_1,HOBBIES_2_006,2242,12.77
STORE_1,HOBBIES_2_006,2243,12.77
STORE_1,HOBBIES_2_006,2244,12.77
STORE_1,HOBBIES_2_006,2245,12.77
STORE_1,HOBBIES_2_006,2246,12.77
STORE_1,HOBBIES_2_006,2247,12.77
STORE_1,HOBBIES_2_006,2248,12.77
STORE_1,HOBBIES_2_006,2249,12.77
STORE_1,HOBBIES_2_006,2250,12.77
STORE_1,HOBBIES_2_006,2251,12.77
STORE_1,HOBBIES_2_006,2352,12.77
STORE_1,HOBBIES_2_006,2301,12.77
STORE_1,HOBBIES_2_006,2302,12.77
STORE_1,HOBBIES_2_006,2303,12.77
STORE_1,HOBBIES_2_006,2304,12.77
STORE_1,HOBBIES_2_006,2305,12.77
STORE_1,HOBBIES_2_006,2306,12.77
STORE_1,HOBBIES_2_006,2307,12.77
STORE_1,HOBBIES_2_006,2308,12.77
STORE_1,HOBBIES_2_006,2309,12.77
STORE_1,HOBBIES_2_006,2310,12.77
STORE_1,HOBBIES_2_006,2311,12.77
STORE_1,HOBBIES_2_006,2312,12.77
STORE_1,HOBBIES_2_006,2313,12.77
STORE_1,HOBBIES_2_006,2314,12.77
STORE_1,HOBBIES_2_006,2315,12.77
STORE_1,HOBBIES_2_006,2316,12.77
STORE_1,HOBBIES_2_006,2317,12.77
STORE_1,HOBBIES_2_006,2318,12.77
STORE_1,HOBBIES_2_006,2319,12.77
STORE_1,HOBBIES_2_006,2320,12.77
STORE_1,HOBBIES_2_006,2321,12.77
STORE_1,HOBBIES_2_006,2322,12.77
STORE_1,HOBBIES_2_006,2323,12.77
STORE_1,HOBBIES_2_006,2324,12.77
STORE_1,HOBBIES_2_006,2325,12.77
STORE_1,HOBBIES_2_006,2326,12.77
STORE_1,HOBBIES_2_006,2327,11.77
STORE_1,HOBBIES_2_006,2328,11.77
STORE_1,HOBBIES_2_006,2329,11.77
STORE_1,HOBBIES_2_006,2330,11.77
STORE_1,HOBBIES_2_006,2331,11.77
STORE_1,HOBBIES_2_006,2332,11.77
STORE_1,HOBBIES_2_006,2333,11.77
STORE_1,HOBBIES_2_006,2334,11.77
STORE_1,HOBBIES_2_006,2335,11.77
STORE_1,HOBBIES_2_006,2336,13.54
STORE_1,HOBBIES_2_006,2337,13.54
STORE_1,HOBBIES_2_006,2338,13.54
STORE_1,HOBBIES_2_006,2339,13.54
STORE_1,HOBBIES_2_006,2340,13.54
STORE_1,HOBBIES_2_006,2341,13.54
STORE_1,HOBBIES_2_006,2342,10.79
STORE_1,HOBBIES_2_006,2343,10.79
STORE_1,HOBBIES_2_006,2344,10.79
STORE_1,HOBBIES_2_006,2345,10.79
STORE_1,HOBBIES_2_006,2346,10.79
STORE_1,HOBBIES_2_006,2347,10.79
STORE_1,HOBBIES_2_006,2348,11.75
STORE_1,HOBBIES_2_006,2349,11.75
STORE_1,HOBBIES_2_006,2350,11.75
STORE_1,HOBBIES_2_006,2351,11.75
STORE_1,HOBBIES_2_006,2401,11.75
STORE_1,HOBBIES_2_006,2402,11.75
STORE_1,HOBBIES_2_006,2403,11.75
STORE_1,HOBBIES_2_006,2404,11.75
STORE_1,HOBBIES_2_006,2405,11.75
STORE_1,HOBBIES_2_006,2406,11.75
STORE_1,HOBBIES_2_006,2407,11.75
STORE_1,HOBBIES_2_006,2408,11.75
STORE_1,HOBBIES_2_006,2409,11.75
STORE_1,HOBBIES_2_006,2410,11.75
STORE_1,HOBBIES_2_006,2411,11.75
STORE_1,HOBBIES_2_006,2412,11.75
STORE_1,HOBBIES_2_006,2413,11.75
STORE_1,HOBBIES_2_006,2414,11.75
STORE_1,HOBBIES_2_006,2415,11.75
STORE_1,HOBBIES_2_006,2416,11.75
STORE_1,HOBBIES_2_006,2417,11.75
STORE_1,HOBBIES_2_006,2418,11.75
STORE_1,HOBBIES_2_006,2419,11.75
STORE_1,HOBBIES_2_006,2420,11.75
STORE_1,HOBBIES_2_006,2421,11.75
STORE_1,HOBBIES_2_006,2422,11.75
STORE_1,HOBBIES_2_006,2423,11.75
STORE_1,HOBBIES_2_006,2424,11.75
STORE_1,HOBBIES_2_006,2425,11.75
STORE_1,HOBBIES_2_006,2426,11.75
STORE_1,HOBBIES_2_006,2427,11.75
STORE_1,HOBBIES_2_006,2428,11.75
STORE_1,HOBBIES_2_006,2429,11.75
STORE_1,HOBBIES_2_006,2430,11.75
STORE_1,HOBBIES_2_006,2431,11.75
STORE_1,HOBBIES_2_006,2432,11.75
STORE_1,HOBBIES_2_006,2433,11.75
STORE_1,HOBBIES_2_006,2434,11.75
STORE_1,HOBBIES_2_006,2435,11.75
STORE_1,HOBBIES_2_006,2436,11.75
STORE_1,HOBBIES_2_006,2437,11.75
STORE_1,HOBBIES_2_006,2438,11.75
STORE_1,HOBBIES_2_006,2439,11.75
STORE_1,HOBBIES_2_006,2440,11.75
STORE_1,HOBBIES_2_006,2441,11.75
STORE_1,HOBBIES_2_006,2442,11.75
STORE_1,HOBBIES_2_006,2443,11.75
STORE_1,HOBBIES_2_006,2444,11.75
STORE_1,HOBBIES_2_006,2445,11.75
STORE_1,HOBBIES_2_006,2446,11.75
STORE_1,HOBBIES_2_006,2447,11.75
STORE_1,HOBBIES_2_006,2448,11.75
STORE_1,HOBBIES_2_006,2449,11.75
STORE_1,HOBBIES_2_006,2450,11.75
STORE_1,HOBBIES_2_006,2451,11.75
STORE_1,HOBBIES_2_006,2452,11.75
STORE_1,HOBBIES_2_006,2501,11.75
STORE_1,HOBBIES_2_006,2502,11.75
STORE_1,HOBBIES_2_006,2503,11.75
STORE_1,HOBBIES_2_006,2504,11.75
STORE_1,HOBBIES_2_006,2505,11.75
STORE_1,HOBBIES_2_007,2252,49.08
STORE_1,HOBBIES_2_007,2201,49.08
STORE_1,HOBBIES_2_007,2202,49.08
STORE_1,HOBBIES_2_007,2203,49.08
STORE_1,HOBBIES_2_007,2204,49.08
STORE_1,HOBBIES_2_007,2205,49.08
STORE_1,HOBBIES_2_007,2206,49.08
STORE_1,HOBBIES_2_007,2207,49.08
STORE_1,HOBBIES_2_007,2208,49.08
STORE_1,HOBBIES_2_007,2209,49.08
STORE_1,HOBBIES_2_007,2210,49.08
STORE_1,HOBBIES_2_007,2211,48.09
STORE_1,HOBBIES_2_007,2212,48.09
STORE_1,HOBBIES_2_007,2213,53.72
STORE_1,HOBBIES_2_007,2214,53.72
STORE_1,HOBBIES_2_007,2215,53.72
STORE_1,HOBBIES_2_007,2216,53.72
STORE_1,HOBBIES_2_007,2217,53.72
STORE_1,HOBBIES_2_007,2218,53.72
STORE_1,HOBBIES_2_007,2219,53.72
STORE_1,HOBBIES_2_007,2220,53.72
STORE_1,HOBBIES_2_007,2221,53.72
STORE_1,HOBBIES_2_007,2222,53.72
STORE_1,HOBBIES_2_007,2223,53.72
STORE_1,HOBBIES_2_007,2224,53.72
STORE_1,HOBBIES_2_007,2225,53.72
STORE_1,HOBBIES_2_007,2226,53.72
STORE_1,HOBBIES_2_007,2227,53.72
STORE_1,HOBBIES_2_007,2228,53.72
STORE_1,HOBBIES_2_007,2229,53.72
STORE_1,HOBBIES_2_007,2230,53.72
STORE_1,HOBBIES_2_007,2231,53.72
STORE_1,HOBBIES_2_007,2232,53.72
STORE_1,HOBBIES_2_007,2233,53.72
STORE_1,HOBBIES_2_007,2234,53.72
STORE_1,HOBBIES_2_007,2235,53.72
STORE_1,HOBBIES_2_007,2236,53.72
STORE_1,HOBBIES_2_007,2237,53.72
STORE_1,HOBBIES_2_007,2238,53.72
STORE_1,HOBBIES_2_007,2239,53.72
STORE_1,HOBBIES_2_007,2240,53.72
STORE_1,HOBBIES_2_007,2241,53.72
STORE_1,HOBBIES_2_007,2242,53.72
STORE_1,HOBBIES_2_007,2243,53.72
STORE_1,HOBBIES_2_007,2244,53.72
STORE_1,HOBBIES_2_007,2245,53.72
STORE_1,HOBBIES_2_007,2246,53.72
STORE_1,HOBBIES_2_007,2247,53.72
STORE_1,HOBBIES_2_007,2248,53.72
STORE_1,HOBBIES_2_007,2249,53.72
STORE_1,HOBBIES_2_007,2250,53.72
STORE_1,HOBBIES_2_007,2251,53.72
STORE_1,HOBBIES_2_007,2352,53.72
STORE_1,HOBBIES_2_007,2301,53.72
STORE_1,HOBBIES_2_007,2302,53.72
STORE_1,HOBBIES_2_007,2303,53.72
STORE_1,HOBBIES_2_007,2304,53.72
STORE_1,HOBBIES_2_007,2305,53.72
STORE_1,HOBBIES_2_007,2306,53.72
STORE_1,HOBBIES_2_007,2307,53.72
STORE_1,HOBBIES_2_007,2308,53.72
STORE_1,HOBBIES_2_007,2309,53.72
STORE_1,HOBBIES_2_007,2310,43.25
STORE_1,HOBBIES_2_007,2311,43.25
STORE_1,HOBBIES_2_007,2312,43.25
STORE_1,HOBBIES_2_007,2313,43.25
STORE_1,HOBBIES_2_007,2314,43.25
STORE_1,HOBBIES_2_007,2315,43.25
STORE_1,HOBBIES_2_007,2316,43.25
STORE_1,HOBBIES_2_007,2317,43.25
STORE_1,HOBBIES_2_007,2318,43.25
STORE_1,HOBBIES_2_007,2319,43.25
STORE_1,HOBBIES_2_007,2320,43.25
STORE_1,HOBBIES_2_007,2321,43.25
STORE_1,HOBBIES_2_007,2322,43.25
STORE_1,HOBBIES_2_007,2323,43.25
STORE_1,HOBBIES_2_007,2324,43.25
STORE_1,HOBBIES_2_007,2325,43.25
STORE_1,HOBBIES_2_007,2326,43.25
STORE_1,HOBBIES_2_007,2327,43.25
STORE_1,HOBBIES_2_007,2328,43.25
STORE_1,HOBBIES_2_007,2329,43.25
STORE_1,HOBBIES_2_007,2330,48.63
STORE_1,HOBBIES_2_007,2331,48.63
STORE_1,HOBBIES_2_007,2332,48.63
STORE_1,HOBBIES_2_007,2333,48.63
STORE_1,HOBBIES_2_007,2334,48.63
STORE_1,HOBBIES_2_007,2335,48.63
STORE_1,HOBBIES_2_007,2336,48.63
STORE_1,HOBBIES_2_007,2337,48.63
STORE_1,HOBBIES_2_007,2338,48.63
STORE_1,HOBBIES_2_007,2339,48.63
STORE_1,HOBBIES_2_007,2340,48.63
STORE_1,HOBBIES_2_007,2341,48.63
STORE_1,HOBBIES_2_007,2342,48.63
STORE_1,HOBBIES_2_007,2343,48.63
STORE_1,HOBBIES_2_007,2344,48.63
STORE_1,HOBBIES_2_007,2345,48.63
STORE_1,HOBBIES_2_007,2346,48.63
STORE_1,HOBBIES_2_007,2347,48.63
STORE_1,HOBBIES_2_007,2348,48.63
STORE_1,HOBBIES_2_007,2349,48.63
STORE_1,HOBBIES_2_007,2350,48.63
STORE_1,HOBBIES_2_007,2351,48.63
STORE_1,HOBBIES_2_007,2401,48.63
STORE_1,HOBBIES_2_007,2402,48.63
STORE_1,HOBBIES_2_007,2403,48.63
STORE_1,HOBBIES_2_007,2404,48.63
STORE_1,HOBBIES_2_007,2405,48.63
STORE_1,HOBBIES_2_007,2406,48.63
STORE_1,HOBBIES_2_007,2407,48.63
STORE_1,HOBBIES_2_007,2408,48.63
STORE_1,HOBBIES_2_007,2409,48.63
STORE_1,HOBBIES_2_007,2410,48.63
STORE_1,HOBBIES_2_007,2411,48.63
STORE_1,HOBBIES_2_007,2412,48.63
STORE_1,HOBBIES_2_007,2413,48.63
STORE_1,HOBBIES_2_007,2414,48.63
STORE_1,HOBBIES_2_007,2415,48.63
STORE_1,HOBBIES_2_007,2416,48.63
STORE_1,HOBBIES_2_007,2417,48.63
STORE_1,HOBBIES_2_007,2418,48.63
STORE_1,HOBBIES_2_007,2419,48.63
STORE_1,HOBBIES_2_007,2420,48.63
STORE_1,HOBBIES_2_007,2421,48.63
STORE_1,HOBBIES_2_007,2422,48.63
STORE_1,HOBBIES_2_007,2423,48.63
STORE_1,HOBBIES_2_007,2424,48.63
STORE_1,HOBBIES_2_007,2425,48.63
STORE_1,HOBBIES_2_007,2426,48.63
STORE_1,HOBBIES_2_007,2427,48.63
STORE_1,HOBBIES_2_007,2428,48.63
STORE_1,HOBBIES_2_007,2429,48.63
STORE_1,HOBBIES_2_007,2430,48.63
STORE_1,HOBBIES_2_007,2431,48.63
STORE_1,HOBBIES_2_007,2432,48.63
STORE_1,HOBBIES_2_007,2433,48.63
STORE_1,HOBBIES_2_007,2434,48.63
STORE_1,HOBBIES_2_007,2435,48.63
STORE_1,HOBBIES_2_007,2436,48.63
STORE_1,HOBBIES_2_007,2437,48.63
STORE_1,HOBBIES_2_007,2438,48.63
STORE_1,HOBBIES_2_007,2439,48.63
STORE_1,HOBBIES_2_007,2440,48.63
STORE_1,HOBBIES_2_007,2441,48.63
STORE_1,HOBBIES_2_007,2442,48.63
STORE_1,HOBBIES_2_007,2443,48.63
STORE_1,HOBBIES_2_007,2444,48.63
STORE_1,HOBBIES_2_007,2445,48.63
STORE_1,HOBBIES_2_007,2446,48.63
STORE_1,HOBBIES_2_007,2447,48.63
STORE_1,HOBBIES_2_007,2448,48.63
STORE_1,HOBBIES_2_007,2449,48.63
STORE_1,HOBBIES_2_007,2450,48.63
STORE_1,HOBBIES_2_007,2451,48.63
STORE_1,HOBBIES_2_007,2452,48.63
STORE_1,HOBBIES_2_007,2501,48.63
STORE_1,HOBBIES_2_007,2502,48.63
STORE_1,HOBBIES_2_007,2503,48.63
STORE_1,HOBBIES_2_007,2504,52.92
STORE_1,HOBBIES_2_007,2505,52.92
STORE_1,HOBBIES_2_008,2252,35.56
STORE_1,HOBBIES_2_008,2201,35.56
STORE_1,HOBBIES_2_008,2202,35.56
STORE_1,HOBBIES_2_008,2203,35.56
STORE_1,HOBBIES_2_008,2204,35.56
STORE_1,HOBBIES_2_008,2205,35.56
STORE_1,HOBBIES_2_008,2206,35.56
STORE_1,HOBBIES_2_008,2207,35.56
STORE_1,HOBBIES_2_008,2208,35.56
STORE_1,HOBBIES_2_008,2209,35.56
STORE_1,HOBBIES_2_008,2210,27.49
STORE_1,HOBBIES_2_008,2211,27.49
STORE_1,HOBBIES_2_008,2212,27.49
STORE_1,HOBBIES_2_008,2213,27.49
STORE_1,HOBBIES_2_008,2214,27.49
STORE_1,HOBBIES_2_008,2215,27.49
STORE_1,HOBBIES_2_008,2216,27.49
STORE_1,HOBBIES_2_008,2217,27.49
STORE_1,HOBBIES_2_008,2218,27.49
STORE_1,HOBBIES_2_008,2219,27.49
STORE_1,HOBBIES_2_008,2220,27.49
STORE_1,HOBBIES_2_008,2221,27.49
STORE_1,HOBBIES_2_008,2222,27.49
STORE_1,HOBBIES_2_008,2223,27.49
STORE_1,HOBBIES_2_008,2224,27.49
STORE_1,HOBBIES_2_008,2225,27.49
STORE_1,HOBBIES_2_008,2226,27.49
STORE_1,HOBBIES_2_008,2227,27.49
STORE_1,HOBBIES_2_008,2228,27.49
STORE_1,HOBBIES_2_008,2229,34.18
STORE_1,HOBBIES_2_008,2230,34.18
STORE_1,HOBBIES_2_008,2231,34.18
STORE_1,HOBBIES_2_008,2232,36.88
STORE_1,HOBBIES_2_008,2233,36.88
STORE_1,HOBBIES_2_008,2234,36.88
STORE_1,HOBBIES_2_008,2235,36.88
STORE_1,HOBBIES_2_008,2236,27.05
STORE_1,HOBBIES_2_008,2237,27.05
STORE_1,HOBBIES_2_008,2238,27.05
STORE_1,HOBBIES_2_008,2239,27.05
STORE_1,HOBBIES_2_008,2240,27.05
STORE_1,HOBBIES_2_008,2241,27.05
STORE_1,HOBBIES_2_008,2242,27.05
STORE_1,HOBBIES_2_008,2243,27.05
STORE_1,HOBBIES_2_008,2244,27.05
STORE_1,HOBBIES_2_008,2245,27.05
STORE_1,HOBBIES_2_008,2246,27.05
STORE_1,HOBBIES_2_008,2247,27.05
STORE_1,HOBBIES_2_008,2248,29.93
STORE_1,HOBBIES_2_008,2249,29.93
STORE_1,HOBBIES_2_008,2250,29.93
STORE_1,HOBBIES_2_008,2251,29.93
STORE_1,HOBBIES_2_008,2352,29.93
STORE_1,HOBBIES_2_008,2301,29.93
STORE_1,HOBBIES_2_008,2302,29.93
STORE_1,HOBBIES_2_008,2303,29.93
STORE_1,HOBBIES_2_008,2304,29.93
STORE_1,HOBBIES_2_008,2305,29.93
STORE_1,HOBBIES_2_008,2306,29.93
STORE_1,HOBBIES_2_008,2307,29.93
STORE_1,HOBBIES_2_008,2308,29.93
STORE_1,HOBBIES_2_008,2309,29.93
STORE_1,HOBBIES_2_008,2310,29.93
STORE_1,HOBBIES_2_008,2311,29.93
STORE_1,HOBBIES_2_008,2312,29.93
STORE_1,HOBBIES_2_008,2313,29.93
STORE_1,HOBBIES_2_008,2314,29.93
STORE_1,HOBBIES_2_008,2315,29.93
STORE_1,HOBBIES_2_008,2316,29.93
STORE_1,HOBBIES_2_008,2317,29.93
STORE_1,HOBBIES_2_008,2318,29.93
STORE_1,HOBBIES_2_008,2319,29.93
STORE_1,HOBBIES_2_008,2320,29.93
STORE_1,HOBBIES_2_008,2321,29.93
STORE_1,HOBBIES_2_008,2322,29.93
STORE_1,HOBBIES_2_008,2323,29.93
STORE_1,HOBBIES_2_008,2324,29.93
STORE_1,HOBBIES_2_008,2325,29.93
STORE_1,HOBBIES_2_008,2326,30.56
STORE_1,HOBBIES_2_008,2327,30.56
STORE_1,HOBBIES_2_008,2328,30.56
STORE_1,HOBBIES_2_008,2329,30.56
STORE_1,HOBBIES_2_008,2330,30.56
STORE_1,HOBBIES_2_008,2331,30.56
STORE_1,HOBBIES_2_008,2332,30.56
STORE_1,HOBBIES_2_008,2333,30.56
STORE_1,HOBBIES_2_008,2334,30.56
STORE_1,HOBBIES_2_008,2335,30.56
STORE_1,HOBBIES_2_008,2336,30.56
STORE_1,HOBBIES_2_008,2337,30.56
STORE_1,HOBBIES_2_008,2338,30.56
STORE_1,HOBBIES_2_008,2339,30.56
STORE_1,HOBBIES_2_008,2340,30.56
STORE_1,HOBBIES_2_008,2341,30.56
STORE_1,HOBBIES_2_008,2342,30.56
STORE_1,HOBBIES_2_008,2343,30.56
STORE_1,HOBBIES_2_008,2344,30.56
STORE_1,HOBBIES_2_008,2345,30.56
STORE_1,HOBBIES_2_008,2346,30.56
STORE_1,HOBBIES_2_008,2347,30.56
STORE_1,HOBBIES_2_008,2348,30.56
STORE_1,HOBBIES_2_008,2349,30.56
STORE_1,HOBBIES_2_008,2350,30.56
STORE_1,HOBBIES_2_008,2351,30.56
STORE_1,HOBBIES_2_008,2401,30.56
STORE_1,HOBBIES_2_008,2402,30.56
STORE_1,HOBBIES_2_008,2403,30.56
STORE_1,HOBBIES_2_008,2404,30.56
STORE_1,HOBBIES_2_008,2405,30.56
STORE_1,HOBBIES_2_008,2406,30.56
STORE_1,HOBBIES_2_008,2407,30.56
STORE_1,HOBBIES_2_008,2408,30.56
STORE_1,HOBBIES_2_008,2409,30.56
STORE_1,HOBBIES_2_008,2410,30.56
STORE_1,HOBBIES_2_008,2411,30.56
STORE_1,HOBBIES_2_008,2412,31.5
STORE_1,HOBBIES_2_008,2413,31.5
STORE_1,HOBBIES_2_008,2414,31.5
STORE_1,HOBBIES_2_008,2415,31.5
STORE_1,HOBBIES_2_008,2416,31.5
STORE_1,HOBBIES_2_008,2417,31.5
STORE_1,HOBBIES_2_008,2418,31.5
STORE_1,HOBBIES_2_008,2419,31.5
STORE_1,HOBBIES_2_008,2420,31.5
STORE_1,HOBBIES_2_008,2421,31.5
STORE_1,HOBBIES_2_008,2422,31.5
STORE_1,HOBBIES_2_008,2423,31.5
STORE_1,HOBBIES_2_008,2424,31.5
STORE_1,HOBBIES_2_008,2425,31.5
STORE_1,HOBBIES_2_008,2426,31.5
STORE_1,HOBBIES_2_008,2427,31.5
STORE_1,HOBBIES_2_008,2428,31.5
STORE_1,HOBBIES_2_008,2429,31.5
STORE_1,HOBBIES_2_008,2430,31.5
STORE_1,HOBBIES_2_008,2431,31.5
STORE_1,HOBBIES_2_008,2432,31.5
STORE_1,HOBBIES_2_008,2433,40.26
STORE_1,HOBBIES_2_008,2434,40.26
STORE_1,HOBBIES_2_008,2435,40.26
STORE_1,HOBBIES_2_008,2436,40.26
STORE_1,HOBBIES_2_008,2437,40.26
STORE_1,HOBBIES_2_008,2438,40.26
STORE_1,HOBBIES_2_008,2439,40.26
STORE_1,HOBBIES_2_008,2440,40.26
STORE_1,HOBBIES_2_008,2441,40.26
STORE_1,HOBBIES_2_008,2442,40.26
STORE_1,HOBBIES_2_008,2443,40.26
STORE_1,HOBBIES_2_008,2444,40.26
STORE_1,HOBBIES_2_008,2445,40.26
STORE_1,HOBBIES_2_008,2446,40.26
STORE_1,HOBBIES_2_008,2447,40.26
STORE_1,HOBBIES_2_008,2448,40.26
STORE_1,HOBBIES_2_008,2449,40.26
STORE_1,HOBBIES_2_008,2450,40.26
STORE_1,HOBBIES_2_008,2451,40.26
STORE_1,HOBBIES_2_008,2452,40.26
STORE_1,HOBBIES_2_008,2501,40.26
STORE_1,HOBBIES_2_008,2502,40.26
STORE_1,HOBBIES_2_008,2503,40.26
STORE_1,HOBBIES_2_008,2504,40.26
STORE_1,HOBBIES_2_008,2505,40.26
STORE_1,HOUSEHOLD_1_001,2252,58.4
STORE_1,HOUSEHOLD_1_001,2201,58.4
STORE_1,HOUSEHOLD_1_001,2202,58.4
STORE_1,HOUSEHOLD_1_001,2203,58.4
STORE_1,HOUSEHOLD_1_001,2204,58.4
STORE_1,HOUSEHOLD_1_001,2205,58.4
STORE_1,HOUSEHOLD_1_001,2206,58.4
STORE_1,HOUSEHOLD_1_001,2207,58.4
STORE_1,HOUSEHOLD_1_001,2208,58.4
STORE_1,HOUSEHOLD_1_001,2209,58.4
STORE_1,HOUSEHOLD_1_001,2210,58.4
STORE_1,HOUSEHOLD_1_001,2211,58.4
STORE_1,HOUSEHOLD_1_001,2212,58.4
STORE_1,HOUSEHOLD_1_001,2213,58.4
STORE_1,HOUSEHOLD_1_001,2214,58.4
STORE_1,HOUSEHOLD_1_001,2215,58.4
STORE_1,HOUSEHOLD_1_001,2216,58.4
STORE_1,HOUSEHOLD_1_001,2217,58.4
STORE_1,HOUSEHOLD_1_001,2218,58.4
STORE_1,HOUSEHOLD_1_001,2219,58.4
STORE_1,HOUSEHOLD_1_001,2220,58.4
STORE_1,HOUSEHOLD_1_001,2221,58.4
STORE_1,HOUSEHOLD_1_001,2222,55.57
STORE_1,HOUSEHOLD_1_001,2223,55.57
STORE_1,HOUSEHOLD_1_001,2224,55.57
STORE_1,HOUSEHOLD_1_001,2225,55.57
STORE_1,HOUSEHOLD_1_001,2226,55.57
STORE_1,HOUSEHOLD_1_001,2227,46.5
STORE_1,HOUSEHOLD_1_001,2228,46.5
STORE_1,HOUSEHOLD_1_001,2229,46.5
STORE_1,HOUSEHOLD_1_001,2230,46.5
STORE_1,HOUSEHOLD_1_001,2231,46.5
STORE_1,HOUSEHOLD_1_001,2232,46.5
STORE_1,HOUSEHOLD_1_001,2233,46.5
STORE_1,HOUSEHOLD_1_001,2234,46.5
STORE_1,HOUSEHOLD_1_001,2235,46.5
STORE_1,HOUSEHOLD_1_001,2236,46.5
STORE_1,HOUSEHOLD_1_001,2237,46.5
STORE_1,HOUSEHOLD_1_001,2238,46.5
STORE_1,HOUSEHOLD_1_001,2239,46.5
STORE_1,HOUSEHOLD_1_001,2240,46.5
STORE_1,HOUSEHOLD_1_001,2241,46.5
STORE_1,HOUSEHOLD_1_001,2242,46.5
STORE_1,HOUSEHOLD_1_001,2243,46.5
STORE_1,HOUSEHOLD_1_001,2244,46.5
STORE_1,HOUSEHOLD_1_001,2245,46.5
STORE_1,HOUSEHOLD_1_001,2246,46.5
STORE_1,HOUSEHOLD_1_001,2247,46.5
STORE_1,HOUSEHOLD_1_001,2248,46.5
STORE_1,HOUSEHOLD_1_001,2249,46.5
STORE_1,HOUSEHOLD_1_001,2250,46.5
STORE_1,HOUSEHOLD_1_001,2251,46.5
STORE_1,HOUSEHOLD_1_001,2352,46.5
STORE_1,HOUSEHOLD_1_001,2301,66.74
STORE_1,HOUSEHOLD_1_001,2302,66.74
STORE_1,HOUSEHOLD_1_001,2303,66.74
STORE_1,HOUSEHOLD_1_001,2304,66.74
STORE_1,HOUSEHOLD_1_001,2305,66.74
STORE_1,HOUSEHOLD_1_001,2306,66.74
STORE_1,HOUSEHOLD_1_001,2307,66.74
STORE_1,HOUSEHOLD_1_001,2308,66.74
STORE_1,HOUSEHOLD_1_001,2309,66.74
STORE_1,HOUSEHOLD_1_001,2310,66.74
STORE_1,HOUSEHOLD_1_001,2311,66.74
STORE_1,HOUSEHOLD_1_001,2312,66.74
STORE_1,HOUSEHOLD_1_001,2313,66.74
STORE_1,HOUSEHOLD_1_001,2314,66.74
STORE_1,HOUSEHOLD_1_001,2315,66.74
STORE_1,HOUSEHOLD_1_001,2316,66.74
STORE_1,HOUSEHOLD_1_001,2317,66.74
STORE_1,HOUSEHOLD_1_001,2318,66.74
STORE_1,HOUSEHOLD_1_001,2319,66.74
STORE_1,HOUSEHOLD_1_001,2320,66.74
STORE_1,HOUSEHOLD_1_001,2321,66.74
STORE_1,HOUSEHOLD_1_001,2322,66.74
STORE_1,HOUSEHOLD_1_001,2323,66.74
STORE_1,HOUSEHOLD_1_001,2324,51.26
STORE_1,HOUSEHOLD_1_001,2325,51.26
STORE_1,HOUSEHOLD_1_001,2326,51.26
STORE_1,HOUSEHOLD_1_001,2327,51.26
STORE_1,HOUSEHOLD_1_001,2328,51.26
STORE_1,HOUSEHOLD_1_001,2329,51.26
STORE_1,HOUSEHOLD_1_001,2330,51.26
STORE_1,HOUSEHOLD_1_001,2331,51.26
STORE_1,HOUSEHOLD_1_001,2332,51.26
STORE_1,HOUSEHOLD_1_001,2333,51.26
STORE_1,HOUSEHOLD_1_001,2334,51.26
STORE_1,HOUSEHOLD_1_001,2335,51.26
STORE_1,HOUSEHOLD_1_001,2336,51.26
STORE_1,HOUSEHOLD_1_001,2337,51.26
STORE_1,HOUSEHOLD_1_001,2338,51.26
STORE_1,HOUSEHOLD_1_001,2339,51.26
STORE_1,HOUSEHOLD_1_001,2340,51.26
STORE_1,HOUSEHOLD_1_001,2341,51.26
STORE_1,HOUSEHOLD_1_001,2342,51.26
STORE_1,HOUSEHOLD_1_001,2343,51.26
STORE_1,HOUSEHOLD_1_001,2344,51.26
STORE_1,HOUSEHOLD_1_001,2345,51.26
STORE_1,HOUSEHOLD_1_001,2346,51.26
STORE_1,HOUSEHOLD_1_001,2347,51.26
STORE_1,HOUSEHOLD_1_001,2348,51.26
STORE_1,HOUSEHOLD_1_001,2349,51.26
STORE_1,HOUSEHOLD_1_001,2350,51.26
STORE_1,HOUSEHOLD_1_001,2351,51.26
STORE_1,HOUSEHOLD_1_001,2401,51.26
STORE_1,HOUSEHOLD_1_001,2402,51.26
STORE_1,HOUSEHOLD_1_001,2403,51.26
STORE_1,HOUSEHOLD_1_001,2404,51.26
STORE_1,HOUSEHOLD_1_001,2405,51.26
STORE_1,HOUSEHOLD_1_001,2406,51.26
STORE_1,HOUSEHOLD_1_001,2407,51.26
STORE_1,HOUSEHOLD_1_001,2408,51.26
STORE_1,HOUSEHOLD_1_001,2409,56.94
STORE_1,HOUSEHOLD_1_001,2410,56.94
STORE_1,HOUSEHOLD_1_001,2411,56.94
STORE_1,HOUSEHOLD_1_001,2412,56.94
STORE_1,HOUSEHOLD_1_001,2413,56.94
STORE_1,HOUSEHOLD_1_001,2414,56.94
STORE_1,HOUSEHOLD_1_001,2415,56.94
STORE_1,HOUSEHOLD_1_001,2416,56.94
STORE_1,HOUSEHOLD_1_001,2417,49.39
STORE_1,HOUSEHOLD_1_001,2418,49.39
STORE_1,HOUSEHOLD_1_001,2419,49.39
STORE_1,HOUSEHOLD_1_001,2420,49.39
STORE_1,HOUSEHOLD_1_001,2421,49.39
STORE_1,HOUSEHOLD_1_001,2422,49.39
STORE_1,HOUSEHOLD_1_001,2423,49.39
STORE_1,HOUSEHOLD_1_001,2424,49.39
STORE_1,HOUSEHOLD_1_001,2425,49.39
STORE_1,HOUSEHOLD_1_001,2426,49.39
STORE_1,HOUSEHOLD_1_001,2427,49.39
STORE_1,HOUSEHOLD_1_001,2428,49.39
STORE_1,HOUSEHOLD_1_001,2429,49.39
STORE_1,HOUSEHOLD_1_001,2430,49.39
STORE_1,HOUSEHOLD_1_001,2431,49.39
STORE_1,HOUSEHOLD_1_001,2432,49.39
STORE_1,HOUSEHOLD_1_001,2433,49.39
STORE_1,HOUSEHOLD_1_001,2434,49.39
STORE_1,HOUSEHOLD_1_001,2435,49.39
STORE_1,HOUSEHOLD_1_001,2436,49.39
STORE_1,HOUSEHOLD_1_001,2437,49.39
STORE_1,HOUSEHOLD_1_001,2438,49.39
STORE_1,HOUSEHOLD_1_001,2439,49.39
STORE_1,HOUSEHOLD_1_001,2440,49.39
STORE_1,HOUSEHOLD_1_001,2441,49.39
STORE_1,HOUSEHOLD_1_001,2442,49.39
STORE_1,HOUSEHOLD_1_001,2443,49.39
STORE_1,HOUSEHOLD_1_001,2444,49.39
STORE_1,HOUSEHOLD_1_001,2445,49.39
STORE_1,HOUSEHOLD_1_001,2446,49.39
STORE_1,HOUSEHOLD_1_001,2447,49.39
STORE_1,HOUSEHOLD_1_001,2448,49.39
STORE_1,HOUSEHOLD_1_001,2449,49.39
STORE_1,HOUSEHOLD_1_001,2450,49.39
STORE_1,HOUSEHOLD_1_001,2451,49.39
STORE_1,HOUSEHOLD_1_001,2452,49.39
STORE_1,HOUSEHOLD_1_001,2501,49.39
STORE_1,HOUSEHOLD_1_001,2502,49.39
STORE_1,HOUSEHOLD_1_001,2503,49.39
STORE_1,HOUSEHOLD_1_001,2504,49.39
STORE_1,HOUSEHOLD_1_001,2505,49.39
STORE_1,HOUSEHOLD_1_002,2252,55.47
STORE_1,HOUSEHOLD_1_002,2201,55.47
STORE_1,HOUSEHOLD_1_002,2202,55.47
STORE_1,HOUSEHOLD_1_002,2203,55.47
STORE_1,HOUSEHOLD_1_002,2204,55.47
STORE_1,HOUSEHOLD_1_002,2205,55.47
STORE_1,HOUSEHOLD_1_002,2206,55.47
STORE_1,HOUSEHOLD_1_002,2207,50.32
STORE_1,HOUSEHOLD_1_002,2208,50.32
STORE_1,HOUSEHOLD_1_002,2209,50.32
STORE_1,HOUSEHOLD_1_002,2210,50.32
STORE_1,HOUSEHOLD_1_002,2211,50.32
STORE_1,HOUSEHOLD_1_002,2212,50.32
STORE_1,HOUSEHOLD_1_002,2213,50.32
STORE_1,HOUSEHOLD_1_002,2214,50.32
STORE_1,HOUSEHOLD_1_002,2215,50.32
STORE_1,HOUSEHOLD_1_002,2216,50.32
STORE_1,HOUSEHOLD_1_002,2217,50.32
STORE_1,HOUSEHOLD_1_002,2218,50.32
STORE_1,HOUSEHOLD_1_002,2219,50.32
STORE_1,HOUSEHOLD_1_002,2220,50.32
STORE_1,HOUSEHOLD_1_002,2221,50.32
STORE_1,HOUSEHOLD_1_002,2222,50.32
STORE_1,HOUSEHOLD_1_002,2223,50.32
STORE_1,HOUSEHOLD_1_002,2224,50.32
STORE_1,HOUSEHOLD_1_002,2225,50.32
STORE_1,HOUSEHOLD_1_002,2226,50.32
STORE_1,HOUSEHOLD_1_002,2227,50.32
STORE_1,HOUSEHOLD_1_002,2228,50.32
STORE_1,HOUSEHOLD_1_002,2229,50.32
STORE_1,HOUSEHOLD_1_002,2230,50.32
STORE_1,HOUSEHOLD_1_002,2231,50.32
STORE_1,HOUSEHOLD_1_002,2232,50.32
STORE_1,HOUSEHOLD_1_002,2233,50.32
STORE_1,HOUSEHOLD_1_002,2234,50.32
STORE_1,HOUSEHOLD_1_002,2235,45.1
STORE_1,HOUSEHOLD_1_002,2236,45.1
STORE_1,HOUSEHOLD_1_002,2237,45.1
STORE_1,HOUSEHOLD_1_002,2238,45.1
STORE_1,HOUSEHOLD_1_002,2239,45.1
STORE_1,HOUSEHOLD_1_002,2240,45.1
STORE_1,HOUSEHOLD_1_002,2241,45.1
STORE_1,HOUSEHOLD_1_002,2242,45.1
STORE_1,HOUSEHOLD_1_002,2243,45.1
STORE_1,HOUSEHOLD_1_002,2244,45.1
STORE_1,HOUSEHOLD_1_002,2245,45.1
STORE_1,HOUSEHOLD_1_002,2246,45.1
STORE_1,HOUSEHOLD_1_002,2247,45.1
STORE_1,HOUSEHOLD_1_002,2248,45.1
STORE_1,HOUSEHOLD_1_002,2249,45.1
STORE_1,HOUSEHOLD_1_002,2250,45.1
STORE_1,HOUSEHOLD_1_002,2251,45.1
STORE_1,HOUSEHOLD_1_002,2352,45.1
STORE_1,HOUSEHOLD_1_002,2301,45.1
STORE_1,HOUSEHOLD_1_002,2302,45.1
STORE_1,HOUSEHOLD_1_002,2303,45.1
STORE_1,HOUSEHOLD_1_002,2304,45.1
STORE_1,HOUSEHOLD_1_002,2305,45.1
STORE_1,HOUSEHOLD_1_002,2306,45.1
STORE_1,HOUSEHOLD_1_002,2307,45.1
STORE_1,HOUSEHOLD_1_002,2308,45.1
STORE_1,HOUSEHOLD_1_002,2309,45.1
STORE_1,HOUSEHOLD_1_002,2310,45.1
STORE_1,HOUSEHOLD_1_002,2311,45.1
STORE_1,HOUSEHOLD_1_002,2312,45.1
STORE_1,HOUSEHOLD_1_002,2313,45.1
STORE_1,HOUSEHOLD_1_002,2314,45.1
STORE_1,HOUSEHOLD_1_002,2315,45.1
STORE_1,HOUSEHOLD_1_002,2316,45.1
STORE_1,HOUSEHOLD_1_002,2317,45.1
STORE_1,HOUSEHOLD_1_002,2318,45.1
STORE_1,HOUSEHOLD_1_002,2319,45.1
STORE_1,HOUSEHOLD_1_002,2320,46.58
STORE_1,HOUSEHOLD_1_002,2321,46.58
STORE_1,HOUSEHOLD_1_002,2322,46.4
STORE_1,HOUSEHOLD_1_002,2323,46.4
STORE_1,HOUSEHOLD_1_002,2324,46.4
STORE_1,HOUSEHOLD_1_002,2325,46.4
STORE_1,HOUSEHOLD_1_002,2326,46.4
STORE_1,HOUSEHOLD_1_002,2327,46.4
STORE_1,HOUSEHOLD_1_002,2328,46.4
STORE_1,HOUSEHOLD_1_002,2329,46.4
STORE_1,HOUSEHOLD_1_002,2330,46.4
STORE_1,HOUSEHOLD_1_002,2331,46.4
STORE_1,HOUSEHOLD_1_002,2332,46.4
STORE_1,HOUSEHOLD_1_002,2333,46.4
STORE_1,HOUSEHOLD_1_002,2334,46.4
STORE_1,HOUSEHOLD_1_002,2335,62.89
STORE_1,HOUSEHOLD_1_002,2336,62.89
STORE_1,HOUSEHOLD_1_002,2337,62.89
STORE_1,HOUSEHOLD_1_002,2338,62.89
STORE_1,HOUSEHOLD_1_002,2339,62.89
STORE_1,HOUSEHOLD_1_002,2340,62.89
STORE_1,HOUSEHOLD_1_002,2341,62.89
STORE_1,HOUSEHOLD_1_002,2342,62.89
STORE_1,HOUSEHOLD_1_002,2343,62.89
STORE_1,HOUSEHOLD_1_002,2344,62.89
STORE_1,HOUSEHOLD_1_002,2345,62.89
STORE_1,HOUSEHOLD_1_002,2346,62.89
STORE_1,HOUSEHOLD_1_002,2347,62.89
STORE_1,HOUSEHOLD_1_002,2348,62.89
STORE_1,HOUSEHOLD_1_002,2349,62.89
STORE_1,HOUSEHOLD_1_002,2350,62.89
STORE_1,HOUSEHOLD_1_002,2351,62.89
STORE_1,HOUSEHOLD_1_002,2401,62.89
STORE_1,HOUSEHOLD_1_002,2402,62.89
STORE_1,HOUSEHOLD_1_002,2403,62.89
STORE_1,HOUSEHOLD_1_002,2404,62.89
STORE_1,HOUSEHOLD_1_002,2405,62.89
STORE_1,HOUSEHOLD_1_002,2406,62.89
STORE_1,HOUSEHOLD_1_002,2407,62.89
STORE_1,HOUSEHOLD_1_002,2408,62.89
STORE_1,HOUSEHOLD_1_002,2409,62.89
STORE_1,HOUSEHOLD_1_002,2410,62.89
STORE_1,HOUSEHOLD_1_002,2411,62.89
STORE_1,HOUSEHOLD_1_002,2412,51.24
STORE_1,HOUSEHOLD_1_002,2413,51.24
STORE_1,HOUSEHOLD_1_002,2414,51.24
STORE_1,HOUSEHOLD_1_002,2415,51.24
STORE_1,HOUSEHOLD_1_002,2416,51.24
STORE_1,HOUSEHOLD_1_002,2417,51.24
STORE_1,HOUSEHOLD_1_002,2418,51.24
STORE_1,HOUSEHOLD_1_002,2419,51.24
STORE_1,HOUSEHOLD_1_002,2420,51.24
STORE_1,HOUSEHOLD_1_002,2421,51.24
STORE_1,HOUSEHOLD_1_002,2422,51.24
STORE_1,HOUSEHOLD_1_002,2423,51.24
STORE_1,HOUSEHOLD_1_002,2424,51.24
STORE_1,HOUSEHOLD_1_002,2425,51.24
STORE_1,HOUSEHOLD_1_002,2426,51.24
STORE_1,HOUSEHOLD_1_002,2427,51.24
STORE_1,HOUSEHOLD_1_002,2428,51.24
STORE_1,HOUSEHOLD_1_002,2429,51.24
STORE_1,HOUSEHOLD_1_002,2430,51.24
STORE_1,HOUSEHOLD_1_002,2431,51.24
STORE_1,HOUSEHOLD_1_002,2432,51.24
STORE_1,HOUSEHOLD_1_002,2433,51.24
STORE_1,HOUSEHOLD_1_002,2434,51.24
STORE_1,HOUSEHOLD_1_002,2435,51.24
STORE_1,HOUSEHOLD_1_002,2436,51.24
STORE_1,HOUSEHOLD_1_002,2437,51.24
STORE_1,HOUSEHOLD_1_002,2438,51.24
STORE_1,HOUSEHOLD_1_002,2439,61.71
STORE_1,HOUSEHOLD_1_002,2440,61.71
STORE_1,HOUSEHOLD_1_002,2441,46.32
STORE_1,HOUSEHOLD_1_002,2442,46.32
STORE_1,HOUSEHOLD_1_002,2443,46.32
STORE_1,HOUSEHOLD_1_002,2444,46.32
STORE_1,HOUSEHOLD_1_002,2445,46.32
STORE_1,HOUSEHOLD_1_002,2446,46.32
STORE_1,HOUSEHOLD_1_002,2447,46.32
STORE_1,HOUSEHOLD_1_002,2448,46.32
STORE_1,HOUSEHOLD_1_002,2449,46.32
STORE_1,HOUSEHOLD_1_002,2450,46.32
STORE_1,HOUSEHOLD_1_002,2451,46.32
STORE_1,HOUSEHOLD_1_002,2452,46.32
STORE_1,HOUSEHOLD_1_002,2501,46.32
STORE_1,HOUSEHOLD_1_002,2502,46.32
STORE_1,HOUSEHOLD_1_002,2503,46.32
STORE_1,HOUSEHOLD_1_002,2504,46.32
STORE_1,HOUSEHOLD_1_002,2505,46.32
STORE_1,HOUSEHOLD_1_003,2252,11.81
STORE_1,HOUSEHOLD_1_003,2201,11.81
STORE_1,HOUSEHOLD_1_003,2202,11.81
STORE_1,HOUSEHOLD_1_003,2203,11.81
STORE_1,HOUSEHOLD_1_003,2204,9.62
STORE_1,HOUSEHOLD_1_003,2205,13.33
STORE_1,HOUSEHOLD_1_003,2206,13.33
STORE_1,HOUSEHOLD_1_003,2207,13.33
STORE_1,HOUSEHOLD_1_003,2208,13.33
STORE_1,HOUSEHOLD_1_003,2209,13.33
STORE_1,HOUSEHOLD_1_003,2210,13.33
STORE_1,HOUSEHOLD_1_003,2211,13.33
STORE_1,HOUSEHOLD_1_003,2212,13.33
STORE_1,HOUSEHOLD_1_003,2213,13.33
STORE_1,HOUSEHOLD_1_003,2214,11.23
STORE_1,HOUSEHOLD_1_003,2215,11.23
STORE_1,HOUSEHOLD_1_003,2216,11.23
STORE_1,HOUSEHOLD_1_003,2217,11.23
STORE_1,HOUSEHOLD_1_003,2218,11.23
STORE_1,HOUSEHOLD_1_003,2219,11.23
STORE_1,HOUSEHOLD_1_003,2220,11.23
STORE_1,HOUSEHOLD_1_003,2221,11.23
STORE_1,HOUSEHOLD_1_003,2222,11.23
STORE_1,HOUSEHOLD_1_003,2223,11.23
STORE_1,HOUSEHOLD_1_003,2224,11.23
STORE_1,HOUSEHOLD_1_003,2225,11.23
STORE_1,HOUSEHOLD_1_003,2226,11.23
STORE_1,HOUSEHOLD_1_003,2227,11.23
STORE_1,HOUSEHOLD_1_003,2228,11.23
STORE_1,HOUSEHOLD_1_003,2229,11.23
STORE_1,HOUSEHOLD_1_003,2230,11.23
STORE_1,HOUSEHOLD_1_003,2231,11.23
STORE_1,HOUSEHOLD_1_003,2232,11.23
STORE_1,HOUSEHOLD_1_003,2233,9.14
STORE_1,HOUSEHOLD_1_003,2234,9.14
STORE_1,HOUSEHOLD_1_003,2235,9.14
STORE_1,HOUSEHOLD_1_003,2236,9.14
STORE_1,HOUSEHOLD_1_003,2237,9.14
STORE_1,HOUSEHOLD_1_003,2238,9.14
STORE_1,HOUSEHOLD_1_003,2239,9.14
STORE_1,HOUSEHOLD_1_003,2240,9.14
STORE_1,HOUSEHOLD_1_003,2241,9.14
STORE_1,HOUSEHOLD_1_003,2242,9.14
STORE_1,HOUSEHOLD_1_003,2243,9.14
STORE_1,HOUSEHOLD_1_003,2244,9.14
STORE_1,HOUSEHOLD_1_003,2245,9.14
STORE_1,HOUSEHOLD_1_003,2246,9.14
STORE_1,HOUSEHOLD_1_003,2247,9.14
STORE_1,HOUSEHOLD_1_003,2248,9.14
STORE_1,HOUSEHOLD_1_003,2249,9.14
STORE_1,HOUSEHOLD_1_003,2250,9.14
STORE_1,HOUSEHOLD_1_003,2251,9.14
STORE_1,HOUSEHOLD_1_003,2352,9.14
STORE_1,HOUSEHOLD_1_003,2301,9.14
STORE_1,HOUSEHOLD_1_003,2302,9.14
STORE_1,HOUSEHOLD_1_003,2303,9.14
STORE_1,HOUSEHOLD_1_003,2304,9.14
STORE_1,HOUSEHOLD_1_003,2305,9.14
STORE_1,HOUSEHOLD_1_003,2306,9.14
STORE_1,HOUSEHOLD_1_003,2307,9.14
STORE_1,HOUSEHOLD_1_003,2308,9.14
STORE_1,HOUSEHOLD_1_003,2309,9.14
STORE_1,HOUSEHOLD_1_003,2310,13.03
STORE_1,HOUSEHOLD_1_003,2311,13.03
STORE_1,HOUSEHOLD_1_003,2312,13.03
STORE_1,HOUSEHOLD_1_003,2313,13.03
STORE_1,HOUSEHOLD_1_003,2314,13.03
STORE_1,HOUSEHOLD_1_003,2315,13.03
STORE_1,HOUSEHOLD_1_003,2316,13.03
STORE_1,HOUSEHOLD_1_003,2317,13.03
STORE_1,HOUSEHOLD_1_003,2318,13.03
STORE_1,HOUSEHOLD_1_003,2319,13.03
STORE_1,HOUSEHOLD_1_003,2320,13.03
STORE_1,HOUSEHOLD_1_003,2321,13.03
STORE_1,HOUSEHOLD_1_003,2322,13.03
STORE_1,HOUSEHOLD_1_003,2323,13.03
STORE_1,HOUSEHOLD_1_003,2324,13.03
STORE_1,HOUSEHOLD_1_003,2325,13.03
STORE_1,HOUSEHOLD_1_003,2326,11.85
STORE_1,HOUSEHOLD_1_003,2327,11.85
STORE_1,HOUSEHOLD_1_003,2328,11.85
STORE_1,HOUSEHOLD_1_003,2329,11.85
STORE_1,HOUSEHOLD_1_003,2330,11.85
STORE_1,HOUSEHOLD_1_003,2331,11.85
STORE_1,HOUSEHOLD_1_003,2332,11.85
STORE_1,HOUSEHOLD_1_003,2333,13.49
STORE_1,HOUSEHOLD_1_003,2334,13.49
STORE_1,HOUSEHOLD_1_003,2335,8.94
STORE_1,HOUSEHOLD_1_003,2336,8.94
STORE_1,HOUSEHOLD_1_003,2337,8.94
STORE_1,HOUSEHOLD_1_003,2338,8.94
STORE_1,HOUSEHOLD_1_003,2339,8.94
STORE_1,HOUSEHOLD_1_003,2340,8.94
STORE_1,HOUSEHOLD_1_003,2341,8.94
STORE_1,HOUSEHOLD_1_003,2342,8.94
STORE_1,HOUSEHOLD_1_003,2343,8.94
STORE_1,HOUSEHOLD_1_003,2344,8.94
STORE_1,HOUSEHOLD_1_003,2345,8.94
STORE_1,HOUSEHOLD_1_003,2346,8.94
STORE_1,HOUSEHOLD_1_003,2347,8.94
STORE_1,HOUSEHOLD_1_003,2348,8.94
STORE_1,HOUSEHOLD_1_003,2349,8.94
STORE_1,HOUSEHOLD_1_003,2350,8.94
STORE_1,HOUSEHOLD_1_003,2351,8.94
STORE_1,HOUSEHOLD_1_003,2401,8.94
STORE_1,HOUSEHOLD_1_003,2402,8.94
STORE_1,HOUSEHOLD_1_003,2403,8.94
STORE_1,HOUSEHOLD_1_003,2404,8.94
STORE_1,HOUSEHOLD_1_003,2405,8.94
STORE_1,HOUSEHOLD_1_003,2406,8.94
STORE_1,HOUSEHOLD_1_003,2407,8.94
STORE_1,HOUSEHOLD_1_003,2408,8.94
STORE_1,HOUSEHOLD_1_003,2409,8.94
STORE_1,HOUSEHOLD_1_003,2410,8.94
STORE_1,HOUSEHOLD_1_003,2411,8.94
STORE_1,HOUSEHOLD_1_003,2412,8.94
STORE_1,HOUSEHOLD_1_003,2413,8.94
STORE_1,HOUSEHOLD_1_003,2414,8.94
STORE_1,HOUSEHOLD_1_003,2415,8.94
STORE_1,HOUSEHOLD_1_003,2416,8.94
STORE_1,HOUSEHOLD_1_003,2417,8.94
STORE_1,HOUSEHOLD_1_003,2418,8.94
STORE_1,HOUSEHOLD_1_003,2419,8.94
STORE_1,HOUSEHOLD_1_003,2420,8.94
STORE_1,HOUSEHOLD_1_003,2421,8.94
STORE_1,HOUSEHOLD_1_003,2422,8.94
STORE_1,HOUSEHOLD_1_003,2423,8.94
STORE_1,HOUSEHOLD_1_003,2424,8.94
STORE_1,HOUSEHOLD_1_003,2425,8.94
STORE_1,HOUSEHOLD_1_003,2426,8.94
STORE_1,HOUSEHOLD_1_003,2427,8.94
STORE_1,HOUSEHOLD_1_003,2428,8.94
STORE_1,HOUSEHOLD_1_003,2429,8.94
STORE_1,HOUSEHOLD_1_003,2430,8.94
STORE_1,HOUSEHOLD_1_003,2431,8.94
STORE_1,HOUSEHOLD_1_003,2432,8.94
STORE_1,HOUSEHOLD_1_003,2433,8.94
STORE_1,HOUSEHOLD_1_003,2434,8.94
STORE_1,HOUSEHOLD_1_003,2435,8.94
STORE_1,HOUSEHOLD_1_003,2436,8.94
STORE_1,HOUSEHOLD_1_003,2437,8.94
STORE_1,HOUSEHOLD_1_003,2438,8.94
STORE_1,HOUSEHOLD_1_003,2439,8.94
STORE_1,HOUSEHOLD_1_003,2440,8.94
STORE_1,HOUSEHOLD_1_003,2441,11.2
STORE_1,HOUSEHOLD_1_003,2442,11.2
STORE_1,HOUSEHOLD_1_003,2443,11.2
STORE_1,HOUSEHOLD_1_003,2444,11.2
STORE_1,HOUSEHOLD_1_003,2445,13.18
STORE_1,HOUSEHOLD_1_003,2446,13.18
STORE_1,HOUSEHOLD_1_003,2447,13.18
STORE_1,HOUSEHOLD_1_003,2448,13.18
STORE_1,HOUSEHOLD_1_003,2449,13.18
STORE_1,HOUSEHOLD_1_003,2450,13.18
STORE_1,HOUSEHOLD_1_003,2451,13.18
STORE_1,HOUSEHOLD_1_003,2452,13.18
STORE_1,HOUSEHOLD_1_003,2501,13.18
STORE_1,HOUSEHOLD_1_003,2502,13.18
STORE_1,HOUSEHOLD_1_003,2503,13.18
STORE_1,HOUSEHOLD_1_003,2504,13.18
STORE_1,HOUSEHOLD_1_003,2505,13.18
STORE_1,HOUSEHOLD_1_004,2252,7.22
STORE_1,HOUSEHOLD_1_004,2201,7.22
STORE_1,HOUSEHOLD_1_004,2202,7.22
STORE_1,HOUSEHOLD_1_004,2203,7.22
STORE_1,HOUSEHOLD_1_004,2204,7.22
STORE_1,HOUSEHOLD_1_004,2205,7.22
STORE_1,HOUSEHOLD_1_004,2206,7.22
STORE_1,HOUSEHOLD_1_004,2207,7.22
STORE_1,HOUSEHOLD_1_004,2208,7.22
STORE_1,HOUSEHOLD_1_004,2209,7.22
STORE_1,HOUSEHOLD_1_004,2210,7.22
STORE_1,HOUSEHOLD_1_004,2211,7.22
STORE_1,HOUSEHOLD_1_004,2212,7.22
STORE_1,HOUSEHOLD_1_004,2213,7.22
STORE_1,HOUSEHOLD_1_004,2214,7.22
STORE_1,HOUSEHOLD_1_004,2215,7.22
STORE_1,HOUSEHOLD_1_004,2216,7.22
STORE_1,HOUSEHOLD_1_004,2217,7.22
STORE_1,HOUSEHOLD_1_004,2218,7.22
STORE_1,HOUSEHOLD_1_004,2219,7.22
STORE_1,HOUSEHOLD_1_004,2220,7.22
STORE_1,HOUSEHOLD_1_004,2221,7.22
STORE_1,HOUSEHOLD_1_004,2222,7.22
STORE_1,HOUSEHOLD_1_004,2223,7.22
STORE_1,HOUSEHOLD_1_004,2224,7.22
STORE_1,HOUSEHOLD_1_004,2225,7.22
STORE_1,HOUSEHOLD_1_004,2226,7.22
STORE_1,HOUSEHOLD_1_004,2227,7.22
STORE_1,HOUSEHOLD_1_004,2228,7.22
STORE_1,HOUSEHOLD_1_004,2229,7.22
STORE_1,HOUSEHOLD_1_004,2230,7.82
STORE_1,HOUSEHOLD_1_004,2231,7.82
STORE_1,HOUSEHOLD_1_004,2232,7.82
STORE_1,HOUSEHOLD_1_004,2233,7.82
STORE_1,HOUSEHOLD_1_004,2234,7.82
STORE_1,HOUSEHOLD_1_004,2235,6.64
STORE_1,HOUSEHOLD_1_004,2236,6.64
STORE_1,HOUSEHOLD_1_004,2237,6.64
STORE_1,HOUSEHOLD_1_004,2238,6.64
STORE_1,HOUSEHOLD_1_004,2239,6.64
STORE_1,HOUSEHOLD_1_004,2240,6.64
STORE_1,HOUSEHOLD_1_004,2241,6.64
STORE_1,HOUSEHOLD_1_004,2242,6.64
STORE_1,HOUSEHOLD_1_004,2243,6.64
STORE_1,HOUSEHOLD_1_004,2244,6.64
STORE_1,HOUSEHOLD_1_004,2245,6.64
STORE_1,HOUSEHOLD_1_004,2246,6.64
STORE_1,HOUSEHOLD_1_004,2247,6.64
STORE_1,HOUSEHOLD_1_004,2248,6.64
STORE_1,HOUSEHOLD_1_004,2249,6.64
STORE_1,HOUSEHOLD_1_004,2250,6.64
STORE_1,HOUSEHOLD_1_004,2251,6.64
STORE_1,HOUSEHOLD_1_004,2352,6.64
STORE_1,HOUSEHOLD_1_004,2301,6.64
STORE_1,HOUSEHOLD_1_004,2302,6.64
STORE_1,HOUSEHOLD_1_004,2303,6.64
STORE_1,HOUSEHOLD_1_004,2304,6.64
STORE_1,HOUSEHOLD_1_004,2305,6.64
STORE_1,HOUSEHOLD_1_004,2306,6.64
STORE_1,HOUSEHOLD_1_004,2307,6.64
STORE_1,HOUSEHOLD_1_004,2308,6.64
STORE_1,HOUSEHOLD_1_004,2309,6.64
STORE_1,HOUSEHOLD_1_004,2310,6.64
STORE_1,HOUSEHOLD_1_004,2311,6.64
STORE_1,HOUSEHOLD_1_004,2312,6.64
STORE_1,HOUSEHOLD_1_004,2313,6.64
STORE_1,HOUSEHOLD_1_004,2314,6.64
STORE_1,HOUSEHOLD_1_004,2315,6.64
STORE_1,HOUSEHOLD_1_004,2316,6.64
STORE_1,HOUSEHOLD_1_004,2317,6.64
STORE_1,HOUSEHOLD_1_004,2318,6.64
STORE_1,HOUSEHOLD_1_004,2319,6.64
STORE_1,HOUSEHOLD_1_004,2320,6.64
STORE_1,HOUSEHOLD_1_004,2321,6.64
STORE_1,HOUSEHOLD_1_004,2322,6.64
STORE_1,HOUSEHOLD_1_004,2323,6.64
STORE_1,HOUSEHOLD_1_004,2324,6.64
STORE_1,HOUSEHOLD_1_004,2325,6.64
STORE_1,HOUSEHOLD_1_004,2326,6.64
STORE_1,HOUSEHOLD_1_004,2327,6.64
STORE_1,HOUSEHOLD_1_004,2328,6.64
STORE_1,HOUSEHOLD_1_004,2329,6.64
STORE_1,HOUSEHOLD_1_004,2330,6.64
STORE_1,HOUSEHOLD_1_004,2331,6.64
STORE_1,HOUSEHOLD_1_004,2332,6.64
STORE_1,HOUSEHOLD_1_004,2333,6.64
STORE_1,HOUSEHOLD_1_004,2334,6.64
STORE_1,HOUSEHOLD_1_004,2335,6.64
STORE_1,HOUSEHOLD_1_004,2336,6.64
STORE_1,HOUSEHOLD_1_004,2337,6.64
STORE_1,HOUSEHOLD_1_004,2338,6.64
STORE_1,HOUSEHOLD_1_004,2339,6.64
STORE_1,HOUSEHOLD_1_004,2340,6.64
STORE_1,HOUSEHOLD_1_004,2341,6.64
STORE_1,HOUSEHOLD_1_004,2342,6.64
STORE_1,HOUSEHOLD_1_004,2343,6.64
STORE_1,HOUSEHOLD_1_004,2344,6.64
STORE_1,HOUSEHOLD_1_004,2345,6.64
STORE_1,HOUSEHOLD_1_004,2346,6.64
STORE_1,HOUSEHOLD_1_004,2347,6.64
STORE_1,HOUSEHOLD_1_004,2348,6.64
STORE_1,HOUSEHOLD_1_004,2349,6.42
STORE_1,HOUSEHOLD_1_004,2350,6.42
STORE_1,HOUSEHOLD_1_004,2351,6.42
STORE_1,HOUSEHOLD_1_004,2401,6.42
STORE_1,HOUSEHOLD_1_004,2402,6.42
STORE_1,HOUSEHOLD_1_004,2403,6.42
STORE_1,HOUSEHOLD_1_004,2404,6.42
STORE_1,HOUSEHOLD_1_004,2405,7.52
STORE_1,HOUSEHOLD_1_004,2406,7.52
STORE_1,HOUSEHOLD_1_004,2407,7.52
STORE_1,HOUSEHOLD_1_004,2408,7.52
STORE_1,HOUSEHOLD_1_004,2409,7.52
STORE_1,HOUSEHOLD_1_004,2410,7.52
STORE_1,HOUSEHOLD_1_004,2411,7.52
STORE_1,HOUSEHOLD_1_004,2412,7.52
STORE_1,HOUSEHOLD_1_004,2413,7.52
STORE_1,HOUSEHOLD_1_004,2414,7.52
STORE_1,HOUSEHOLD_1_004,2415,7.52
STORE_1,HOUSEHOLD_1_004,2416,7.52
STORE_1,HOUSEHOLD_1_004,2417,7.52
STORE_1,HOUSEHOLD_1_004,2418,7.52
STORE_1,HOUSEHOLD_1_004,2419,7.52
STORE_1,HOUSEHOLD_1_004,2420,7.52
STORE_1,HOUSEHOLD_1_004,2421,7.52
STORE_1,HOUSEHOLD_1_004,2422,7.52
STORE_1,HOUSEHOLD_1_004,2423,7.52
STORE_1,HOUSEHOLD_1_004,2424,7.52
STORE_1,HOUSEHOLD_1_004,2425,7.52
STORE_1,HOUSEHOLD_1_004,2426,7.52
STORE_1,HOUSEHOLD_1_004,2427,7.52
STORE_1,HOUSEHOLD_1_004,2428,7.52
STORE_1,HOUSEHOLD_1_004,2429,7.52
STORE_1,HOUSEHOLD_1_004,2430,7.52
STORE_1,HOUSEHOLD_1_004,2431,7.52
STORE_1,HOUSEHOLD_1_004,2432,7.52
STORE_1,HOUSEHOLD_1_004,2433,7.52
STORE_1,HOUSEHOLD_1_004,2434,7.52
STORE_1,HOUSEHOLD_1_004,2435,7.52
STORE_1,HOUSEHOLD_1_004,2436,7.52
STORE_1,HOUSEHOLD_1_004,2437,7.52
STORE_1,HOUSEHOLD_1_004,2438,7.52
STORE_1,HOUSEHOLD_1_004,2439,7.52
STORE_1,HOUSEHOLD_1_004,2440,7.52
STORE_1,HOUSEHOLD_1_004,2441,7.52
STORE_1,HOUSEHOLD_1_004,2442,7.52
STORE_1,HOUSEHOLD_1_004,2443,7.52
STORE_1,HOUSEHOLD_1_004,2444,7.52
STORE_1,HOUSEHOLD_1_004,2445,7.52
STORE_1,HOUSEHOLD_1_004,2446,7.52
STORE_1,HOUSEHOLD_1_004,2447,7.52
STORE_1,HOUSEHOLD_1_004,2448,5.8
STORE_1,HOUSEHOLD_1_004,2449,5.8
STORE_1,HOUSEHOLD_1_004,2450,5.8
STORE_1,HOUSEHOLD_1_004,2451,5.8
STORE_1,HOUSEHOLD_1_004,2452,5.8
STORE_1,HOUSEHOLD_1_004,2501,5.8
STORE_1,HOUSEHOLD_1_004,2502,5.8
STORE_1,HOUSEHOLD_1_004,2503,5.8
STORE_1,HOUSEHOLD_1_004,2504,5.8
STORE_1,HOUSEHOLD_1_004,2505,5.8
STORE_1,HOUSEHOLD_1_005,2252,6.14
STORE_1,HOUSEHOLD_1_005,2201,6.14
STORE_1,HOUSEHOLD_1_005,2202,6.14
STORE_1,HOUSEHOLD_1_005,2203,6.14
STORE_1,HOUSEHOLD_1_005,2204,6.14
STORE_1,HOUSEHOLD_1_005,2205,6.14
STORE_1,HOUSEHOLD_1_005,2206,6.14
STORE_1,HOUSEHOLD_1_005,2207,6.14
STORE_1,HOUSEHOLD_1_005,2208,6.14
STORE_1,HOUSEHOLD_1_005,2209,6.14
STORE_1,HOUSEHOLD_1_005,2210,6.14
STORE_1,HOUSEHOLD_1_005,2211,6.14
STORE_1,HOUSEHOLD_1_005,2212,6.14
STORE_1,HOUSEHOLD_1_005,2213,6.14
STORE_1,HOUSEHOLD_1_005,2214,6.14
STORE_1,HOUSEHOLD_1_005,2215,6.14
STORE_1,HOUSEHOLD_1_005,2216,6.14
STORE_1,HOUSEHOLD_1_005,2217,6.14
STORE_1,HOUSEHOLD_1_005,2218,6.14
STORE_1,HOUSEHOLD_1_005,2219,6.14
STORE_1,HOUSEHOLD_1_005,2220,6.14
STORE_1,HOUSEHOLD_1_005,2221,6.14
STORE_1,HOUSEHOLD_1_005,2222,6.14
STORE_1,HOUSEHOLD_1_005,2223,6.14
STORE_1,HOUSEHOLD_1_005,2224,6.14
STORE_1,HOUSEHOLD_1_005,2225,6.14
STORE_1,HOUSEHOLD_1_005,2226,6.14
STORE_1,HOUSEHOLD_1_005,2227,6.14
STORE_1,HOUSEHOLD_1_005,2228,6.14
STORE_1,HOUSEHOLD_1_005,2229,6.14
STORE_1,HOUSEHOLD_1_005,2230,6.14
STORE_1,HOUSEHOLD_1_005,2231,6.14
STORE_1,HOUSEHOLD_1_005,2232,6.14
STORE_1,HOUSEHOLD_1_005,2233,6.14
STORE_1,HOUSEHOLD_1_005,2234,6.14
STORE_1,HOUSEHOLD_1_005,2235,6.14
STORE_1,HOUSEHOLD_1_005,2236,6.14
STORE_1,HOUSEHOLD_1_005,2237,6.14
STORE_1,HOUSEHOLD_1_005,2238,6.14
STORE_1,HOUSEHOLD_1_005,2239,6.14
STORE_1,HOUSEHOLD_1_005,2240,6.14
STORE_1,HOUSEHOLD_1_005,2241,4.92
STORE_1,HOUSEHOLD_1_005,2242,4.92
STORE_1,HOUSEHOLD_1_005,2243,4.92
STORE_1,HOUSEHOLD_1_005,2244,4.92
STORE_1,HOUSEHOLD_1_005,2245,5.06
STORE_1,HOUSEHOLD_1_005,2246,5.06
STORE_1,HOUSEHOLD_1_005,2247,5.06
STORE_1,HOUSEHOLD_1_005,2248,4.71
STORE_1,HOUSEHOLD_1_005,2249,4.71
STORE_1,HOUSEHOLD_1_005,2250,4.71
STORE_1,HOUSEHOLD_1_005,2251,4.71
STORE_1,HOUSEHOLD_1_005,2352,4.71
STORE_1,HOUSEHOLD_1_005,2301,4.71
STORE_1,HOUSEHOLD_1_005,2302,4.71
STORE_1,HOUSEHOLD_1_005,2303,4.71
STORE_1,HOUSEHOLD_1_005,2304,4.71
STORE_1,HOUSEHOLD_1_005,2305,4.71
STORE_1,HOUSEHOLD_1_005,2306,5.41
STORE_1,HOUSEHOLD_1_005,2307,5.41
STORE_1,HOUSEHOLD_1_005,2308,5.41
STORE_1,HOUSEHOLD_1_005,2309,5.41
STORE_1,HOUSEHOLD_1_005,2310,5.41
STORE_1,HOUSEHOLD_1_005,2311,5.41
STORE_1,HOUSEHOLD_1_005,2312,5.41
STORE_1,HOUSEHOLD_1_005,2313,5.41
STORE_1,HOUSEHOLD_1_005,2314,5.41
STORE_1,HOUSEHOLD_1_005,2315,5.41
STORE_1,HOUSEHOLD_1_005,2316,5.41
STORE_1,HOUSEHOLD_1_005,2317,5.41
STORE_1,HOUSEHOLD_1_005,2318,5.41
STORE_1,HOUSEHOLD_1_005,2319,5.41
STORE_1,HOUSEHOLD_1_005,2320,5.41
STORE_1,HOUSEHOLD_1_005,2321,5.41
STORE_1,HOUSEHOLD_1_005,2322,5.41
STORE_1,HOUSEHOLD_1_005,2323,5.41
STORE_1,HOUSEHOLD_1_005,2324,5.41
STORE_1,HOUSEHOLD_1_005,2325,5.41
STORE_1,HOUSEHOLD_1_005,2326,5.41
STORE_1,HOUSEHOLD_1_005,2327,5.41
STORE_1,HOUSEHOLD_1_005,2328,5.41
STORE_1,HOUSEHOLD_1_005,2329,5.41
STORE_1,HOUSEHOLD_1_005,2330,5.41
STORE_1,HOUSEHOLD_1_005,2331,5.41
STORE_1,HOUSEHOLD_1_005,2332,5.41
STORE_1,HOUSEHOLD_1_005,2333,5.41
STORE_1,HOUSEHOLD_1_005,2334,5.41
STORE_1,HOUSEHOLD_1_005,2335,5.41
STORE_1,HOUSEHOLD_1_005,2336,5.41
STORE_1,HOUSEHOLD_1_005,2337,5.41
STORE_1,HOUSEHOLD_1_005,2338,5.41
STORE_1,HOUSEHOLD_1_005,2339,5.41
STORE_1,HOUSEHOLD_1_005,2340,5.41
STORE_1,HOUSEHOLD_1_005,2341,5.41
STORE_1,HOUSEHOLD_1_005,2342,5.41
STORE_1,HOUSEHOLD_1_005,2343,5.41
STORE_1,HOUSEHOLD_1_005,2344,5.41
STORE_1,HOUSEHOLD_1_005,2345,5.41
STORE_1,HOUSEHOLD_1_005,2346,5.41
STORE_1,HOUSEHOLD_1_005,2347,5.41
STORE_1,HOUSEHOLD_1_005,2348,5.41
STORE_1,HOUSEHOLD_1_005,2349,5.41
STORE_1,HOUSEHOLD_1_005,2350,5.41
STORE_1,HOUSEHOLD_1_005,2351,5.41
STORE_1,HOUSEHOLD_1_005,2401,6.31
STORE_1,HOUSEHOLD_1_005,2402,6.31
STORE_1,HOUSEHOLD_1_005,2403,6.31
STORE_1,HOUSEHOLD_1_005,2404,6.31
STORE_1,HOUSEHOLD_1_005,2405,6.31
STORE_1,HOUSEHOLD_1_005,2406,6.31
STORE_1,HOUSEHOLD_1_005,2407,6.31
STORE_1,HOUSEHOLD_1_005,2408,6.31
STORE_1,HOUSEHOLD_1_005,2409,6.31
STORE_1,HOUSEHOLD_1_005,2410,6.31
STORE_1,HOUSEHOLD_1_005,2411,6.31
STORE_1,HOUSEHOLD_1_005,2412,6.31
STORE_1,HOUSEHOLD_1_005,2413,6.31
STORE_1,HOUSEHOLD_1_005,2414,6.31
STORE_1,HOUSEHOLD_1_005,2415,6.31
STORE_1,HOUSEHOLD_1_005,2416,6.31
STORE_1,HOUSEHOLD_1_005,2417,6.31
STORE_1,HOUSEHOLD_1_005,2418,6.31
STORE_1,HOUSEHOLD_1_005,2419,6.31
STORE_1,HOUSEHOLD_1_005,2420,6.31
STORE_1,HOUSEHOLD_1_005,2421,6.31
STORE_1,HOUSEHOLD_1_005,2422,6.31
STORE_1,HOUSEHOLD_1_005,2423,6.31
STORE_1,HOUSEHOLD_1_005,2424,6.31
STORE_1,HOUSEHOLD_1_005,2425,6.31
STORE_1,HOUSEHOLD_1_005,2426,6.31
STORE_1,HOUSEHOLD_1_005,2427,6.31
STORE_1,HOUSEHOLD_1_005,2428,6.31
STORE_1,HOUSEHOLD_1_005,2429,6.31
STORE_1,HOUSEHOLD_1_005,2430,6.31
STORE_1,HOUSEHOLD_1_005,2431,6.31
STORE_1,HOUSEHOLD_1_005,2432,6.31
STORE_1,HOUSEHOLD_1_005,2433,6.31
STORE_1,HOUSEHOLD_1_005,2434,6.31
STORE_1,HOUSEHOLD_1_005,2435,6.31
STORE_1,HOUSEHOLD_1_005,2436,6.31
STORE_1,HOUSEHOLD_1_005,2437,6.31
STORE_1,HOUSEHOLD_1_005,2438,6.31
STORE_1,HOUSEHOLD_1_005,2439,6.31
STORE_1,HOUSEHOLD_1_005,2440,6.31
STORE_1,HOUSEHOLD_1_005,2441,6.31
STORE_1,HOUSEHOLD_1_005,2442,6.31
STORE_1,HOUSEHOLD_1_005,2443,6.31
STORE_1,HOUSEHOLD_1_005,2444,6.31
STORE_1,HOUSEHOLD_1_005,2445,6.52
STORE_1,HOUSEHOLD_1_005,2446,6.52
STORE_1,HOUSEHOLD_1_005,2447,6.52
STORE_1,HOUSEHOLD_1_005,2448,6.52
STORE_1,HOUSEHOLD_1_005,2449,6.52
STORE_1,HOUSEHOLD_1_005,2450,6.52
STORE_1,HOUSEHOLD_1_005,2451,6.52
STORE_1,HOUSEHOLD_1_005,2452,6.52
STORE_1,HOUSEHOLD_1_005,2501,6.52
STORE_1,HOUSEHOLD_1_005,2502,6.52
STORE_1,HOUSEHOLD_1_005,2503,6.52
STORE_1,HOUSEHOLD_1_005,2504,6.52
STORE_1,HOUSEHOLD_1_005,2505,6.52
STORE_1,HOUSEHOLD_1_006,2252,6.3
STORE_1,HOUSEHOLD_1_006,2201,6.3
STORE_1,HOUSEHOLD_1_006,2202,6.3
STORE_1,HOUSEHOLD_1_006,2203,6.3
STORE_1,HOUSEHOLD_1_006,2204,6.3
STORE_1,HOUSEHOLD_1_006,2205,6.3
STORE_1,HOUSEHOLD_1_006,2206,6.3
STORE_1,HOUSEHOLD_1_006,2207,6.3
STORE_1,HOUSEHOLD_1_006,2208,6.3
STORE_1,HOUSEHOLD_1_006,2209,6.3
STORE_1,HOUSEHOLD_1_006,2210,6.3
STORE_1,HOUSEHOLD_1_006,2211,6.3
STORE_1,HOUSEHOLD_1_006,2212,6.3
STORE_1,HOUSEHOLD_1_006,2213,6.3
STORE_1,HOUSEHOLD_1_006,2214,6.3
STORE_1,HOUSEHOLD_1_006,2215,6.3
STORE_1,HOUSEHOLD_1_006,2216,6.68
STORE_1,HOUSEHOLD_1_006,2217,6.68
STORE_1,HOUSEHOLD_1_006,2218,6.68
STORE_1,HOUSEHOLD_1_006,2219,6.68
STORE_1,HOUSEHOLD_1_006,2220,6.68
STORE_1,HOUSEHOLD_1_006,2221,6.68
STORE_1,HOUSEHOLD_1_006,2222,6.68
STORE_1,HOUSEHOLD_1_006,2223,6.68
STORE_1,HOUSEHOLD_1_006,2224,6.68
STORE_1,HOUSEHOLD_1_006,2225,6.68
STORE_1,HOUSEHOLD_1_006,2226,5.33
STORE_1,HOUSEHOLD_1_006,2227,5.33
STORE_1,HOUSEHOLD_1_006,2228,5.33
STORE_1,HOUSEHOLD_1_006,2229,5.33
STORE_1,HOUSEHOLD_1_006,2230,5.33
STORE_1,HOUSEHOLD_1_006,2231,5.33
STORE_1,HOUSEHOLD_1_006,2232,5.33
STORE_1,HOUSEHOLD_1_006,2233,5.33
STORE_1,HOUSEHOLD_1_006,2234,5.33
STORE_1,HOUSEHOLD_1_006,2235,5.33
STORE_1,HOUSEHOLD_1_006,2236,5.33
STORE_1,HOUSEHOLD_1_006,2237,5.33
STORE_1,HOUSEHOLD_1_006,2238,5.33
STORE_1,HOUSEHOLD_1_006,2239,5.33
STORE_1,HOUSEHOLD_1_006,2240,5.33
STORE_1,HOUSEHOLD_1_006,2241,5.33
STORE_1,HOUSEHOLD_1_006,2242,5.33
STORE_1,HOUSEHOLD_1_006,2243,5.33
STORE_1,HOUSEHOLD_1_006,2244,5.33
STORE_1,HOUSEHOLD_1_006,2245,6.91
STORE_1,HOUSEHOLD_1_006,2246,6.91
STORE_1,HOUSEHOLD_1_006,2247,6.91
STORE_1,HOUSEHOLD_1_006,2248,6.91
STORE_1,HOUSEHOLD_1_006,2249,6.91
STORE_1,HOUSEHOLD_1_006,2250,6.91
STORE_1,HOUSEHOLD_1_006,2251,6.91
STORE_1,HOUSEHOLD_1_006,2352,6.91
STORE_1,HOUSEHOLD_1_006,2301,6.91
STORE_1,HOUSEHOLD_1_006,2302,6.91
STORE_1,HOUSEHOLD_1_006,2303,6.91
STORE_1,HOUSEHOLD_1_006,2304,6.91
STORE_1,HOUSEHOLD_1_006,2305,6.91
STORE_1,HOUSEHOLD_1_006,2306,6.91
STORE_1,HOUSEHOLD_1_006,2307,6.91
STORE_1,HOUSEHOLD_1_006,2308,6.91
STORE_1,HOUSEHOLD_1_006,2309,6.91
STORE_1,HOUSEHOLD_1_006,2310,6.91
STORE_1,HOUSEHOLD_1_006,2311,6.91
STORE_1,HOUSEHOLD_1_006,2312,6.91
STORE_1,HOUSEHOLD_1_006,2313,6.91
STORE_1,HOUSEHOLD_1_006,2314,6.91
STORE_1,HOUSEHOLD_1_006,2315,6.91
STORE_1,HOUSEHOLD_1_006,2316,6.91
STORE_1,HOUSEHOLD_1_006,2317,6.91
STORE_1,HOUSEHOLD_1_006,2318,6.91
STORE_1,HOUSEHOLD_1_006,2319,6.91
STORE_1,HOUSEHOLD_1_006,2320,6.91
STORE_1,HOUSEHOLD_1_006,2321,6.91
STORE_1,HOUSEHOLD_1_006,2322,6.91
STORE_1,HOUSEHOLD_1_006,2323,6.91
STORE_1,HOUSEHOLD_1_006,2324,6.91
STORE_1,HOUSEHOLD_1_006,2325,6.91
STORE_1,HOUSEHOLD_1_006,2326,6.91
STORE_1,HOUSEHOLD_1_006,2327,6.91
STORE_1,HOUSEHOLD_1_006,2328,6.91
STORE_1,HOUSEHOLD_1_006,2329,6.91
STORE_1,HOUSEHOLD_1_006,2330,6.91
STORE_1,HOUSEHOLD_1_006,2331,6.91
STORE_1,HOUSEHOLD_1_006,2332,6.91
STORE_1,HOUSEHOLD_1_006,2333,6.91
STORE_1,HOUSEHOLD_1_006,2334,5.34
STORE_1,HOUSEHOLD_1_006,2335,5.34
STORE_1,HOUSEHOLD_1_006,2336,5.34
STORE_1,HOUSEHOLD_1_006,2337,5.34
STORE_1,HOUSEHOLD_1_006,2338,5.34
STORE_1,HOUSEHOLD_1_006,2339,5.34
STORE_1,HOUSEHOLD_1_006,2340,5.34
STORE_1,HOUSEHOLD_1_006,2341,5.34
STORE_1,HOUSEHOLD_1_006,2342,5.34
STORE_1,HOUSEHOLD_1_006,2343,5.34
STORE_1,HOUSEHOLD_1_006,2344,5.34
STORE_1,HOUSEHOLD_1_006,2345,5.34
STORE_1,HOUSEHOLD_1_006,2346,5.34
STORE_1,HOUSEHOLD_1_006,2347,5.34
STORE_1,HOUSEHOLD_1_006,2348,5.34
STORE_1,HOUSEHOLD_1_006,2349,5.34
STORE_1,HOUSEHOLD_1_006,2350,5.34
STORE_1,HOUSEHOLD_1_006,2351,5.34
STORE_1,HOUSEHOLD_1_006,2401,5.34
STORE_1,HOUSEHOLD_1_006,2402,5.34
STORE_1,HOUSEHOLD_1_006,2403,5.34
STORE_1,HOUSEHOLD_1_006,2404,5.34
STORE_1,HOUSEHOLD_1_006,2405,5.34
STORE_1,HOUSEHOLD_1_006,2406,5.34
STORE_1,HOUSEHOLD_1_006,2407,5.34
STORE_1,HOUSEHOLD_1_006,2408,5.34
STORE_1,HOUSEHOLD_1_006,2409,5.34
STORE_1,HOUSEHOLD_1_006,2410,5.34
STORE_1,HOUSEHOLD_1_006,2411,5.38
STORE_1,HOUSEHOLD_1_006,2412,5.38
STORE_1,HOUSEHOLD_1_006,2413,5.38
STORE_1,HOUSEHOLD_1_006,2414,5.38
STORE_1,HOUSEHOLD_1_006,2415,5.38
STORE_1,HOUSEHOLD_1_006,2416,5.38
STORE_1,HOUSEHOLD_1_006,2417,5.38
STORE_1,HOUSEHOLD_1_006,2418,5.38
STORE_1,HOUSEHOLD_1_006,2419,5.38
STORE_1,HOUSEHOLD_1_006,2420,5.38
STORE_1,HOUSEHOLD_1_006,2421,5.38
STORE_1,HOUSEHOLD_1_006,2422,5.38
STORE_1,HOUSEHOLD_1_006,2423,5.38
STORE_1,HOUSEHOLD_1_006,2424,5.38
STORE_1,HOUSEHOLD_1_006,2425,5.38
STORE_1,HOUSEHOLD_1_006,2426,5.38
STORE_1,HOUSEHOLD_1_006,2427,5.38
STORE_1,HOUSEHOLD_1_006,2428,5.38
STORE_1,HOUSEHOLD_1_006,2429,5.38
STORE_1,HOUSEHOLD_1_006,2430,5.38
STORE_1,HOUSEHOLD_1_006,2431,5.38
STORE_1,HOUSEHOLD_1_006,2432,5.38
STORE_1,HOUSEHOLD_1_006,2433,5.38
STORE_1,HOUSEHOLD_1_006,2434,5.38
STORE_1,HOUSEHOLD_1_006,2435,5.38
STORE_1,HOUSEHOLD_1_006,2436,5.38
STORE_1,HOUSEHOLD_1_006,2437,5.38
STORE_1,HOUSEHOLD_1_006,2438,5.38
STORE_1,HOUSEHOLD_1_006,2439,5.38
STORE_1,HOUSEHOLD_1_006,2440,5.38
STORE_1,HOUSEHOLD_1_006,2441,5.38
STORE_1,HOUSEHOLD_1_006,2442,5.38
STORE_1,HOUSEHOLD_1_006,2443,5.38
STORE_1,HOUSEHOLD_1_006,2444,5.38
STORE_1,HOUSEHOLD_1_006,2445,5.38
STORE_1,HOUSEHOLD_1_006,2446,5.38
STORE_1,HOUSEHOLD_1_006,2447,5.38
STORE_1,HOUSEHOLD_1_006,2448,5.38
STORE_1,HOUSEHOLD_1_006,2449,5.38
STORE_1,HOUSEHOLD_1_006,2450,5.38
STORE_1,HOUSEHOLD_1_006,2451,5.38
STORE_1,HOUSEHOLD_1_006,2452,5.38
STORE_1,HOUSEHOLD_1_006,2501,5.38
STORE_1,HOUSEHOLD_1_006,2502,5.38
STORE_1,HOUSEHOLD_1_006,2503,5.38
STORE_1,HOUSEHOLD_1_006,2504,5.38
STORE_1,HOUSEHOLD_1_006,2505,5.38
STORE_1,HOUSEHOLD_1_007,2252,49.98
STORE_1,HOUSEHOLD_1_007,2201,49.98
STORE_1,HOUSEHOLD_1_007,2202,49.98
STORE_1,HOUSEHOLD_1_007,2203,49.98
STORE_1,HOUSEHOLD_1_007,2204,49.98
STORE_1,HOUSEHOLD_1_007,2205,49.98
STORE_1,HOUSEHOLD_1_007,2206,49.98
STORE_1,HOUSEHOLD_1_007,2207,49.98
STORE_1,HOUSEHOLD_1_007,2208,49.98
STORE_1,HOUSEHOLD_1_007,2209,49.98
STORE_1,HOUSEHOLD_1_007,2210,49.98
STORE_1,HOUSEHOLD_1_007,2211,49.98
STORE_1,HOUSEHOLD_1_007,2212,49.98
STORE_1,HOUSEHOLD_1_007,2213,49.98
STORE_1,HOUSEHOLD_1_007,2214,49.98
STORE_1,HOUSEHOLD_1_007,2215,49.98
STORE_1,HOUSEHOLD_1_007,2216,49.98
STORE_1,HOUSEHOLD_1_007,2217,49.98
STORE_1,HOUSEHOLD_1_007,2218,49.98
STORE_1,HOUSEHOLD_1_007,2219,49.98
STORE_1,HOUSEHOLD_1_007,2220,49.98
STORE_1,HOUSEHOLD_1_007,2221,49.98
STORE_1,HOUSEHOLD_1_007,2222,49.98
STORE_1,HOUSEHOLD_1_007,2223,49.98
STORE_1,HOUSEHOLD_1_007,2224,49.98
STORE_1,HOUSEHOLD_1_007,2225,49.98
STORE_1,HOUSEHOLD_1_007,2226,49.98
STORE_1,HOUSEHOLD_1_007,2227,49.98
STORE_1,HOUSEHOLD_1_007,2228,49.98
STORE_1,HOUSEHOLD_1_007,2229,49.98
STORE_1,HOUSEHOLD_1_007,2230,45.46
STORE_1,HOUSEHOLD_1_007,2231,45.46
STORE_1,HOUSEHOLD_1_007,2232,45.46
STORE_1,HOUSEHOLD_1_007,2233,45.46
STORE_1,HOUSEHOLD_1_007,2234,45.46
STORE_1,HOUSEHOLD_1_007,2235,45.46
STORE_1,HOUSEHOLD_1_007,2236,45.46
STORE_1,HOUSEHOLD_1_007,2237,45.46
STORE_1,HOUSEHOLD_1_007,2238,45.46
STORE_1,HOUSEHOLD_1_007,2239,45.46
STORE_1,HOUSEHOLD_1_007,2240,45.46
STORE_1,HOUSEHOLD_1_007,2241,45.46
STORE_1,HOUSEHOLD_1_007,2242,45.46
STORE_1,HOUSEHOLD_1_007,2243,45.46
STORE_1,HOUSEHOLD_1_007,2244,45.46
STORE_1,HOUSEHOLD_1_007,2245,45.46
STORE_1,HOUSEHOLD_1_007,2246,57.1
STORE_1,HOUSEHOLD_1_007,2247,57.1
STORE_1,HOUSEHOLD_1_007,2248,57.1
STORE_1,HOUSEHOLD_1_007,2249,57.1
STORE_1,HOUSEHOLD_1_007,2250,57.1
STORE_1,HOUSEHOLD_1_007,2251,57.1
STORE_1,HOUSEHOLD_1_007,2352,57.1
STORE_1,HOUSEHOLD_1_007,2301,57.1
STORE_1,HOUSEHOLD_1_007,2302,57.1
STORE_1,HOUSEHOLD_1_007,2303,57.1
STORE_1,HOUSEHOLD_1_007,2304,57.1
STORE_1,HOUSEHOLD_1_007,2305,57.1
STORE_1,HOUSEHOLD_1_007,2306,57.1
STORE_1,HOUSEHOLD_1_007,2307,57.1
STORE_1,HOUSEHOLD_1_007,2308,57.1
STORE_1,HOUSEHOLD_1_007,2309,57.1
STORE_1,HOUSEHOLD_1_007,2310,57.1
STORE_1,HOUSEHOLD_1_007,2311,57.1
STORE_1,HOUSEHOLD_1_007,2312,57.1
STORE_1,HOUSEHOLD_1_007,2313,57.1
STORE_1,HOUSEHOLD_1_007,2314,57.1
STORE_1,HOUSEHOLD_1_007,2315,57.1
STORE_1,HOUSEHOLD_1_007,2316,57.1
STORE_1,HOUSEHOLD_1_007,2317,57.1
STORE_1,HOUSEHOLD_1_007,2318,57.1
STORE_1,HOUSEHOLD_1_007,2319,57.1
STORE_1,HOUSEHOLD_1_007,2320,57.1
STORE_1,HOUSEHOLD_1_007,2321,57.1
STORE_1,HOUSEHOLD_1_007,2322,57.1
STORE_1,HOUSEHOLD_1_007,2323,57.1
STORE_1,HOUSEHOLD_1_007,2324,57.1
STORE_1,HOUSEHOLD_1_007,2325,57.1
STORE_1,HOUSEHOLD_1_007,2326,57.1
STORE_1,HOUSEHOLD_1_007,2327,57.1
STORE_1,HOUSEHOLD_1_007,2328,57.1
STORE_1,HOUSEHOLD_1_007,2329,57.1
STORE_1,HOUSEHOLD_1_007,2330,57.1
STORE_1,HOUSEHOLD_1_007,2331,57.1
STORE_1,HOUSEHOLD_1_007,2332,57.1
STORE_1,HOUSEHOLD_1_007,2333,57.1
STORE_1,HOUSEHOLD_1_007,2334,57.1
STORE_1,HOUSEHOLD_1_007,2335,57.1
STORE_1,HOUSEHOLD_1_007,2336,57.1
STORE_1,HOUSEHOLD_1_007,2337,57.1
STORE_1,HOUSEHOLD_1_007,2338,57.1
STORE_1,HOUSEHOLD_1_007,2339,57.1
STORE_1,HOUSEHOLD_1_007,2340,57.1
STORE_1,HOUSEHOLD_1_007,2341,57.1
STORE_1,HOUSEHOLD_1_007,2342,57.1
STORE_1,HOUSEHOLD_1_007,2343,57.1
STORE_1,HOUSEHOLD_1_007,2344,57.1
STORE_1,HOUSEHOLD_1_007,2345,57.1
STORE_1,HOUSEHOLD_1_007,2346,57.1
STORE_1,HOUSEHOLD_1_007,2347,57.1
STORE_1,HOUSEHOLD_1_007,2348,57.1
STORE_1,HOUSEHOLD_1_007,2349,57.1
STORE_1,HOUSEHOLD_1_007,2350,57.1
STORE_1,HOUSEHOLD_1_007,2351,57.1
STORE_1,HOUSEHOLD_1_007,2401,57.1
STORE_1,HOUSEHOLD_1_007,2402,57.1
STORE_1,HOUSEHOLD_1_007,2403,57.1
STORE_1,HOUSEHOLD_1_007,2404,57.1
STORE_1,HOUSEHOLD_1_007,2405,57.1
STORE_1,HOUSEHOLD_1_007,2406,57.1
STORE_1,HOUSEHOLD_1_007,2407,57.1
STORE_1,HOUSEHOLD_1_007,2408,57.1
STORE_1,HOUSEHOLD_1_007,2409,57.1
STORE_1,HOUSEHOLD_1_007,2410,57.1
STORE_1,HOUSEHOLD_1_007,2411,57.1
STORE_1,HOUSEHOLD_1_007,2412,57.1
STORE_1,HOUSEHOLD_1_007,2413,57.1
STORE_1,HOUSEHOLD_1_007,2414,57.1
STORE_1,HOUSEHOLD_1_007,2415,57.1
STORE_1,HOUSEHOLD_1_007,2416,57.1
STORE_1,HOUSEHOLD_1_007,2417,57.1
STORE_1,HOUSEHOLD_1_007,2418,57.1
STORE_1,HOUSEHOLD_1_007,2419,57.1
STORE_1,HOUSEHOLD_1_007,2420,57.1
STORE_1,HOUSEHOLD_1_007,2421,57.1
STORE_1,HOUSEHOLD_1_007,2422,57.1
STORE_1,HOUSEHOLD_1_007,2423,57.1
STORE_1,HOUSEHOLD_1_007,2424,57.1
STORE_1,HOUSEHOLD_1_007,2425,57.1
STORE_1,HOUSEHOLD_1_007,2426,57.1
STORE_1,HOUSEHOLD_1_007,2427,57.1
STORE_1,HOUSEHOLD_1_007,2428,57.1
STORE_1,HOUSEHOLD_1_007,2429,57.1
STORE_1,HOUSEHOLD_1_007,2430,57.1
STORE_1,HOUSEHOLD_1_007,2431,57.1
STORE_1,HOUSEHOLD_1_007,2432,57.1
STORE_1,HOUSEHOLD_1_007,2433,57.1
STORE_1,HOUSEHOLD_1_007,2434,57.1
STORE_1,HOUSEHOLD_1_007,2435,51.24
STORE_1,HOUSEHOLD_1_007,2436,51.24
STORE_1,HOUSEHOLD_1_007,2437,51.24
STORE_1,HOUSEHOLD_1_007,2438,51.24
STORE_1,HOUSEHOLD_1_007,2439,44.37
STORE_1,HOUSEHOLD_1_007,2440,44.37
STORE_1,HOUSEHOLD_1_007,2441,44.37
STORE_1,HOUSEHOLD_1_007,2442,44.37
STORE_1,HOUSEHOLD_1_007,2443,44.37
STORE_1,HOUSEHOLD_1_007,2444,44.37
STORE_1,HOUSEHOLD_1_007,2445,44.37
STORE_1,HOUSEHOLD_1_007,2446,44.37
STORE_1,HOUSEHOLD_1_007,2447,44.37
STORE_1,HOUSEHOLD_1_007,2448,44.37
STORE_1,HOUSEHOLD_1_007,2449,44.37
STORE_1,HOUSEHOLD_1_007,2450,44.37
STORE_1,HOUSEHOLD_1_007,2451,44.37
STORE_1,HOUSEHOLD_1_007,2452,43.65
STORE_1,HOUSEHOLD_1_007,2501,43.65
STORE_1,HOUSEHOLD_1_007,2502,43.65
STORE_1,HOUSEHOLD_1_007,2503,43.65
STORE_1,HOUSEHOLD_1_007,2504,43.65
STORE_1,HOUSEHOLD_1_007,2505,43.65
STORE_1,HOUSEHOLD_1_008,2252,46.92
STORE_1,HOUSEHOLD_1_008,2201,45.4
STORE_1,HOUSEHOLD_1_008,2202,45.4
STORE_1,HOUSEHOLD_1_008,2203,45.4
STORE_1,HOUSEHOLD_1_008,2204,45.4
STORE_1,HOUSEHOLD_1_008,2205,45.4
STORE_1,HOUSEHOLD_1_008,2206,45.4
STORE_1,HOUSEHOLD_1_008,2207,45.4
STORE_1,HOUSEHOLD_1_008,2208,45.4
STORE_1,HOUSEHOLD_1_008,2209,45.4
STORE_1,HOUSEHOLD_1_008,2210,45.4
STORE_1,HOUSEHOLD_1_008,2211,45.4
STORE_1,HOUSEHOLD_1_008,2212,45.4
STORE_1,HOUSEHOLD_1_008,2213,45.4
STORE_1,HOUSEHOLD_1_008,2214,45.4
STORE_1,HOUSEHOLD_1_008,2215,45.4
STORE_1,HOUSEHOLD_1_008,2216,45.4
STORE_1,HOUSEHOLD_1_008,2217,45.4
STORE_1,HOUSEHOLD_1_008,2218,45.4
STORE_1,HOUSEHOLD_1_008,2219,45.4
STORE_1,HOUSEHOLD_1_008,2220,45.4
STORE_1,HOUSEHOLD_1_008,2221,45.4
STORE_1,HOUSEHOLD_1_008,2222,45.4
STORE_1,HOUSEHOLD_1_008,2223,45.4
STORE_1,HOUSEHOLD_1_008,2224,45.4
STORE_1,HOUSEHOLD_1_008,2225,45.4
STORE_1,HOUSEHOLD_1_008,2226,45.4
STORE_1,HOUSEHOLD_1_008,2227,45.4
STORE_1,HOUSEHOLD_1_008,2228,36.14
STORE_1,HOUSEHOLD_1_008,2229,36.14
STORE_1,HOUSEHOLD_1_008,2230,36.14
STORE_1,HOUSEHOLD_1_008,2231,36.14
STORE_1,HOUSEHOLD_1_008,2232,36.14
STORE_1,HOUSEHOLD_1_008,2233,36.14
STORE_1,HOUSEHOLD_1_008,2234,36.14
STORE_1,HOUSEHOLD_1_008,2235,36.14
STORE_1,HOUSEHOLD_1_008,2236,36.14
STORE_1,HOUSEHOLD_1_008,2237,36.14
STORE_1,HOUSEHOLD_1_008,2238,36.14
STORE_1,HOUSEHOLD_1_008,2239,36.14
STORE_1,HOUSEHOLD_1_008,2240,36.14
STORE_1,HOUSEHOLD_1_008,2241,36.14
STORE_1,HOUSEHOLD_1_008,2242,36.14
STORE_1,HOUSEHOLD_1_008,2243,36.14
STORE_1,HOUSEHOLD_1_008,2244,36.14
STORE_1,HOUSEHOLD_1_008,2245,36.14
STORE_1,HOUSEHOLD_1_008,2246,36.14
STORE_1,HOUSEHOLD_1_008,2247,36.14
STORE_1,HOUSEHOLD_1_008,2248,36.14
STORE_1,HOUSEHOLD_1_008,2249,36.14
STORE_1,HOUSEHOLD_1_008,2250,36.14
STORE_1,HOUSEHOLD_1_008,2251,36.14
STORE_1,HOUSEHOLD_1_008,2352,36.14
STORE_1,HOUSEHOLD_1_008,2301,36.14
STORE_1,HOUSEHOLD_1_008,2302,36.14
STORE_1,HOUSEHOLD_1_008,2303,36.14
STORE_1,HOUSEHOLD_1_008,2304,36.14
STORE_1,HOUSEHOLD_1_008,2305,36.14
STORE_1,HOUSEHOLD_1_008,2306,36.14
STORE_1,HOUSEHOLD_1_008,2307,36.14
STORE_1,HOUSEHOLD_1_008,2308,36.14
STORE_1,HOUSEHOLD_1_008,2309,36.14
STORE_1,HOUSEHOLD_1_008,2310,36.14
STORE_1,HOUSEHOLD_1_008,2311,36.14
STORE_1,HOUSEHOLD_1_008,2312,36.14
STORE_1,HOUSEHOLD_1_008,2313,36.14
STORE_1,HOUSEHOLD_1_008,2314,36.14
STORE_1,HOUSEHOLD_1_008,2315,36.14
STORE_1,HOUSEHOLD_1_008,2316,36.14
STORE_1,HOUSEHOLD_1_008,2317,36.14
STORE_1,HOUSEHOLD_1_008,2318,36.14
STORE_1,HOUSEHOLD_1_008,2319,36.14
STORE_1,HOUSEHOLD_1_008,2320,36.14
STORE_1,HOUSEHOLD_1_008,2321,36.14
STORE_1,HOUSEHOLD_1_008,2322,36.14
STORE_1,HOUSEHOLD_1_008,2323,36.14
STORE_1,HOUSEHOLD_1_008,2324,36.14
STORE_1,HOUSEHOLD_1_008,2325,36.14
STORE_1,HOUSEHOLD_1_008,2326,36.14
STORE_1,HOUSEHOLD_1_008,2327,36.14
STORE_1,HOUSEHOLD_1_008,2328,36.14
STORE_1,HOUSEHOLD_1_008,2329,36.14
STORE_1,HOUSEHOLD_1_008,2330,36.14
STORE_1,HOUSEHOLD_1_008,2331,36.14
STORE_1,HOUSEHOLD_1_008,2332,36.14
STORE_1,HOUSEHOLD_1_008,2333,36.14
STORE_1,HOUSEHOLD_1_008,2334,36.14
STORE_1,HOUSEHOLD_1_008,2335,36.14
STORE_1,HOUSEHOLD_1_008,2336,36.14
STORE_1,HOUSEHOLD_1_008,2337,36.14
STORE_1,HOUSEHOLD_1_008,2338,36.14
STORE_1,HOUSEHOLD_1_008,2339,36.14
STORE_1,HOUSEHOLD_1_008,2340,36.14
STORE_1,HOUSEHOLD_1_008,2341,36.14
STORE_1,HOUSEHOLD_1_008,2342,36.14
STORE_1,HOUSEHOLD_1_008,2343,36.14
STORE_1,HOUSEHOLD_1_008,2344,36.14
STORE_1,HOUSEHOLD_1_008,2345,36.14
STORE_1,HOUSEHOLD_1_008,2346,36.14
STORE_1,HOUSEHOLD_1_008,2347,36.14
STORE_1,HOUSEHOLD_1_008,2348,36.14
STORE_1,HOUSEHOLD_1_008,2349,36.14
STORE_1,HOUSEHOLD_1_008,2350,36.14
STORE_1,HOUSEHOLD_1_008,2351,36.14
STORE_1,HOUSEHOLD_1_008,2401,36.14
STORE_1,HOUSEHOLD_1_008,2402,36.14
STORE_1,HOUSEHOLD_1_008,2403,36.14
STORE_1,HOUSEHOLD_1_008,2404,36.14
STORE_1,HOUSEHOLD_1_008,2405,36.14
STORE_1,HOUSEHOLD_1_008,2406,35.66
STORE_1,HOUSEHOLD_1_008,2407,35.66
STORE_1,HOUSEHOLD_1_008,2408,35.66
STORE_1,HOUSEHOLD_1_008,2409,35.66
STORE_1,HOUSEHOLD_1_008,2410,35.66
STORE_1,HOUSEHOLD_1_008,2411,35.66
STORE_1,HOUSEHOLD_1_008,2412,35.66
STORE_1,HOUSEHOLD_1_008,2413,35.66
STORE_1,HOUSEHOLD_1_008,2414,35.66
STORE_1,HOUSEHOLD_1_008,2415,35.66
STORE_1,HOUSEHOLD_1_008,2416,35.66
STORE_1,HOUSEHOLD_1_008,2417,35.66
STORE_1,HOUSEHOLD_1_008,2418,35.66
STORE_1,HOUSEHOLD_1_008,2419,35.66
STORE_1,HOUSEHOLD_1_008,2420,43.33
STORE_1,HOUSEHOLD_1_008,2421,43.33
STORE_1,HOUSEHOLD_1_008,2422,43.33
STORE_1,HOUSEHOLD_1_008,2423,43.33
STORE_1,HOUSEHOLD_1_008,2424,43.33
STORE_1,HOUSEHOLD_1_008,2425,43.33
STORE_1,HOUSEHOLD_1_008,2426,43.33
STORE_1,HOUSEHOLD_1_008,2427,43.33
STORE_1,HOUSEHOLD_1_008,2428,43.33
STORE_1,HOUSEHOLD_1_008,2429,43.33
STORE_1,HOUSEHOLD_1_008,2430,43.33
STORE_1,HOUSEHOLD_1_008,2431,43.33
STORE_1,HOUSEHOLD_1_008,2432,43.33
STORE_1,HOUSEHOLD_1_008,2433,43.33
STORE_1,HOUSEHOLD_1_008,2434,43.33
STORE_1,HOUSEHOLD_1_008,2435,43.33
STORE_1,HOUSEHOLD_1_008,2436,43.33
STORE_1,HOUSEHOLD_1_008,2437,43.33
STORE_1,HOUSEHOLD_1_008,2438,43.33
STORE_1,HOUSEHOLD_1_008,2439,43.33
STORE_1,HOUSEHOLD_1_008,2440,43.33
STORE_1,HOUSEHOLD_1_008,2441,43.33
STORE_1,HOUSEHOLD_1_008,2442,43.33
STORE_1,HOUSEHOLD_1_008,2443,43.33
STORE_1,HOUSEHOLD_1_008,2444,43.33
STORE_1,HOUSEHOLD_1_008,2445,43.33
STORE_1,HOUSEHOLD_1_008,2446,43.33
STORE_1,HOUSEHOLD_1_008,2447,40.5
STORE_1,HOUSEHOLD_1_008,2448,40.5
STORE_1,HOUSEHOLD_1_008,2449,40.5
STORE_1,HOUSEHOLD_1_008,2450,40.5
STORE_1,HOUSEHOLD_1_008,2451,40.5
STORE_1,HOUSEHOLD_1_008,2452,40.5
STORE_1,HOUSEHOLD_1_008,2501,38.46
STORE_1,HOUSEHOLD_1_008,2502,38.46
STORE_1,HOUSEHOLD_1_008,2503,38.46
STORE_1,HOUSEHOLD_1_008,2504,38.46
STORE_1,HOUSEHOLD_1_008,2505,38.46
STORE_1,HOUSEHOLD_2_001,2252,53.17
STORE_1,HOUSEHOLD_2_001,2201,53.17
STORE_1,HOUSEHOLD_2_001,2202,53.17
STORE_1,HOUSEHOLD_2_001,2203,53.17
STORE_1,HOUSEHOLD_2_001,2204,53.17
STORE_1,HOUSEHOLD_2_001,2205,53.17
STORE_1,HOUSEHOLD_2_001,2206,53.17
STORE_1,HOUSEHOLD_2_001,2207,53.17
STORE_1,HOUSEHOLD_2_001,2208,53.17
STORE_1,HOUSEHOLD_2_001,2209,53.17
STORE_1,HOUSEHOLD_2_001,2210,53.17
STORE_1,HOUSEHOLD_2_001,2211,53.17
STORE_1,HOUSEHOLD_2_001,2212,53.17
STORE_1,HOUSEHOLD_2_001,2213,40.27
STORE_1,HOUSEHOLD_2_001,2214,40.27
STORE_1,HOUSEHOLD_2_001,2215,40.27
STORE_1,HOUSEHOLD_2_001,2216,40.27
STORE_1,HOUSEHOLD_2_001,2217,40.27
STORE_1,HOUSEHOLD_2_001,2218,40.27
STORE_1,HOUSEHOLD_2_001,2219,40.27
STORE_1,HOUSEHOLD_2_001,2220,40.27
STORE_1,HOUSEHOLD_2_001,2221,40.27
STORE_1,HOUSEHOLD_2_001,2222,40.27
STORE_1,HOUSEHOLD_2_001,2223,40.27
STORE_1,HOUSEHOLD_2_001,2224,40.27
STORE_1,HOUSEHOLD_2_001,2225,40.27
STORE_1,HOUSEHOLD_2_001,2226,40.27
STORE_1,HOUSEHOLD_2_001,2227,40.27
STORE_1,HOUSEHOLD_2_001,2228,40.27
STORE_1,HOUSEHOLD_2_001,2229,40.27
STORE_1,HOUSEHOLD_2_001,2230,40.27
STORE_1,HOUSEHOLD_2_001,2231,40.27
STORE_1,HOUSEHOLD_2_001,2232,40.27
STORE_1,HOUSEHOLD_2_001,2233,40.27
STORE_1,HOUSEHOLD_2_001,2234,40.27
STORE_1,HOUSEHOLD_2_001,2235,40.27
STORE_1,HOUSEHOLD_2_001,2236,40.27
STORE_1,HOUSEHOLD_2_001,2237,40.27
STORE_1,HOUSEHOLD_2_001,2238,40.27
STORE_1,HOUSEHOLD_2_001,2239,40.27
STORE_1,HOUSEHOLD_2_001,2240,40.27
STORE_1,HOUSEHOLD_2_001,2241,40.27
STORE_1,HOUSEHOLD_2_001,2242,40.27
STORE_1,HOUSEHOLD_2_001,2243,40.27
STORE_1,HOUSEHOLD_2_001,2244,44.06
STORE_1,HOUSEHOLD_2_001,2245,44.06
STORE_1,HOUSEHOLD_2_001,2246,44.06
STORE_1,HOUSEHOLD_2_001,2247,44.06
STORE_1,HOUSEHOLD_2_001,2248,44.06
STORE_1,HOUSEHOLD_2_001,2249,44.06
STORE_1,HOUSEHOLD_2_001,2250,44.06
STORE_1,HOUSEHOLD_2_001,2251,44.06
STORE_1,HOUSEHOLD_2_001,2352,44.06
STORE_1,HOUSEHOLD_2_001,2301,46.56
STORE_1,HOUSEHOLD_2_001,2302,46.56
STORE_1,HOUSEHOLD_2_001,2303,46.56
STORE_1,HOUSEHOLD_2_001,2304,46.56
STORE_1,HOUSEHOLD_2_001,2305,46.56
STORE_1,HOUSEHOLD_2_001,2306,46.56
STORE_1,HOUSEHOLD_2_001,2307,46.56
STORE_1,HOUSEHOLD_2_001,2308,46.56
STORE_1,HOUSEHOLD_2_001,2309,46.56
STORE_1,HOUSEHOLD_2_001,2310,46.56
STORE_1,HOUSEHOLD_2_001,2311,46.56
STORE_1,HOUSEHOLD_2_001,2312,46.56
STORE_1,HOUSEHOLD_2_001,2313,46.56
STORE_1,HOUSEHOLD_2_001,2314,46.56
STORE_1,HOUSEHOLD_2_001,2315,46.56
STORE_1,HOUSEHOLD_2_001,2316,46.56
STORE_1,HOUSEHOLD_2_001,2317,46.56
STORE_1,HOUSEHOLD_2_001,2318,46.56
STORE_1,HOUSEHOLD_2_001,2319,46.56
STORE_1,HOUSEHOLD_2_001,2320,46.56
STORE_1,HOUSEHOLD_2_001,2321,46.56
STORE_1,HOUSEHOLD_2_001,2322,46.56
STORE_1,HOUSEHOLD_2_001,2323,46.56
STORE_1,HOUSEHOLD_2_001,2324,46.56
STORE_1,HOUSEHOLD_2_001,2325,46.56
STORE_1,HOUSEHOLD_2_001,2326,46.56
STORE_1,HOUSEHOLD_2_001,2327,46.56
STORE_1,HOUSEHOLD_2_001,2328,46.56
STORE_1,HOUSEHOLD_2_001,2329,46.56
STORE_1,HOUSEHOLD_2_001,2330,46.56
STORE_1,HOUSEHOLD_2_001,2331,46.56
STORE_1,HOUSEHOLD_2_001,2332,46.56
STORE_1,HOUSEHOLD_2_001,2333,46.56
STORE_1,HOUSEHOLD_2_001,2334,46.56
STORE_1,HOUSEHOLD_2_001,2335,45.41
STORE_1,HOUSEHOLD_2_001,2336,45.41
STORE_1,HOUSEHOLD_2_001,2337,45.41
STORE_1,HOUSEHOLD_2_001,2338,45.41
STORE_1,HOUSEHOLD_2_001,2339,45.41
STORE_1,HOUSEHOLD_2_001,2340,45.41
STORE_1,HOUSEHOLD_2_001,2341,57.92
STORE_1,HOUSEHOLD_2_001,2342,57.92
STORE_1,HOUSEHOLD_2_001,2343,57.92
STORE_1,HOUSEHOLD_2_001,2344,57.92
STORE_1,HOUSEHOLD_2_001,2345,57.92
STORE_1,HOUSEHOLD_2_001,2346,57.92
STORE_1,HOUSEHOLD_2_001,2347,57.92
STORE_1,HOUSEHOLD_2_001,2348,57.92
STORE_1,HOUSEHOLD_2_001,2349,57.92
STORE_1,HOUSEHOLD_2_001,2350,57.92
STORE_1,HOUSEHOLD_2_001,2351,57.92
STORE_1,HOUSEHOLD_2_001,2401,57.92
STORE_1,HOUSEHOLD_2_001,2402,57.92
STORE_1,HOUSEHOLD_2_001,2403,57.92
STORE_1,HOUSEHOLD_2_001,2404,57.92
STORE_1,HOUSEHOLD_2_001,2405,57.92
STORE_1,HOUSEHOLD_2_001,2406,57.92
STORE_1,HOUSEHOLD_2_001,2407,57.92
STORE_1,HOUSEHOLD_2_001,2408,57.92
STORE_1,HOUSEHOLD_2_001,2409,57.92
STORE_1,HOUSEHOLD_2_001,2410,57.92
STORE_1,HOUSEHOLD_2_001,2411,57.92
STORE_1,HOUSEHOLD_2_001,2412,57.92
STORE_1,HOUSEHOLD_2_001,2413,57.92
STORE_1,HOUSEHOLD_2_001,2414,57.92
STORE_1,HOUSEHOLD_2_001,2415,57.92
STORE_1,HOUSEHOLD_2_001,2416,57.92
STORE_1,HOUSEHOLD_2_001,2417,57.92
STORE_1,HOUSEHOLD_2_001,2418,57.92
STORE_1,HOUSEHOLD_2_001,2419,57.92
STORE_1,HOUSEHOLD_2_001,2420,57.92
STORE_1,HOUSEHOLD_2_001,2421,57.92
STORE_1,HOUSEHOLD_2_001,2422,57.92
STORE_1,HOUSEHOLD_2_001,2423,57.92
STORE_1,HOUSEHOLD_2_001,2424,57.92
STORE_1,HOUSEHOLD_2_001,2425,57.92
STORE_1,HOUSEHOLD_2_001,2426,57.92
STORE_1,HOUSEHOLD_2_001,2427,57.92
STORE_1,HOUSEHOLD_2_001,2428,57.92
STORE_1,HOUSEHOLD_2_001,2429,57.92
STORE_1,HOUSEHOLD_2_001,2430,57.92
STORE_1,HOUSEHOLD_2_001,2431,57.92
STORE_1,HOUSEHOLD_2_001,2432,57.92
STORE_1,HOUSEHOLD_2_001,2433,57.92
STORE_1,HOUSEHOLD_2_001,2434,57.92
STORE_1,HOUSEHOLD_2_001,2435,57.92
STORE_1,HOUSEHOLD_2_001,2436,57.92
STORE_1,HOUSEHOLD_2_001,2437,57.92
STORE_1,HOUSEHOLD_2_001,2438,53.43
STORE_1,HOUSEHOLD_2_001,2439,53.43
STORE_1,HOUSEHOLD_2_001,2440,53.43
STORE_1,HOUSEHOLD_2_001,2441,53.43
STORE_1,HOUSEHOLD_2_001,2442,53.43
STORE_1,HOUSEHOLD_2_001,2443,53.43
STORE_1,HOUSEHOLD_2_001,2444,45.93
STORE_1,HOUSEHOLD_2_001,2445,45.93
STORE_1,HOUSEHOLD_2_001,2446,45.93
STORE_1,HOUSEHOLD_2_001,2447,45.93
STORE_1,HOUSEHOLD_2_001,2448,45.93
STORE_1,HOUSEHOLD_2_001,2449,45.93
STORE_1,HOUSEHOLD_2_001,2450,45.93
STORE_1,HOUSEHOLD_2_001,2451,45.93
STORE_1,HOUSEHOLD_2_001,2452,45.93
STORE_1,HOUSEHOLD_2_001,2501,45.93
STORE_1,HOUSEHOLD_2_001,2502,45.93
STORE_1,HOUSEHOLD_2_001,2503,45.93
STORE_1,HOUSEHOLD_2_001,2504,45.93
STORE_1,HOUSEHOLD_2_001,2505,45.93
STORE_1,HOUSEHOLD_2_002,2252,32.28
STORE_1,HOUSEHOLD_2_002,2201,32.28
STORE_1,HOUSEHOLD_2_002,2202,32.28
STORE_1,HOUSEHOLD_2_002,2203,32.28
STORE_1,HOUSEHOLD_2_002,2204,32.28
STORE_1,HOUSEHOLD_2_002,2205,32.28
STORE_1,HOUSEHOLD_2_002,2206,32.28
STORE_1,HOUSEHOLD_2_002,2207,32.28
STORE_1,HOUSEHOLD_2_002,2208,32.28
STORE_1,HOUSEHOLD_2_002,2209,32.28
STORE_1,HOUSEHOLD_2_002,2210,32.28
STORE_1,HOUSEHOLD_2_002,2211,32.28
STORE_1,HOUSEHOLD_2_002,2212,32.28
STORE_1,HOUSEHOLD_2_002,2213,32.28
STORE_1,HOUSEHOLD_2_002,2214,32.28
STORE_1,HOUSEHOLD_2_002,2215,32.28
STORE_1,HOUSEHOLD_2_002,2216,32.28
STORE_1,HOUSEHOLD_2_002,2217,32.28
STORE_1,HOUSEHOLD_2_002,2218,32.28
STORE_1,HOUSEHOLD_2_002,2219,32.28
STORE_1,HOUSEHOLD_2_002,2220,32.28
STORE_1,HOUSEHOLD_2_002,2221,32.28
STORE_1,HOUSEHOLD_2_002,2222,32.28
STORE_1,HOUSEHOLD_2_002,2223,32.28
STORE_1,HOUSEHOLD_2_002,2224,32.28
STORE_1,HOUSEHOLD_2_002,2225,32.28
STORE_1,HOUSEHOLD_2_002,2226,32.28
STORE_1,HOUSEHOLD_2_002,2227,32.28
STORE_1,HOUSEHOLD_2_002,2228,32.28
STORE_1,HOUSEHOLD_2_002,2229,32.28
STORE_1,HOUSEHOLD_2_002,2230,32.28
STORE_1,HOUSEHOLD_2_002,2231,32.28
STORE_1,HOUSEHOLD_2_002,2232,32.28
STORE_1,HOUSEHOLD_2_002,2233,32.28
STORE_1,HOUSEHOLD_2_002,2234,34.87
STORE_1,HOUSEHOLD_2_002,2235,34.87
STORE_1,HOUSEHOLD_2_002,2236,34.87
STORE_1,HOUSEHOLD_2_002,2237,24.67
STORE_1,HOUSEHOLD_2_002,2238,24.67
STORE_1,HOUSEHOLD_2_002,2239,24.67
STORE_1,HOUSEHOLD_2_002,2240,24.67
STORE_1,HOUSEHOLD_2_002,2241,24.67
STORE_1,HOUSEHOLD_2_002,2242,24.67
STORE_1,HOUSEHOLD_2_002,2243,24.67
STORE_1,HOUSEHOLD_2_002,2244,24.67
STORE_1,HOUSEHOLD_2_002,2245,24.67
STORE_1,HOUSEHOLD_2_002,2246,24.67
STORE_1,HOUSEHOLD_2_002,2247,24.67
STORE_1,HOUSEHOLD_2_002,2248,24.67
STORE_1,HOUSEHOLD_2_002,2249,24.67
STORE_1,HOUSEHOLD_2_002,2250,24.67
STORE_1,HOUSEHOLD_2_002,2251,24.67
STORE_1,HOUSEHOLD_2_002,2352,24.67
STORE_1,HOUSEHOLD_2_002,2301,24.67
STORE_1,HOUSEHOLD_2_002,2302,24.67
STORE_1,HOUSEHOLD_2_002,2303,24.67
STORE_1,HOUSEHOLD_2_002,2304,24.67
STORE_1,HOUSEHOLD_2_002,2305,24.56
STORE_1,HOUSEHOLD_2_002,2306,24.56
STORE_1,HOUSEHOLD_2_002,2307,24.56
STORE_1,HOUSEHOLD_2_002,2308,24.56
STORE_1,HOUSEHOLD_2_002,2309,34.57
STORE_1,HOUSEHOLD_2_002,2310,34.57
STORE_1,HOUSEHOLD_2_002,2311,34.57
STORE_1,HOUSEHOLD_2_002,2312,34.57
STORE_1,HOUSEHOLD_2_002,2313,34.57
STORE_1,HOUSEHOLD_2_002,2314,34.57
STORE_1,HOUSEHOLD_2_002,2315,34.57
STORE_1,HOUSEHOLD_2_002,2316,34.57
STORE_1,HOUSEHOLD_2_002,2317,34.57
STORE_1,HOUSEHOLD_2_002,2318,34.57
STORE_1,HOUSEHOLD_2_002,2319,34.57
STORE_1,HOUSEHOLD_2_002,2320,34.57
STORE_1,HOUSEHOLD_2_002,2321,34.57
STORE_1,HOUSEHOLD_2_002,2322,34.57
STORE_1,HOUSEHOLD_2_002,2323,34.57
STORE_1,HOUSEHOLD_2_002,2324,34.57
STORE_1,HOUSEHOLD_2_002,2325,34.57
STORE_1,HOUSEHOLD_2_002,2326,34.57
STORE_1,HOUSEHOLD_2_002,2327,34.57
STORE_1,HOUSEHOLD_2_002,2328,34.57
STORE_1,HOUSEHOLD_2_002,2329,32.73
STORE_1,HOUSEHOLD_2_002,2330,32.73
STORE_1,HOUSEHOLD_2_002,2331,32.73
STORE_1,HOUSEHOLD_2_002,2332,32.73
STORE_1,HOUSEHOLD_2_002,2333,32.73
STORE_1,HOUSEHOLD_2_002,2334,32.73
STORE_1,HOUSEHOLD_2_002,2335,32.73
STORE_1,HOUSEHOLD_2_002,2336,32.73
STORE_1,HOUSEHOLD_2_002,2337,32.73
STORE_1,HOUSEHOLD_2_002,2338,32.73
STORE_1,HOUSEHOLD_2_002,2339,32.73
STORE_1,HOUSEHOLD_2_002,2340,32.73
STORE_1,HOUSEHOLD_2_002,2341,32.73
STORE_1,HOUSEHOLD_2_002,2342,32.73
STORE_1,HOUSEHOLD_2_002,2343,32.73
STORE_1,HOUSEHOLD_2_002,2344,32.73
STORE_1,HOUSEHOLD_2_002,2345,32.73
STORE_1,HOUSEHOLD_2_002,2346,32.73
STORE_1,HOUSEHOLD_2_002,2347,32.73
STORE_1,HOUSEHOLD_2_002,2348,32.73
STORE_1,HOUSEHOLD_2_002,2349,32.73
STORE_1,HOUSEHOLD_2_002,2350,32.73
STORE_1,HOUSEHOLD_2_002,2351,32.73
STORE_1,HOUSEHOLD_2_002,2401,32.73
STORE_1,HOUSEHOLD_2_002,2402,32.73
STORE_1,HOUSEHOLD_2_002,2403,32.73
STORE_1,HOUSEHOLD_2_002,2404,32.73
STORE_1,HOUSEHOLD_2_002,2405,32.73
STORE_1,HOUSEHOLD_2_002,2406,32.73
STORE_1,HOUSEHOLD_2_002,2407,32.73
STORE_1,HOUSEHOLD_2_002,2408,32.73
STORE_1,HOUSEHOLD_2_002,2409,32.73
STORE_1,HOUSEHOLD_2_002,2410,32.73
STORE_1,HOUSEHOLD_2_002,2411,32.73
STORE_1,HOUSEHOLD_2_002,2412,32.73
STORE_1,HOUSEHOLD_2_002,2413,32.73
STORE_1,HOUSEHOLD_2_002,2414,32.73
STORE_1,HOUSEHOLD_2_002,2415,32.73
STORE_1,HOUSEHOLD_2_002,2416,32.73
STORE_1,HOUSEHOLD_2_002,2417,32.73
STORE_1,HOUSEHOLD_2_002,2418,32.73
STORE_1,HOUSEHOLD_2_002,2419,32.73
STORE_1,HOUSEHOLD_2_002,2420,32.73
STORE_1,HOUSEHOLD_2_002,2421,32.73
STORE_1,HOUSEHOLD_2_002,2422,32.73
STORE_1,HOUSEHOLD_2_002,2423,32.73
STORE_1,HOUSEHOLD_2_002,2424,32.73
STORE_1,HOUSEHOLD_2_002,2425,32.73
STORE_1,HOUSEHOLD_2_002,2426,32.73
STORE_1,HOUSEHOLD_2_002,2427,32.73
STORE_1,HOUSEHOLD_2_002,2428,32.73
STORE_1,HOUSEHOLD_2_002,2429,32.73
STORE_1,HOUSEHOLD_2_002,2430,32.73
STORE_1,HOUSEHOLD_2_002,2431,32.73
STORE_1,HOUSEHOLD_2_002,2432,32.73
STORE_1,HOUSEHOLD_2_002,2433,32.73
STORE_1,HOUSEHOLD_2_002,2434,32.73
STORE_1,HOUSEHOLD_2_002,2435,32.73
STORE_1,HOUSEHOLD_2_002,2436,32.73
STORE_1,HOUSEHOLD_2_002,2437,32.73
STORE_1,HOUSEHOLD_2_002,2438,32.73
STORE_1,HOUSEHOLD_2_002,2439,32.73
STORE_1,HOUSEHOLD_2_002,2440,32.73
STORE_1,HOUSEHOLD_2_002,2441,32.73
STORE_1,HOUSEHOLD_2_002,2442,32.73
STORE_1,HOUSEHOLD_2_002,2443,34.39
STORE_1,HOUSEHOLD_2_002,2444,34.39
STORE_1,HOUSEHOLD_2_002,2445,34.39
STORE_1,HOUSEHOLD_2_002,2446,34.39
STORE_1,HOUSEHOLD_2_002,2447,34.39
STORE_1,HOUSEHOLD_2_002,2448,34.39
STORE_1,HOUSEHOLD_2_002,2449,34.39
STORE_1,HOUSEHOLD_2_002,2450,34.39
STORE_1,HOUSEHOLD_2_002,2451,34.39
STORE_1,HOUSEHOLD_2_002,2452,34.39
STORE_1,HOUSEHOLD_2_002,2501,34.39
STORE_1,HOUSEHOLD_2_002,2502,34.39
STORE_1,HOUSEHOLD_2_002,2503,34.39
STORE_1,HOUSEHOLD_2_002,2504,34.39
STORE_1,HOUSEHOLD_2_002,2505,34.39
STORE_1,HOUSEHOLD_2_003,2252,27.95
STORE_1,HOUSEHOLD_2_003,2201,27.95
STORE_1,HOUSEHOLD_2_003,2202,27.95
STORE_1,HOUSEHOLD_2_003,2203,27.95
STORE_1,HOUSEHOLD_2_003,2204,27.95
STORE_1,HOUSEHOLD_2_003,2205,27.95
STORE_1,HOUSEHOLD_2_003,2206,27.95
STORE_1,HOUSEHOLD_2_003,2207,27.95
STORE_1,HOUSEHOLD_2_003,2208,27.95
STORE_1,HOUSEHOLD_2_003,2209,27.95
STORE_1,HOUSEHOLD_2_003,2210,27.95
STORE_1,HOUSEHOLD_2_003,2211,27.95
STORE_1,HOUSEHOLD_2_003,2212,27.95
STORE_1,HOUSEHOLD_2_003,2213,27.95
STORE_1,HOUSEHOLD_2_003,2214,27.95
STORE_1,HOUSEHOLD_2_003,2215,27.95
STORE_1,HOUSEHOLD_2_003,2216,27.95
STORE_1,HOUSEHOLD_2_003,2217,27.95
STORE_1,HOUSEHOLD_2_003,2218,27.95
STORE_1,HOUSEHOLD_2_003,2219,27.95
STORE_1,HOUSEHOLD_2_003,2220,27.95
STORE_1,HOUSEHOLD_2_003,2221,27.95
STORE_1,HOUSEHOLD_2_003,2222,27.95
STORE_1,HOUSEHOLD_2_003,2223,27.95
STORE_1,HOUSEHOLD_2_003,2224,27.95
STORE_1,HOUSEHOLD_2_003,2225,27.95
STORE_1,HOUSEHOLD_2_003,2226,27.95
STORE_1,HOUSEHOLD_2_003,2227,27.95
STORE_1,HOUSEHOLD_2_003,2228,27.95
STORE_1,HOUSEHOLD_2_003,2229,27.95
STORE_1,HOUSEHOLD_2_003,2230,27.95
STORE_1,HOUSEHOLD_2_003,2231,27.95
STORE_1,HOUSEHOLD_2_003,2232,27.95
STORE_1,HOUSEHOLD_2_003,2233,27.95
STORE_1,HOUSEHOLD_2_003,2234,27.95
STORE_1,HOUSEHOLD_2_003,2235,27.95
STORE_1,HOUSEHOLD_2_003,2236,27.95
STORE_1,HOUSEHOLD_2_003,2237,27.95
STORE_1,HOUSEHOLD_2_003,2238,27.95
STORE_1,HOUSEHOLD_2_003,2239,27.95
STORE_1,HOUSEHOLD_2_003,2240,27.95
STORE_1,HOUSEHOLD_2_003,2241,27.95
STORE_1,HOUSEHOLD_2_003,2242,27.95
STORE_1,HOUSEHOLD_2_003,2243,27.95
STORE_1,HOUSEHOLD_2_003,2244,27.95
STORE_1,HOUSEHOLD_2_003,2245,27.95
STORE_1,HOUSEHOLD_2_003,2246,27.95
STORE_1,HOUSEHOLD_2_003,2247,27.95
STORE_1,HOUSEHOLD_2_003,2248,27.95
STORE_1,HOUSEHOLD_2_003,2249,27.95
STORE_1,HOUSEHOLD_2_003,2250,29.62
STORE_1,HOUSEHOLD_2_003,2251,24.36
STORE_1,HOUSEHOLD_2_003,2352,24.36
STORE_1,HOUSEHOLD_2_003,2301,24.36
STORE_1,HOUSEHOLD_2_003,2302,24.36
STORE_1,HOUSEHOLD_2_003,2303,24.36
STORE_1,HOUSEHOLD_2_003,2304,24.36
STORE_1,HOUSEHOLD_2_003,2305,24.36
STORE_1,HOUSEHOLD_2_003,2306,24.36
STORE_1,HOUSEHOLD_2_003,2307,26.55
STORE_1,HOUSEHOLD_2_003,2308,26.55
STORE_1,HOUSEHOLD_2_003,2309,26.55
STORE_1,HOUSEHOLD_2_003,2310,26.55
STORE_1,HOUSEHOLD_2_003,2311,26.55
STORE_1,HOUSEHOLD_2_003,2312,29.72
STORE_1,HOUSEHOLD_2_003,2313,29.72
STORE_1,HOUSEHOLD_2_003,2314,29.72
STORE_1,HOUSEHOLD_2_003,2315,29.72
STORE_1,HOUSEHOLD_2_003,2316,29.72
STORE_1,HOUSEHOLD_2_003,2317,29.72
STORE_1,HOUSEHOLD_2_003,2318,29.72
STORE_1,HOUSEHOLD_2_003,2319,29.72
STORE_1,HOUSEHOLD_2_003,2320,29.72
STORE_1,HOUSEHOLD_2_003,2321,29.72
STORE_1,HOUSEHOLD_2_003,2322,29.72
STORE_1,HOUSEHOLD_2_003,2323,29.72
STORE_1,HOUSEHOLD_2_003,2324,29.72
STORE_1,HOUSEHOLD_2_003,2325,29.72
STORE_1,HOUSEHOLD_2_003,2326,29.72
STORE_1,HOUSEHOLD_2_003,2327,29.72
STORE_1,HOUSEHOLD_2_003,2328,29.72
STORE_1,HOUSEHOLD_2_003,2329,29.72
STORE_1,HOUSEHOLD_2_003,2330,29.72
STORE_1,HOUSEHOLD_2_003,2331,29.72
STORE_1,HOUSEHOLD_2_003,2332,29.72
STORE_1,HOUSEHOLD_2_003,2333,29.72
STORE_1,HOUSEHOLD_2_003,2334,29.72
STORE_1,HOUSEHOLD_2_003,2335,29.72
STORE_1,HOUSEHOLD_2_003,2336,29.72
STORE_1,HOUSEHOLD_2_003,2337,29.72
STORE_1,HOUSEHOLD_2_003,2338,29.72
STORE_1,HOUSEHOLD_2_003,2339,29.72
STORE_1,HOUSEHOLD_2_003,2340,29.72
STORE_1,HOUSEHOLD_2_003,2341,29.72
STORE_1,HOUSEHOLD_2_003,2342,29.72
STORE_1,HOUSEHOLD_2_003,2343,29.72
STORE_1,HOUSEHOLD_2_003,2344,24.81
STORE_1,HOUSEHOLD_2_003,2345,24.81
STORE_1,HOUSEHOLD_2_003,2346,24.81
STORE_1,HOUSEHOLD_2_003,2347,24.81
STORE_1,HOUSEHOLD_2_003,2348,24.81
STORE_1,HOUSEHOLD_2_003,2349,24.81
STORE_1,HOUSEHOLD_2_003,2350,24.81
STORE_1,HOUSEHOLD_2_003,2351,24.81
STORE_1,HOUSEHOLD_2_003,2401,24.81
STORE_1,HOUSEHOLD_2_003,2402,24.81
STORE_1,HOUSEHOLD_2_003,2403,24.81
STORE_1,HOUSEHOLD_2_003,2404,24.81
STORE_1,HOUSEHOLD_2_003,2405,24.81
STORE_1,HOUSEHOLD_2_003,2406,24.81
STORE_1,HOUSEHOLD_2_003,2407,25.85
STORE_1,HOUSEHOLD_2_003,2408,25.85
STORE_1,HOUSEHOLD_2_003,2409,25.85
STORE_1,HOUSEHOLD_2_003,2410,25.85
STORE_1,HOUSEHOLD_2_003,2411,25.85
STORE_1,HOUSEHOLD_2_003,2412,25.85
STORE_1,HOUSEHOLD_2_003,2413,25.85
STORE_1,HOUSEHOLD_2_003,2414,25.85
STORE_1,HOUSEHOLD_2_003,2415,25.85
STORE_1,HOUSEHOLD_2_003,2416,25.85
STORE_1,HOUSEHOLD_2_003,2417,25.85
STORE_1,HOUSEHOLD_2_003,2418,25.85
STORE_1,HOUSEHOLD_2_003,2419,25.85
STORE_1,HOUSEHOLD_2_003,2420,25.85
STORE_1,HOUSEHOLD_2_003,2421,25.85
STORE_1,HOUSEHOLD_2_003,2422,25.85
STORE_1,HOUSEHOLD_2_003,2423,25.85
STORE_1,HOUSEHOLD_2_003,2424,25.85
STORE_1,HOUSEHOLD_2_003,2425,25.85
STORE_1,HOUSEHOLD_2_003,2426,25.85
STORE_1,HOUSEHOLD_2_003,2427,27.88
STORE_1,HOUSEHOLD_2_003,2428,27.88
STORE_1,HOUSEHOLD_2_003,2429,27.88
STORE_1,HOUSEHOLD_2_003,2430,27.88
STORE_1,HOUSEHOLD_2_003,2431,27.88
STORE_1,HOUSEHOLD_2_003,2432,27.88
STORE_1,HOUSEHOLD_2_003,2433,27.88
STORE_1,HOUSEHOLD_2_003,2434,27.88
STORE_1,HOUSEHOLD_2_003,2435,27.88
STORE_1,HOUSEHOLD_2_003,2436,27.88
STORE_1,HOUSEHOLD_2_003,2437,27.88
STORE_1,HOUSEHOLD_2_003,2438,27.88
STORE_1,HOUSEHOLD_2_003,2439,27.88
STORE_1,HOUSEHOLD_2_003,2440,27.88
STORE_1,HOUSEHOLD_2_003,2441,27.88
STORE_1,HOUSEHOLD_2_003,2442,27.88
STORE_1,HOUSEHOLD_2_003,2443,27.88
STORE_1,HOUSEHOLD_2_003,2444,31.24
STORE_1,HOUSEHOLD_2_003,2445,31.24
STORE_1,HOUSEHOLD_2_003,2446,31.24
STORE_1,HOUSEHOLD_2_003,2447,31.24
STORE_1,HOUSEHOLD_2_003,2448,31.24
STORE_1,HOUSEHOLD_2_003,2449,31.24
STORE_1,HOUSEHOLD_2_003,2450,31.24
STORE_1,HOUSEHOLD_2_003,2451,31.24
STORE_1,HOUSEHOLD_2_003,2452,31.24
STORE_1,HOUSEHOLD_2_003,2501,31.24
STORE_1,HOUSEHOLD_2_003,2502,31.24
STORE_1,HOUSEHOLD_2_003,2503,25.28
STORE_1,HOUSEHOLD_2_003,2504,25.28
STORE_1,HOUSEHOLD_2_003,2505,25.28
STORE_1,HOUSEHOLD_2_004,2252,29.12
STORE_1,HOUSEHOLD_2_004,2201,29.12
STORE_1,HOUSEHOLD_2_004,2202,29.12
STORE_1,HOUSEHOLD_2_004,2203,29.12
STORE_1,HOUSEHOLD_2_004,2204,29.12
STORE_1,HOUSEHOLD_2_004,2205,29.12
STORE_1,HOUSEHOLD_2_004,2206,29.12
STORE_1,HOUSEHOLD_2_004,2207,29.12
STORE_1,HOUSEHOLD_2_004,2208,29.12
STORE_1,HOUSEHOLD_2_004,2209,29.12
STORE_1,HOUSEHOLD_2_004,2210,29.12
STORE_1,HOUSEHOLD_2_004,2211,21.94
STORE_1,HOUSEHOLD_2_004,2212,21.94
STORE_1,HOUSEHOLD_2_004,2213,21.94
STORE_1,HOUSEHOLD_2_004,2214,21.94
STORE_1,HOUSEHOLD_2_004,2215,21.94
STORE_1,HOUSEHOLD_2_004,2216,27.07
STORE_1,HOUSEHOLD_2_004,2217,27.07
STORE_1,HOUSEHOLD_2_004,2218,27.07
STORE_1,HOUSEHOLD_2_004,2219,27.07
STORE_1,HOUSEHOLD_2_004,2220,27.07
STORE_1,HOUSEHOLD_2_004,2221,27.07
STORE_1,HOUSEHOLD_2_004,2222,27.07
STORE_1,HOUSEHOLD_2_004,2223,27.07
STORE_1,HOUSEHOLD_2_004,2224,27.07
STORE_1,HOUSEHOLD_2_004,2225,27.07
STORE_1,HOUSEHOLD_2_004,2226,27.07
STORE_1,HOUSEHOLD_2_004,2227,27.07
STORE_1,HOUSEHOLD_2_004,2228,27.07
STORE_1,HOUSEHOLD_2_004,2229,27.07
STORE_1,HOUSEHOLD_2_004,2230,27.07
STORE_1,HOUSEHOLD_2_004,2231,27.07
STORE_1,HOUSEHOLD_2_004,2232,27.07
STORE_1,HOUSEHOLD_2_004,2233,27.07
STORE_1,HOUSEHOLD_2_004,2234,22.76
STORE_1,HOUSEHOLD_2_004,2235,22.76
STORE_1,HOUSEHOLD_2_004,2236,22.76
STORE_1,HOUSEHOLD_2_004,2237,22.76
STORE_1,HOUSEHOLD_2_004,2238,22.76
STORE_1,HOUSEHOLD_2_004,2239,22.76
STORE_1,HOUSEHOLD_2_004,2240,22.76
STORE_1,HOUSEHOLD_2_004,2241,22.76
STORE_1,HOUSEHOLD_2_004,2242,22.76
STORE_1,HOUSEHOLD_2_004,2243,22.76
STORE_1,HOUSEHOLD_2_004,2244,22.76
STORE_1,HOUSEHOLD_2_004,2245,22.76
STORE_1,HOUSEHOLD_2_004,2246,22.76
STORE_1,HOUSEHOLD_2_004,2247,22.76
STORE_1,HOUSEHOLD_2_004,2248,22.76
STORE_1,HOUSEHOLD_2_004,2249,22.76
STORE_1,HOUSEHOLD_2_004,2250,22.76
STORE_1,HOUSEHOLD_2_004,2251,22.76
STORE_1,HOUSEHOLD_2_004,2352,22.76
STORE_1,HOUSEHOLD_2_004,2301,22.76
STORE_1,HOUSEHOLD_2_004,2302,22.76
STORE_1,HOUSEHOLD_2_004,2303,22.76
STORE_1,HOUSEHOLD_2_004,2304,22.76
STORE_1,HOUSEHOLD_2_004,2305,22.76
STORE_1,HOUSEHOLD_2_004,2306,22.76
STORE_1,HOUSEHOLD_2_004,2307,22.76
STORE_1,HOUSEHOLD_2_004,2308,22.76
STORE_1,HOUSEHOLD_2_004,2309,22.76
STORE_1,HOUSEHOLD_2_004,2310,22.76
STORE_1,HOUSEHOLD_2_004,2311,31.56
STORE_1,HOUSEHOLD_2_004,2312,31.56
STORE_1,HOUSEHOLD_2_004,2313,31.56
STORE_1,HOUSEHOLD_2_004,2314,31.56
STORE_1,HOUSEHOLD_2_004,2315,31.56
STORE_1,HOUSEHOLD_2_004,2316,31.56
STORE_1,HOUSEHOLD_2_004,2317,31.56
STORE_1,HOUSEHOLD_2_004,2318,31.56
STORE_1,HOUSEHOLD_2_004,2319,31.56
STORE_1,HOUSEHOLD_2_004,2320,31.56
STORE_1,HOUSEHOLD_2_004,2321,31.56
STORE_1,HOUSEHOLD_2_004,2322,31.56
STORE_1,HOUSEHOLD_2_004,2323,31.56
STORE_1,HOUSEHOLD_2_004,2324,31.56
STORE_1,HOUSEHOLD_2_004,2325,31.56
STORE_1,HOUSEHOLD_2_004,2326,31.56
STORE_1,HOUSEHOLD_2_004,2327,31.56
STORE_1,HOUSEHOLD_2_004,2328,31.56
STORE_1,HOUSEHOLD_2_004,2329,31.56
STORE_1,HOUSEHOLD_2_004,2330,25.75
STORE_1,HOUSEHOLD_2_004,2331,25.75
STORE_1,HOUSEHOLD_2_004,2332,25.75
STORE_1,HOUSEHOLD_2_004,2333,25.75
STORE_1,HOUSEHOLD_2_004,2334,25.75
STORE_1,HOUSEHOLD_2_004,2335,22.92
STORE_1,HOUSEHOLD_2_004,2336,22.92
STORE_1,HOUSEHOLD_2_004,2337,22.92
STORE_1,HOUSEHOLD_2_004,2338,22.92
STORE_1,HOUSEHOLD_2_004,2339,22.92
STORE_1,HOUSEHOLD_2_004,2340,22.92
STORE_1,HOUSEHOLD_2_004,2341,22.92
STORE_1,HOUSEHOLD_2_004,2342,22.92
STORE_1,HOUSEHOLD_2_004,2343,22.92
STORE_1,HOUSEHOLD_2_004,2344,22.92
STORE_1,HOUSEHOLD_2_004,2345,22.92
STORE_1,HOUSEHOLD_2_004,2346,22.92
STORE_1,HOUSEHOLD_2_004,2347,22.92
STORE_1,HOUSEHOLD_2_004,2348,22.92
STORE_1,HOUSEHOLD_2_004,2349,22.92
STORE_1,HOUSEHOLD_2_004,2350,22.92
STORE_1,HOUSEHOLD_2_004,2351,22.92
STORE_1,HOUSEHOLD_2_004,2401,22.92
STORE_1,HOUSEHOLD_2_004,2402,22.92
STORE_1,HOUSEHOLD_2_004,2403,22.92
STORE_1,HOUSEHOLD_2_004,2404,22.92
STORE_1,HOUSEHOLD_2_004,2405,22.92
STORE_1,HOUSEHOLD_2_004,2406,22.92
STORE_1,HOUSEHOLD_2_004,2407,22.92
STORE_1,HOUSEHOLD_2_004,2408,22.92
STORE_1,HOUSEHOLD_2_004,2409,22.92
STORE_1,HOUSEHOLD_2_004,2410,22.92
STORE_1,HOUSEHOLD_2_004,2411,22.92
STORE_1,HOUSEHOLD_2_004,2412,22.92
STORE_1,HOUSEHOLD_2_004,2413,22.92
STORE_1,HOUSEHOLD_2_004,2414,22.92
STORE_1,HOUSEHOLD_2_004,2415,22.92
STORE_1,HOUSEHOLD_2_004,2416,22.92
STORE_1,HOUSEHOLD_2_004,2417,22.92
STORE_1,HOUSEHOLD_2_004,2418,22.92
STORE_1,HOUSEHOLD_2_004,2419,22.92
STORE_1,HOUSEHOLD_2_004,2420,22.92
STORE_1,HOUSEHOLD_2_004,2421,22.92
STORE_1,HOUSEHOLD_2_004,2422,22.92
STORE_1,HOUSEHOLD_2_004,2423,22.92
STORE_1,HOUSEHOLD_2_004,2424,22.92
STORE_1,HOUSEHOLD_2_004,2425,22.92
STORE_1,HOUSEHOLD_2_004,2426,22.92
STORE_1,HOUSEHOLD_2_004,2427,22.92
STORE_1,HOUSEHOLD_2_004,2428,22.92
STORE_1,HOUSEHOLD_2_004,2429,22.92
STORE_1,HOUSEHOLD_2_004,2430,22.92
STORE_1,HOUSEHOLD_2_004,2431,22.92
STORE_1,HOUSEHOLD_2_004,2432,22.92
STORE_1,HOUSEHOLD_2_004,2433,29.94
STORE_1,HOUSEHOLD_2_004,2434,29.94
STORE_1,HOUSEHOLD_2_004,2435,29.94
STORE_1,HOUSEHOLD_2_004,2436,29.94
STORE_1,HOUSEHOLD_2_004,2437,29.94
STORE_1,HOUSEHOLD_2_004,2438,29.94
STORE_1,HOUSEHOLD_2_004,2439,29.94
STORE_1,HOUSEHOLD_2_004,2440,29.94
STORE_1,HOUSEHOLD_2_004,2441,29.94
STORE_1,HOUSEHOLD_2_004,2442,29.94
STORE_1,HOUSEHOLD_2_004,2443,29.94
STORE_1,HOUSEHOLD_2_004,2444,29.94
STORE_1,HOUSEHOLD_2_004,2445,29.94
STORE_1,HOUSEHOLD_2_004,2446,29.94
STORE_1,HOUSEHOLD_2_004,2447,29.94
STORE_1,HOUSEHOLD_2_004,2448,29.94
STORE_1,HOUSEHOLD_2_004,2449,29.94
STORE_1,HOUSEHOLD_2_004,2450,29.94
STORE_1,HOUSEHOLD_2_004,2451,29.94
STORE_1,HOUSEHOLD_2_004,2452,29.94
STORE_1,HOUSEHOLD_2_004,2501,29.94
STORE_1,HOUSEHOLD_2_004,2502,29.94
STORE_1,HOUSEHOLD_2_004,2503,29.94
STORE_1,HOUSEHOLD_2_004,2504,29.94
STORE_1,HOUSEHOLD_2_004,2505,29.94
STORE_1,HOUSEHOLD_2_005,2252,48.2
STORE_1,HOUSEHOLD_2_005,2201,48.2
STORE_1,HOUSEHOLD_2_005,2202,48.2
STORE_1,HOUSEHOLD_2_005,2203,48.2
STORE_1,HOUSEHOLD_2_005,2204,48.2
STORE_1,HOUSEHOLD_2_005,2205,48.2
STORE_1,HOUSEHOLD_2_005,2206,48.2
STORE_1,HOUSEHOLD_2_005,2207,48.2
STORE_1,HOUSEHOLD_2_005,2208,48.2
STORE_1,HOUSEHOLD_2_005,2209,48.2
STORE_1,HOUSEHOLD_2_005,2210,48.2
STORE_1,HOUSEHOLD_2_005,2211,48.2
STORE_1,HOUSEHOLD_2_005,2212,39.24
STORE_1,HOUSEHOLD_2_005,2213,39.24
STORE_1,HOUSEHOLD_2_005,2214,39.24
STORE_1,HOUSEHOLD_2_005,2215,39.24
STORE_1,HOUSEHOLD_2_005,2216,39.24
STORE_1,HOUSEHOLD_2_005,2217,39.24
STORE_1,HOUSEHOLD_2_005,2218,44.38
STORE_1,HOUSEHOLD_2_005,2219,44.38
STORE_1,HOUSEHOLD_2_005,2220,44.38
STORE_1,HOUSEHOLD_2_005,2221,44.38
STORE_1,HOUSEHOLD_2_005,2222,44.38
STORE_1,HOUSEHOLD_2_005,2223,44.38
STORE_1,HOUSEHOLD_2_005,2224,44.38
STORE_1,HOUSEHOLD_2_005,2225,44.38
STORE_1,HOUSEHOLD_2_005,2226,44.38
STORE_1,HOUSEHOLD_2_005,2227,44.38
STORE_1,HOUSEHOLD_2_005,2228,44.38
STORE_1,HOUSEHOLD_2_005,2229,44.38
STORE_1,HOUSEHOLD_2_005,2230,44.38
STORE_1,HOUSEHOLD_2_005,2231,44.38
STORE_1,HOUSEHOLD_2_005,2232,44.38
STORE_1,HOUSEHOLD_2_005,2233,44.38
STORE_1,HOUSEHOLD_2_005,2234,44.38
STORE_1,HOUSEHOLD_2_005,2235,44.38
STORE_1,HOUSEHOLD_2_005,2236,44.38
STORE_1,HOUSEHOLD_2_005,2237,44.38
STORE_1,HOUSEHOLD_2_005,2238,44.38
STORE_1,HOUSEHOLD_2_005,2239,44.38
STORE_1,HOUSEHOLD_2_005,2240,44.38
STORE_1,HOUSEHOLD_2_005,2241,44.38
STORE_1,HOUSEHOLD_2_005,2242,52.41
STORE_1,HOUSEHOLD_2_005,2243,52.41
STORE_1,HOUSEHOLD_2_005,2244,52.41
STORE_1,HOUSEHOLD_2_005,2245,52.41
STORE_1,HOUSEHOLD_2_005,2246,52.41
STORE_1,HOUSEHOLD_2_005,2247,52.41
STORE_1,HOUSEHOLD_2_005,2248,52.41
STORE_1,HOUSEHOLD_2_005,2249,52.41
STORE_1,HOUSEHOLD_2_005,2250,52.41
STORE_1,HOUSEHOLD_2_005,2251,50.49
STORE_1,HOUSEHOLD_2_005,2352,50.49
STORE_1,HOUSEHOLD_2_005,2301,50.49
STORE_1,HOUSEHOLD_2_005,2302,50.49
STORE_1,HOUSEHOLD_2_005,2303,50.49
STORE_1,HOUSEHOLD_2_005,2304,50.49
STORE_1,HOUSEHOLD_2_005,2305,50.49
STORE_1,HOUSEHOLD_2_005,2306,50.49
STORE_1,HOUSEHOLD_2_005,2307,50.49
STORE_1,HOUSEHOLD_2_005,2308,50.49
STORE_1,HOUSEHOLD_2_005,2309,50.49
STORE_1,HOUSEHOLD_2_005,2310,50.49
STORE_1,HOUSEHOLD_2_005,2311,50.49
STORE_1,HOUSEHOLD_2_005,2312,50.49
STORE_1,HOUSEHOLD_2_005,2313,50.49
STORE_1,HOUSEHOLD_2_005,2314,50.49
STORE_1,HOUSEHOLD_2_005,2315,50.49
STORE_1,HOUSEHOLD_2_005,2316,50.49
STORE_1,HOUSEHOLD_2_005,2317,50.49
STORE_1,HOUSEHOLD_2_005,2318,50.49
STORE_1,HOUSEHOLD_2_005,2319,50.49
STORE_1,HOUSEHOLD_2_005,2320,50.49
STORE_1,HOUSEHOLD_2_005,2321,50.49
STORE_1,HOUSEHOLD_2_005,2322,50.49
STORE_1,HOUSEHOLD_2_005,2323,50.49
STORE_1,HOUSEHOLD_2_005,2324,50.49
STORE_1,HOUSEHOLD_2_005,2325,50.49
STORE_1,HOUSEHOLD_2_005,2326,41.03
STORE_1,HOUSEHOLD_2_005,2327,41.03
STORE_1,HOUSEHOLD_2_005,2328,41.03
STORE_1,HOUSEHOLD_2_005,2329,41.03
STORE_1,HOUSEHOLD_2_005,2330,41.03
STORE_1,HOUSEHOLD_2_005,2331,41.03
STORE_1,HOUSEHOLD_2_005,2332,41.03
STORE_1,HOUSEHOLD_2_005,2333,41.03
STORE_1,HOUSEHOLD_2_005,2334,41.03
STORE_1,HOUSEHOLD_2_005,2335,41.03
STORE_1,HOUSEHOLD_2_005,2336,41.03
STORE_1,HOUSEHOLD_2_005,2337,41.03
STORE_1,HOUSEHOLD_2_005,2338,41.03
STORE_1,HOUSEHOLD_2_005,2339,41.03
STORE_1,HOUSEHOLD_2_005,2340,41.03
STORE_1,HOUSEHOLD_2_005,2341,41.03
STORE_1,HOUSEHOLD_2_005,2342,41.03
STORE_1,HOUSEHOLD_2_005,2343,41.03
STORE_1,HOUSEHOLD_2_005,2344,41.03
STORE_1,HOUSEHOLD_2_005,2345,41.03
STORE_1,HOUSEHOLD_2_005,2346,41.03
STORE_1,HOUSEHOLD_2_005,2347,41.03
STORE_1,HOUSEHOLD_2_005,2348,41.03
STORE_1,HOUSEHOLD_2_005,2349,41.03
STORE_1,HOUSEHOLD_2_005,2350,41.03
STORE_1,HOUSEHOLD_2_005,2351,41.03
STORE_1,HOUSEHOLD_2_005,2401,41.03
STORE_1,HOUSEHOLD_2_005,2402,41.03
STORE_1,HOUSEHOLD_2_005,2403,41.03
STORE_1,HOUSEHOLD_2_005,2404,41.03
STORE_1,HOUSEHOLD_2_005,2405,41.03
STORE_1,HOUSEHOLD_2_005,2406,41.03
STORE_1,HOUSEHOLD_2_005,2407,41.03
STORE_1,HOUSEHOLD_2_005,2408,41.03
STORE_1,HOUSEHOLD_2_005,2409,41.03
STORE_1,HOUSEHOLD_2_005,2410,41.03
STORE_1,HOUSEHOLD_2_005,2411,41.03
STORE_1,HOUSEHOLD_2_005,2412,41.03
STORE_1,HOUSEHOLD_2_005,2413,41.03
STORE_1,HOUSEHOLD_2_005,2414,41.03
STORE_1,HOUSEHOLD_2_005,2415,41.03
STORE_1,HOUSEHOLD_2_005,2416,41.03
STORE_1,HOUSEHOLD_2_005,2417,41.03
STORE_1,HOUSEHOLD_2_005,2418,41.03
STORE_1,HOUSEHOLD_2_005,2419,41.03
STORE_1,HOUSEHOLD_2_005,2420,41.03
STORE_1,HOUSEHOLD_2_005,2421,41.03
STORE_1,HOUSEHOLD_2_005,2422,41.03
STORE_1,HOUSEHOLD_2_005,2423,41.03
STORE_1,HOUSEHOLD_2_005,2424,41.03
STORE_1,HOUSEHOLD_2_005,2425,41.03
STORE_1,HOUSEHOLD_2_005,2426,41.03
STORE_1,HOUSEHOLD_2_005,2427,41.03
STORE_1,HOUSEHOLD_2_005,2428,41.03
STORE_1,HOUSEHOLD_2_005,2429,41.03
STORE_1,HOUSEHOLD_2_005,2430,41.03
STORE_1,HOUSEHOLD_2_005,2431,41.03
STORE_1,HOUSEHOLD_2_005,2432,41.03
STORE_1,HOUSEHOLD_2_005,2433,41.03
STORE_1,HOUSEHOLD_2_005,2434,41.03
STORE_1,HOUSEHOLD_2_005,2435,41.03
STORE_1,HOUSEHOLD_2_005,2436,45.12
STORE_1,HOUSEHOLD_2_005,2437,45.12
STORE_1,HOUSEHOLD_2_005,2438,45.12
STORE_1,HOUSEHOLD_2_005,2439,45.12
STORE_1,HOUSEHOLD_2_005,2440,45.12
STORE_1,HOUSEHOLD_2_005,2441,45.12
STORE_1,HOUSEHOLD_2_005,2442,45.12
STORE_1,HOUSEHOLD_2_005,2443,45.12
STORE_1,HOUSEHOLD_2_005,2444,45.12
STORE_1,HOUSEHOLD_2_005,2445,45.12
STORE_1,HOUSEHOLD_2_005,2446,45.12
STORE_1,HOUSEHOLD_2_005,2447,45.12
STORE_1,HOUSEHOLD_2_005,2448,45.12
STORE_1,HOUSEHOLD_2_005,2449,45.12
STORE_1,HOUSEHOLD_2_005,2450,45.12
STORE_1,HOUSEHOLD_2_005,2451,45.12
STORE_1,HOUSEHOLD_2_005,2452,45.12
STORE_1,HOUSEHOLD_2_005,2501,45.12
STORE_1,HOUSEHOLD_2_005,2502,45.12
STORE_1,HOUSEHOLD_2_005,2503,45.12
STORE_1,HOUSEHOLD_2_005,2504,45.12
STORE_1,HOUSEHOLD_2_005,2505,45.12
STORE_1,HOUSEHOLD_2_006,2252,10.9
STORE_1,HOUSEHOLD_2_006,2201,10.9
STORE_1,HOUSEHOLD_2_006,2202,10.9
STORE_1,HOUSEHOLD_2_006,2203,10.9
STORE_1,HOUSEHOLD_2_006,2204,10.9
STORE_1,HOUSEHOLD_2_006,2205,10.9
STORE_1,HOUSEHOLD_2_006,2206,10.9
STORE_1,HOUSEHOLD_2_006,2207,10.9
STORE_1,HOUSEHOLD_2_006,2208,10.9
STORE_1,HOUSEHOLD_2_006,2209,10.9
STORE_1,HOUSEHOLD_2_006,2210,10.9
STORE_1,HOUSEHOLD_2_006,2211,10.9
STORE_1,HOUSEHOLD_2_006,2212,10.9
STORE_1,HOUSEHOLD_2_006,2213,10.9
STORE_1,HOUSEHOLD_2_006,2214,11.82
STORE_1,HOUSEHOLD_2_006,2215,11.82
STORE_1,HOUSEHOLD_2_006,2216,11.82
STORE_1,HOUSEHOLD_2_006,2217,11.82
STORE_1,HOUSEHOLD_2_006,2218,11.82
STORE_1,HOUSEHOLD_2_006,2219,11.82
STORE_1,HOUSEHOLD_2_006,2220,11.82
STORE_1,HOUSEHOLD_2_006,2221,11.56
STORE_1,HOUSEHOLD_2_006,2222,11.56
STORE_1,HOUSEHOLD_2_006,2223,11.56
STORE_1,HOUSEHOLD_2_006,2224,11.56
STORE_1,HOUSEHOLD_2_006,2225,11.56
STORE_1,HOUSEHOLD_2_006,2226,11.56
STORE_1,HOUSEHOLD_2_006,2227,11.56
STORE_1,HOUSEHOLD_2_006,2228,11.56
STORE_1,HOUSEHOLD_2_006,2229,11.56
STORE_1,HOUSEHOLD_2_006,2230,11.56
STORE_1,HOUSEHOLD_2_006,2231,11.56
STORE_1,HOUSEHOLD_2_006,2232,11.56
STORE_1,HOUSEHOLD_2_006,2233,11.56
STORE_1,HOUSEHOLD_2_006,2234,11.56
STORE_1,HOUSEHOLD_2_006,2235,11.56
STORE_1,HOUSEHOLD_2_006,2236,11.56
STORE_1,HOUSEHOLD_2_006,2237,11.56
STORE_1,HOUSEHOLD_2_006,2238,11.56
STORE_1,HOUSEHOLD_2_006,2239,11.56
STORE_1,HOUSEHOLD_2_006,2240,11.56
STORE_1,HOUSEHOLD_2_006,2241,11.56
STORE_1,HOUSEHOLD_2_006,2242,11.56
STORE_1,HOUSEHOLD_2_006,2243,11.56
STORE_1,HOUSEHOLD_2_006,2244,11.56
STORE_1,HOUSEHOLD_2_006,2245,11.56
STORE_1,HOUSEHOLD_2_006,2246,11.56
STORE_1,HOUSEHOLD_2_006,2247,11.56
STORE_1,HOUSEHOLD_2_006,2248,11.56
STORE_1,HOUSEHOLD_2_006,2249,11.56
STORE_1,HOUSEHOLD_2_006,2250,11.56
STORE_1,HOUSEHOLD_2_006,2251,11.56
STORE_1,HOUSEHOLD_2_006,2352,11.56
STORE_1,HOUSEHOLD_2_006,2301,11.56
STORE_1,HOUSEHOLD_2_006,2302,11.56
STORE_1,HOUSEHOLD_2_006,2303,11.56
STORE_1,HOUSEHOLD_2_006,2304,11.56
STORE_1,HOUSEHOLD_2_006,2305,11.56
STORE_1,HOUSEHOLD_2_006,2306,11.56
STORE_1,HOUSEHOLD_2_006,2307,11.56
STORE_1,HOUSEHOLD_2_006,2308,10.92
STORE_1,HOUSEHOLD_2_006,2309,10.92
STORE_1,HOUSEHOLD_2_006,2310,10.92
STORE_1,HOUSEHOLD_2_006,2311,10.92
STORE_1,HOUSEHOLD_2_006,2312,10.92
STORE_1,HOUSEHOLD_2_006,2313,10.92
STORE_1,HOUSEHOLD_2_006,2314,10.92
STORE_1,HOUSEHOLD_2_006,2315,10.92
STORE_1,HOUSEHOLD_2_006,2316,10.92
STORE_1,HOUSEHOLD_2_006,2317,10.92
STORE_1,HOUSEHOLD_2_006,2318,10.92
STORE_1,HOUSEHOLD_2_006,2319,10.92
STORE_1,HOUSEHOLD_2_006,2320,10.92
STORE_1,HOUSEHOLD_2_006,2321,10.92
STORE_1,HOUSEHOLD_2_006,2322,10.92
STORE_1,HOUSEHOLD_2_006,2323,10.92
STORE_1,HOUSEHOLD_2_006,2324,10.92
STORE_1,HOUSEHOLD_2_006,2325,10.92
STORE_1,HOUSEHOLD_2_006,2326,10.92
STORE_1,HOUSEHOLD_2_006,2327,10.92
STORE_1,HOUSEHOLD_2_006,2328,10.92
STORE_1,HOUSEHOLD_2_006,2329,10.92
STORE_1,HOUSEHOLD_2_006,2330,10.92
STORE_1,HOUSEHOLD_2_006,2331,10.92
STORE_1,HOUSEHOLD_2_006,2332,10.92
STORE_1,HOUSEHOLD_2_006,2333,10.92
STORE_1,HOUSEHOLD_2_006,2334,10.92
STORE_1,HOUSEHOLD_2_006,2335,10.92
STORE_1,HOUSEHOLD_2_006,2336,10.92
STORE_1,HOUSEHOLD_2_006,2337,10.92
STORE_1,HOUSEHOLD_2_006,2338,10.92
STORE_1,HOUSEHOLD_2_006,2339,10.65
STORE_1,HOUSEHOLD_2_006,2340,10.65
STORE_1,HOUSEHOLD_2_006,2341,10.65
STORE_1,HOUSEHOLD_2_006,2342,10.65
STORE_1,HOUSEHOLD_2_006,2343,10.65
STORE_1,HOUSEHOLD_2_006,2344,10.65
STORE_1,HOUSEHOLD_2_006,2345,10.65
STORE_1,HOUSEHOLD_2_006,2346,10.65
STORE_1,HOUSEHOLD_2_006,2347,10.65
STORE_1,HOUSEHOLD_2_006,2348,10.65
STORE_1,HOUSEHOLD_2_006,2349,10.65
STORE_1,HOUSEHOLD_2_006,2350,10.65
STORE_1,HOUSEHOLD_2_006,2351,10.65
STORE_1,HOUSEHOLD_2_006,2401,10.65
STORE_1,HOUSEHOLD_2_006,2402,10.65
STORE_1,HOUSEHOLD_2_006,2403,10.65
STORE_1,HOUSEHOLD_2_006,2404,10.65
STORE_1,HOUSEHOLD_2_006,2405,10.65
STORE_1,HOUSEHOLD_2_006,2406,10.65
STORE_1,HOUSEHOLD_2_006,2407,10.65
STORE_1,HOUSEHOLD_2_006,2408,10.65
STORE_1,HOUSEHOLD_2_006,2409,10.65
STORE_1,HOUSEHOLD_2_006,2410,10.65
STORE_1,HOUSEHOLD_2_006,2411,10.65
STORE_1,HOUSEHOLD_2_006,2412,10.65
STORE_1,HOUSEHOLD_2_006,2413,10.65
STORE_1,HOUSEHOLD_2_006,2414,10.65
STORE_1,HOUSEHOLD_2_006,2415,10.65
STORE_1,HOUSEHOLD_2_006,2416,10.65
STORE_1,HOUSEHOLD_2_006,2417,10.65
STORE_1,HOUSEHOLD_2_006,2418,10.65
STORE_1,HOUSEHOLD_2_006,2419,10.65
STORE_1,HOUSEHOLD_2_006,2420,10.65
STORE_1,HOUSEHOLD_2_006,2421,10.65
STORE_1,HOUSEHOLD_2_006,2422,10.65
STORE_1,HOUSEHOLD_2_006,2423,10.65
STORE_1,HOUSEHOLD_2_006,2424,10.65
STORE_1,HOUSEHOLD_2_006,2425,10.65
STORE_1,HOUSEHOLD_2_006,2426,10.65
STORE_1,HOUSEHOLD_2_006,2427,9.37
STORE_1,HOUSEHOLD_2_006,2428,9.37
STORE_1,HOUSEHOLD_2_006,2429,9.37
STORE_1,HOUSEHOLD_2_006,2430,9.37
STORE_1,HOUSEHOLD_2_006,2431,9.37
STORE_1,HOUSEHOLD_2_006,2432,9.37
STORE_1,HOUSEHOLD_2_006,2433,9.37
STORE_1,HOUSEHOLD_2_006,2434,9.37
STORE_1,HOUSEHOLD_2_006,2435,9.37
STORE_1,HOUSEHOLD_2_006,2436,9.37
STORE_1,HOUSEHOLD_2_006,2437,8.53
STORE_1,HOUSEHOLD_2_006,2438,8.53
STORE_1,HOUSEHOLD_2_006,2439,8.53
STORE_1,HOUSEHOLD_2_006,2440,8.53
STORE_1,HOUSEHOLD_2_006,2441,8.53
STORE_1,HOUSEHOLD_2_006,2442,8.53
STORE_1,HOUSEHOLD_2_006,2443,8.53
STORE_1,HOUSEHOLD_2_006,2444,8.53
STORE_1,HOUSEHOLD_2_006,2445,8.53
STORE_1,HOUSEHOLD_2_006,2446,8.53
STORE_1,HOUSEHOLD_2_006,2447,8.53
STORE_1,HOUSEHOLD_2_006,2448,8.53
STORE_1,HOUSEHOLD_2_006,2449,8.53
STORE_1,HOUSEHOLD_2_006,2450,8.53
STORE_1,HOUSEHOLD_2_006,2451,8.53
STORE_1,HOUSEHOLD_2_006,2452,8.53
STORE_1,HOUSEHOLD_2_006,2501,8.53
STORE_1,HOUSEHOLD_2_006,2502,8.53
STORE_1,HOUSEHOLD_2_006,2503,8.53
STORE_1,HOUSEHOLD_2_006,2504,8.53
STORE_1,HOUSEHOLD_2_006,2505,8.53
STORE_1,HOUSEHOLD_2_007,2252,50.84
STORE_1,HOUSEHOLD_2_007,2201,50.84
STORE_1,HOUSEHOLD_2_007,2202,50.84
STORE_1,HOUSEHOLD_2_007,2203,50.84
STORE_1,HOUSEHOLD_2_007,2204,50.84
STORE_1,HOUSEHOLD_2_007,2205,50.84
STORE_1,HOUSEHOLD_2_007,2206,50.84
STORE_1,HOUSEHOLD_2_007,2207,50.84
STORE_1,HOUSEHOLD_2_007,2208,50.84
STORE_1,HOUSEHOLD_2_007,2209,50.84
STORE_1,HOUSEHOLD_2_007,2210,50.84
STORE_1,HOUSEHOLD_2_007,2211,50.84
STORE_1,HOUSEHOLD_2_007,2212,50.84
STORE_1,HOUSEHOLD_2_007,2213,50.84
STORE_1,HOUSEHOLD_2_007,2214,50.84
STORE_1,HOUSEHOLD_2_007,2215,50.84
STORE_1,HOUSEHOLD_2_007,2216,50.84
STORE_1,HOUSEHOLD_2_007,2217,50.84
STORE_1,HOUSEHOLD_2_007,2218,50.84
STORE_1,HOUSEHOLD_2_007,2219,50.84
STORE_1,HOUSEHOLD_2_007,2220,50.84
STORE_1,HOUSEHOLD_2_007,2221,50.84
STORE_1,HOUSEHOLD_2_007,2222,50.84
STORE_1,HOUSEHOLD_2_007,2223,50.84
STORE_1,HOUSEHOLD_2_007,2224,50.84
STORE_1,HOUSEHOLD_2_007,2225,50.84
STORE_1,HOUSEHOLD_2_007,2226,50.84
STORE_1,HOUSEHOLD_2_007,2227,50.84
STORE_1,HOUSEHOLD_2_007,2228,48.52
STORE_1,HOUSEHOLD_2_007,2229,48.52
STORE_1,HOUSEHOLD_2_007,2230,48.52
STORE_1,HOUSEHOLD_2_007,2231,48.52
STORE_1,HOUSEHOLD_2_007,2232,48.52
STORE_1,HOUSEHOLD_2_007,2233,48.52
STORE_1,HOUSEHOLD_2_007,2234,48.52
STORE_1,HOUSEHOLD_2_007,2235,48.52
STORE_1,HOUSEHOLD_2_007,2236,48.52
STORE_1,HOUSEHOLD_2_007,2237,48.52
STORE_1,HOUSEHOLD_2_007,2238,48.52
STORE_1,HOUSEHOLD_2_007,2239,48.52
STORE_1,HOUSEHOLD_2_007,2240,48.52
STORE_1,HOUSEHOLD_2_007,2241,48.52
STORE_1,HOUSEHOLD_2_007,2242,48.52
STORE_1,HOUSEHOLD_2_007,2243,48.52
STORE_1,HOUSEHOLD_2_007,2244,48.52
STORE_1,HOUSEHOLD_2_007,2245,48.52
STORE_1,HOUSEHOLD_2_007,2246,48.52
STORE_1,HOUSEHOLD_2_007,2247,48.52
STORE_1,HOUSEHOLD_2_007,2248,48.52
STORE_1,HOUSEHOLD_2_007,2249,48.52
STORE_1,HOUSEHOLD_2_007,2250,48.52
STORE_1,HOUSEHOLD_2_007,2251,48.52
STORE_1,HOUSEHOLD_2_007,2352,48.52
STORE_1,HOUSEHOLD_2_007,2301,48.52
STORE_1,HOUSEHOLD_2_007,2302,48.52
STORE_1,HOUSEHOLD_2_007,2303,48.52
STORE_1,HOUSEHOLD_2_007,2304,48.52
STORE_1,HOUSEHOLD_2_007,2305,48.52
STORE_1,HOUSEHOLD_2_007,2306,48.52
STORE_1,HOUSEHOLD_2_007,2307,48.52
STORE_1,HOUSEHOLD_2_007,2308,45.52
STORE_1,HOUSEHOLD_2_007,2309,45.52
STORE_1,HOUSEHOLD_2_007,2310,45.52
STORE_1,HOUSEHOLD_2_007,2311,45.52
STORE_1,HOUSEHOLD_2_007,2312,45.52
STORE_1,HOUSEHOLD_2_007,2313,45.52
STORE_1,HOUSEHOLD_2_007,2314,45.52
STORE_1,HOUSEHOLD_2_007,2315,45.52
STORE_1,HOUSEHOLD_2_007,2316,45.52
STORE_1,HOUSEHOLD_2_007,2317,45.52
STORE_1,HOUSEHOLD_2_007,2318,45.52
STORE_1,HOUSEHOLD_2_007,2319,45.52
STORE_1,HOUSEHOLD_2_007,2320,45.52
STORE_1,HOUSEHOLD_2_007,2321,45.52
STORE_1,HOUSEHOLD_2_007,2322,45.52
STORE_1,HOUSEHOLD_2_007,2323,45.52
STORE_1,HOUSEHOLD_2_007,2324,45.52
STORE_1,HOUSEHOLD_2_007,2325,45.52
STORE_1,HOUSEHOLD_2_007,2326,45.52
STORE_1,HOUSEHOLD_2_007,2327,45.52
STORE_1,HOUSEHOLD_2_007,2328,45.52
STORE_1,HOUSEHOLD_2_007,2329,45.52
STORE_1,HOUSEHOLD_2_007,2330,45.52
STORE_1,HOUSEHOLD_2_007,2331,45.52
STORE_1,HOUSEHOLD_2_007,2332,45.52
STORE_1,HOUSEHOLD_2_007,2333,45.52
STORE_1,HOUSEHOLD_2_007,2334,45.52
STORE_1,HOUSEHOLD_2_007,2335,45.52
STORE_1,HOUSEHOLD_2_007,2336,45.52
STORE_1,HOUSEHOLD_2_007,2337,45.52
STORE_1,HOUSEHOLD_2_007,2338,45.52
STORE_1,HOUSEHOLD_2_007,2339,45.52
STORE_1,HOUSEHOLD_2_007,2340,45.52
STORE_1,HOUSEHOLD_2_007,2341,45.52
STORE_1,HOUSEHOLD_2_007,2342,45.52
STORE_1,HOUSEHOLD_2_007,2343,45.52
STORE_1,HOUSEHOLD_2_007,2344,45.52
STORE_1,HOUSEHOLD_2_007,2345,45.52
STORE_1,HOUSEHOLD_2_007,2346,45.52
STORE_1,HOUSEHOLD_2_007,2347,45.52
STORE_1,HOUSEHOLD_2_007,2348,45.52
STORE_1,HOUSEHOLD_2_007,2349,45.52
STORE_1,HOUSEHOLD_2_007,2350,45.52
STORE_1,HOUSEHOLD_2_007,2351,45.52
STORE_1,HOUSEHOLD_2_007,2401,45.52
STORE_1,HOUSEHOLD_2_007,2402,45.52
STORE_1,HOUSEHOLD_2_007,2403,45.52
STORE_1,HOUSEHOLD_2_007,2404,45.52
STORE_1,HOUSEHOLD_2_007,2405,45.52
STORE_1,HOUSEHOLD_2_007,2406,45.52
STORE_1,HOUSEHOLD_2_007,2407,45.52
STORE_1,HOUSEHOLD_2_007,2408,45.52
STORE_1,HOUSEHOLD_2_007,2409,45.52
STORE_1,HOUSEHOLD_2_007,2410,45.52
STORE_1,HOUSEHOLD_2_007,2411,45.52
STORE_1,HOUSEHOLD_2_007,2412,45.52
STORE_1,HOUSEHOLD_2_007,2413,45.52
STORE_1,HOUSEHOLD_2_007,2414,45.52
STORE_1,HOUSEHOLD_2_007,2415,45.52
STORE_1,HOUSEHOLD_2_007,2416,45.52
STORE_1,HOUSEHOLD_2_007,2417,39.57
STORE_1,HOUSEHOLD_2_007,2418,39.57
STORE_1,HOUSEHOLD_2_007,2419,39.57
STORE_1,HOUSEHOLD_2_007,2420,39.57
STORE_1,HOUSEHOLD_2_007,2421,39.57
STORE_1,HOUSEHOLD_2_007,2422,39.57
STORE_1,HOUSEHOLD_2_007,2423,39.57
STORE_1,HOUSEHOLD_2_007,2424,39.57
STORE_1,HOUSEHOLD_2_007,2425,39.57
STORE_1,HOUSEHOLD_2_007,2426,39.57
STORE_1,HOUSEHOLD_2_007,2427,39.57
STORE_1,HOUSEHOLD_2_007,2428,39.57
STORE_1,HOUSEHOLD_2_007,2429,39.57
STORE_1,HOUSEHOLD_2_007,2430,39.57
STORE_1,HOUSEHOLD_2_007,2431,39.57
STORE_1,HOUSEHOLD_2_007,2432,39.57
STORE_1,HOUSEHOLD_2_007,2433,39.57
STORE_1,HOUSEHOLD_2_007,2434,39.57
STORE_1,HOUSEHOLD_2_007,2435,49.75
STORE_1,HOUSEHOLD_2_007,2436,49.75
STORE_1,HOUSEHOLD_2_007,2437,49.75
STORE_1,HOUSEHOLD_2_007,2438,49.75
STORE_1,HOUSEHOLD_2_007,2439,49.75
STORE_1,HOUSEHOLD_2_007,2440,49.75
STORE_1,HOUSEHOLD_2_007,2441,49.75
STORE_1,HOUSEHOLD_2_007,2442,49.75
STORE_1,HOUSEHOLD_2_007,2443,49.75
STORE_1,HOUSEHOLD_2_007,2444,49.75
STORE_1,HOUSEHOLD_2_007,2445,49.75
STORE_1,HOUSEHOLD_2_007,2446,49.75
STORE_1,HOUSEHOLD_2_007,2447,49.75
STORE_1,HOUSEHOLD_2_007,2448,49.75
STORE_1,HOUSEHOLD_2_007,2449,49.75
STORE_1,HOUSEHOLD_2_007,2450,49.75
STORE_1,HOUSEHOLD_2_007,2451,49.75
STORE_1,HOUSEHOLD_2_007,2452,49.75
STORE_1,HOUSEHOLD_2_007,2501,49.75
STORE_1,HOUSEHOLD_2_007,2502,49.75
STORE_1,HOUSEHOLD_2_007,2503,49.75
STORE_1,HOUSEHOLD_2_007,2504,49.75
STORE_1,HOUSEHOLD_2_007,2505,49.75
STORE_1,HOUSEHOLD_2_008,2252,41.79
STORE_1,HOUSEHOLD_2_008,2201,41.79
STORE_1,HOUSEHOLD_2_008,2202,41.79
STORE_1,HOUSEHOLD_2_008,2203,41.79
STORE_1,HOUSEHOLD_2_008,2204,41.79
STORE_1,HOUSEHOLD_2_008,2205,41.79
STORE_1,HOUSEHOLD_2_008,2206,41.79
STORE_1,HOUSEHOLD_2_008,2207,41.79
STORE_1,HOUSEHOLD_2_008,2208,41.79
STORE_1,HOUSEHOLD_2_008,2209,41.79
STORE_1,HOUSEHOLD_2_008,2210,41.79
STORE_1,HOUSEHOLD_2_008,2211,41.79
STORE_1,HOUSEHOLD_2_008,2212,41.79
STORE_1,HOUSEHOLD_2_008,2213,41.79
STORE_1,HOUSEHOLD_2_008,2214,41.79
STORE_1,HOUSEHOLD_2_008,2215,41.79
STORE_1,HOUSEHOLD_2_008,2216,41.79
STORE_1,HOUSEHOLD_2_008,2217,41.79
STORE_1,HOUSEHOLD_2_008,2218,41.79
STORE_1,HOUSEHOLD_2_008,2219,41.79
STORE_1,HOUSEHOLD_2_008,2220,41.79
STORE_1,HOUSEHOLD_2_008,2221,41.79
STORE_1,HOUSEHOLD_2_008,2222,47.35
STORE_1,HOUSEHOLD_2_008,2223,47.35
STORE_1,HOUSEHOLD_2_008,2224,47.35
STORE_1,HOUSEHOLD_2_008,2225,45.67
STORE_1,HOUSEHOLD_2_008,2226,45.67
STORE_1,HOUSEHOLD_2_008,2227,45.67
STORE_1,HOUSEHOLD_2_008,2228,45.67
STORE_1,HOUSEHOLD_2_008,2229,45.67
STORE_1,HOUSEHOLD_2_008,2230,45.67
STORE_1,HOUSEHOLD_2_008,2231,45.67
STORE_1,HOUSEHOLD_2_008,2232,45.67
STORE_1,HOUSEHOLD_2_008,2233,45.67
STORE_1,HOUSEHOLD_2_008,2234,45.67
STORE_1,HOUSEHOLD_2_008,2235,45.67
STORE_1,HOUSEHOLD_2_008,2236,45.67
STORE_1,HOUSEHOLD_2_008,2237,45.67
STORE_1,HOUSEHOLD_2_008,2238,45.67
STORE_1,HOUSEHOLD_2_008,2239,45.67
STORE_1,HOUSEHOLD_2_008,2240,45.67
STORE_1,HOUSEHOLD_2_008,2241,45.67
STORE_1,HOUSEHOLD_2_008,2242,45.67
STORE_1,HOUSEHOLD_2_008,2243,45.67
STORE_1,HOUSEHOLD_2_008,2244,45.67
STORE_1,HOUSEHOLD_2_008,2245,45.67
STORE_1,HOUSEHOLD_2_008,2246,45.67
STORE_1,HOUSEHOLD_2_008,2247,45.67
STORE_1,HOUSEHOLD_2_008,2248,45.67
STORE_1,HOUSEHOLD_2_008,2249,45.67
STORE_1,HOUSEHOLD_2_008,2250,45.67
STORE_1,HOUSEHOLD_2_008,2251,45.67
STORE_1,HOUSEHOLD_2_008,2352,45.67
STORE_1,HOUSEHOLD_2_008,2301,39.5
STORE_1,HOUSEHOLD_2_008,2302,39.5
STORE_1,HOUSEHOLD_2_008,2303,39.5
STORE_1,HOUSEHOLD_2_008,2304,39.5
STORE_1,HOUSEHOLD_2_008,2305,43.55
STORE_1,HOUSEHOLD_2_008,2306,43.55
STORE_1,HOUSEHOLD_2_008,2307,43.55
STORE_1,HOUSEHOLD_2_008,2308,43.55
STORE_1,HOUSEHOLD_2_008,2309,43.55
STORE_1,HOUSEHOLD_2_008,2310,43.55
STORE_1,HOUSEHOLD_2_008,2311,43.55
STORE_1,HOUSEHOLD_2_008,2312,43.55
STORE_1,HOUSEHOLD_2_008,2313,43.55
STORE_1,HOUSEHOLD_2_008,2314,43.55
STORE_1,HOUSEHOLD_2_008,2315,43.55
STORE_1,HOUSEHOLD_2_008,2316,43.55
STORE_1,HOUSEHOLD_2_008,2317,43.55
STORE_1,HOUSEHOLD_2_008,2318,43.55
STORE_1,HOUSEHOLD_2_008,2319,43.55
STORE_1,HOUSEHOLD_2_008,2320,43.55
STORE_1,HOUSEHOLD_2_008,2321,34.36
STORE_1,HOUSEHOLD_2_008,2322,34.36
STORE_1,HOUSEHOLD_2_008,2323,34.36
STORE_1,HOUSEHOLD_2_008,2324,34.36
STORE_1,HOUSEHOLD_2_008,2325,34.36
STORE_1,HOUSEHOLD_2_008,2326,34.36
STORE_1,HOUSEHOLD_2_008,2327,34.36
STORE_1,HOUSEHOLD_2_008,2328,34.36
STORE_1,HOUSEHOLD_2_008,2329,34.36
STORE_1,HOUSEHOLD_2_008,2330,34.36
STORE_1,HOUSEHOLD_2_008,2331,34.36
STORE_1,HOUSEHOLD_2_008,2332,34.36
STORE_1,HOUSEHOLD_2_008,2333,34.36
STORE_1,HOUSEHOLD_2_008,2334,34.36
STORE_1,HOUSEHOLD_2_008,2335,34.36
STORE_1,HOUSEHOLD_2_008,2336,34.36
STORE_1,HOUSEHOLD_2_008,2337,41.44
STORE_1,HOUSEHOLD_2_008,2338,41.44
STORE_1,HOUSEHOLD_2_008,2339,41.44
STORE_1,HOUSEHOLD_2_008,2340,41.44
STORE_1,HOUSEHOLD_2_008,2341,41.44
STORE_1,HOUSEHOLD_2_008,2342,41.44
STORE_1,HOUSEHOLD_2_008,2343,41.44
STORE_1,HOUSEHOLD_2_008,2344,43.66
STORE_1,HOUSEHOLD_2_008,2345,43.66
STORE_1,HOUSEHOLD_2_008,2346,43.66
STORE_1,HOUSEHOLD_2_008,2347,43.66
STORE_1,HOUSEHOLD_2_008,2348,43.66
STORE_1,HOUSEHOLD_2_008,2349,43.66
STORE_1,HOUSEHOLD_2_008,2350,43.66
STORE_1,HOUSEHOLD_2_008,2351,43.66
STORE_1,HOUSEHOLD_2_008,2401,43.66
STORE_1,HOUSEHOLD_2_008,2402,43.66
STORE_1,HOUSEHOLD_2_008,2403,43.66
STORE_1,HOUSEHOLD_2_008,2404,43.66
STORE_1,HOUSEHOLD_2_008,2405,43.66
STORE_1,HOUSEHOLD_2_008,2406,43.66
STORE_1,HOUSEHOLD_2_008,2407,43.66
STORE_1,HOUSEHOLD_2_008,2408,43.66
STORE_1,HOUSEHOLD_2_008,2409,43.66
STORE_1,HOUSEHOLD_2_008,2410,43.66
STORE_1,HOUSEHOLD_2_008,2411,43.66
STORE_1,HOUSEHOLD_2_008,2412,43.66
STORE_1,HOUSEHOLD_2_008,2413,43.66
STORE_1,HOUSEHOLD_2_008,2414,43.66
STORE_1,HOUSEHOLD_2_008,2415,43.66
STORE_1,HOUSEHOLD_2_008,2416,43.66
STORE_1,HOUSEHOLD_2_008,2417,43.66
STORE_1,HOUSEHOLD_2_008,2418,43.66
STORE_1,HOUSEHOLD_2_008,2419,43.66
STORE_1,HOUSEHOLD_2_008,2420,43.66
STORE_1,HOUSEHOLD_2_008,2421,43.66
STORE_1,HOUSEHOLD_2_008,2422,43.66
STORE_1,HOUSEHOLD_2_008,2423,32.09
STORE_1,HOUSEHOLD_2_008,2424,32.09
STORE_1,HOUSEHOLD_2_008,2425,32.09
STORE_1,HOUSEHOLD_2_008,2426,36.14
STORE_1,HOUSEHOLD_2_008,2427,36.14
STORE_1,HOUSEHOLD_2_008,2428,36.14
STORE_1,HOUSEHOLD_2_008,2429,36.14
STORE_1,HOUSEHOLD_2_008,2430,36.14
STORE_1,HOUSEHOLD_2_008,2431,36.14
STORE_1,HOUSEHOLD_2_008,2432,36.14
STORE_1,HOUSEHOLD_2_008,2433,36.14
STORE_1,HOUSEHOLD_2_008,2434,36.14
STORE_1,HOUSEHOLD_2_008,2435,36.14
STORE_1,HOUSEHOLD_2_008,2436,36.14
STORE_1,HOUSEHOLD_2_008,2437,36.14
STORE_1,HOUSEHOLD_2_008,2438,36.14
STORE_1,HOUSEHOLD_2_008,2439,36.14
STORE_1,HOUSEHOLD_2_008,2440,36.14
STORE_1,HOUSEHOLD_2_008,2441,36.14
STORE_1,HOUSEHOLD_2_008,2442,36.14
STORE_1,HOUSEHOLD_2_008,2443,36.14
STORE_1,HOUSEHOLD_2_008,2444,36.14
STORE_1,HOUSEHOLD_2_008,2445,31.43
STORE_1,HOUSEHOLD_2_008,2446,31.43
STORE_1,HOUSEHOLD_2_008,2447,31.43
STORE_1,HOUSEHOLD_2_008,2448,31.43
STORE_1,HOUSEHOLD_2_008,2449,31.43
STORE_1,HOUSEHOLD_2_008,2450,31.43
STORE_1,HOUSEHOLD_2_008,2451,31.43
STORE_1,HOUSEHOLD_2_008,2452,31.43
STORE_1,HOUSEHOLD_2_008,2501,31.43
STORE_1,HOUSEHOLD_2_008,2502,31.43
STORE_1,HOUSEHOLD_2_008,2503,31.43
STORE_1,HOUSEHOLD_2_008,2504,31.43
STORE_1,HOUSEHOLD_2_008,2505,31.43
STORE_2,FOODS_1_001,2252,16.31
STORE_2,FOODS_1_001,2201,16.31
STORE_2,FOODS_1_001,2202,16.31
STORE_2,FOODS_1_001,2203,16.31
STORE_2,FOODS_1_001,2204,16.31
STORE_2,FOODS_1_001,2205,13.34
STORE_2,FOODS_1_001,2206,13.34
STORE_2,FOODS_1_001,2207,13.34
STORE_2,FOODS_1_001,2208,13.34
STORE_2,FOODS_1_001,2209,13.34
STORE_2,FOODS_1_001,2210,13.34
STORE_2,FOODS_1_001,2211,13.34
STORE_2,FOODS_1_001,2212,13.34
STORE_2,FOODS_1_001,2213,13.34
STORE_2,FOODS_1_001,2214,13.34
STORE_2,FOODS_1_001,2215,13.34
STORE_2,FOODS_1_001,2216,13.34
STORE_2,FOODS_1_001,2217,13.34
STORE_2,FOODS_1_001,2218,13.89
STORE_2,FOODS_1_001,2219,13.89
STORE_2,FOODS_1_001,2220,13.89
STORE_2,FOODS_1_001,2221,13.89
STORE_2,FOODS_1_001,2222,13.89
STORE_2,FOODS_1_001,2223,13.89
STORE_2,FOODS_1_001,2224,13.89
STORE_2,FOODS_1_001,2225,13.89
STORE_2,FOODS_1_001,2226,13.89
STORE_2,FOODS_1_001,2227,13.89
STORE_2,FOODS_1_001,2228,13.89
STORE_2,FOODS_1_001,2229,13.89
STORE_2,FOODS_1_001,2230,13.89
STORE_2,FOODS_1_001,2231,13.89
STORE_2,FOODS_1_001,2232,13.89
STORE_2,FOODS_1_001,2233,13.89
STORE_2,FOODS_1_001,2234,17.36
STORE_2,FOODS_1_001,2235,17.36
STORE_2,FOODS_1_001,2236,17.36
STORE_2,FOODS_1_001,2237,17.36
STORE_2,FOODS_1_001,2238,17.36
STORE_2,FOODS_1_001,2239,17.36
STORE_2,FOODS_1_001,2240,17.36
STORE_2,FOODS_1_001,2241,17.36
STORE_2,FOODS_1_001,2242,17.36
STORE_2,FOODS_1_001,2243,17.36
STORE_2,FOODS_1_001,2244,17.36
STORE_2,FOODS_1_001,2245,17.36
STORE_2,FOODS_1_001,2246,17.36
STORE_2,FOODS_1_001,2247,17.36
STORE_2,FOODS_1_001,2248,17.36
STORE_2,FOODS_1_001,2249,17.36
STORE_2,FOODS_1_001,2250,17.36
STORE_2,FOODS_1_001,2251,17.36
STORE_2,FOODS_1_001,2352,17.36
STORE_2,FOODS_1_001,2301,17.36
STORE_2,FOODS_1_001,2302,17.36
STORE_2,FOODS_1_001,2303,18.2
STORE_2,FOODS_1_001,2304,18.2
STORE_2,FOODS_1_001,2305,18.2
STORE_2,FOODS_1_001,2306,18.09
STORE_2,FOODS_1_001,2307,18.09
STORE_2,FOODS_1_001,2308,18.09
STORE_2,FOODS_1_001,2309,18.09
STORE_2,FOODS_1_001,2310,18.09
STORE_2,FOODS_1_001,2311,18.09
STORE_2,FOODS_1_001,2312,18.09
STORE_2,FOODS_1_001,2313,18.09
STORE_2,FOODS_1_001,2314,18.09
STORE_2,FOODS_1_001,2315,18.09
STORE_2,FOODS_1_001,2316,18.09
STORE_2,FOODS_1_001,2317,18.09
STORE_2,FOODS_1_001,2318,18.09
STORE_2,FOODS_1_001,2319,18.09
STORE_2,FOODS_1_001,2320,18.09
STORE_2,FOODS_1_001,2321,18.09
STORE_2,FOODS_1_001,2322,18.09
STORE_2,FOODS_1_001,2323,18.09
STORE_2,FOODS_1_001,2324,18.09
STORE_2,FOODS_1_001,2325,18.09
STORE_2,FOODS_1_001,2326,18.09
STORE_2,FOODS_1_001,2327,18.09
STORE_2,FOODS_1_001,2328,18.09
STORE_2,FOODS_1_001,2329,18.09
STORE_2,FOODS_1_001,2330,18.09
STORE_2,FOODS_1_001,2331,18.09
STORE_2,FOODS_1_001,2332,18.09
STORE_2,FOODS_1_001,2333,18.09
STORE_2,FOODS_1_001,2334,18.09
STORE_2,FOODS_1_001,2335,18.09
STORE_2,FOODS_1_001,2336,18.09
STORE_2,FOODS_1_001,2337,18.09
STORE_2,FOODS_1_001,2338,18.09
STORE_2,FOODS_1_001,2339,18.09
STORE_2,FOODS_1_001,2340,17.41
STORE_2,FOODS_1_001,2341,17.41
STORE_2,FOODS_1_001,2342,17.41
STORE_2,FOODS_1_001,2343,17.41
STORE_2,FOODS_1_001,2344,17.41
STORE_2,FOODS_1_001,2345,17.41
STORE_2,FOODS_1_001,2346,17.41
STORE_2,FOODS_1_001,2347,17.41
STORE_2,FOODS_1_001,2348,17.41
STORE_2,FOODS_1_001,2349,17.41
STORE_2,FOODS_1_001,2350,17.41
STORE_2,FOODS_1_001,2351,17.41
STORE_2,FOODS_1_001,2401,17.41
STORE_2,FOODS_1_001,2402,17.41
STORE_2,FOODS_1_001,2403,17.41
STORE_2,FOODS_1_001,2404,17.41
STORE_2,FOODS_1_001,2405,17.41
STORE_2,FOODS_1_001,2406,17.58
STORE_2,FOODS_1_001,2407,17.58
STORE_2,FOODS_1_001,2408,17.58
STORE_2,FOODS_1_001,2409,17.58
STORE_2,FOODS_1_001,2410,18.72
STORE_2,FOODS_1_001,2411,18.72
STORE_2,FOODS_1_001,2412,18.72
STORE_2,FOODS_1_001,2413,18.72
STORE_2,FOODS_1_001,2414,18.72
STORE_2,FOODS_1_001,2415,18.72
STORE_2,FOODS_1_001,2416,18.72
STORE_2,FOODS_1_001,2417,18.72
STORE_2,FOODS_1_001,2418,18.72
STORE_2,FOODS_1_001,2419,18.72
STORE_2,FOODS_1_001,2420,18.72
STORE_2,FOODS_1_001,2421,18.72
STORE_2,FOODS_1_001,2422,18.72
STORE_2,FOODS_1_001,2423,12.3
STORE_2,FOODS_1_001,2424,12.3
STORE_2,FOODS_1_001,2425,12.3
STORE_2,FOODS_1_001,2426,12.3
STORE_2,FOODS_1_001,2427,12.3
STORE_2,FOODS_1_001,2428,12.3
STORE_2,FOODS_1_001,2429,12.3
STORE_2,FOODS_1_001,2430,12.3
STORE_2,FOODS_1_001,2431,12.3
STORE_2,FOODS_1_001,2432,12.3
STORE_2,FOODS_1_001,2433,12.3
STORE_2,FOODS_1_001,2434,12.3
STORE_2,FOODS_1_001,2435,12.3
STORE_2,FOODS_1_001,2436,12.3
STORE_2,FOODS_1_001,2437,12.3
STORE_2,FOODS_1_001,2438,12.3
STORE_2,FOODS_1_001,2439,18.67
STORE_2,FOODS_1_001,2440,18.67
STORE_2,FOODS_1_001,2441,18.67
STORE_2,FOODS_1_001,2442,18.67
STORE_2,FOODS_1_001,2443,18.67
STORE_2,FOODS_1_001,2444,18.67
STORE_2,FOODS_1_001,2445,18.67
STORE_2,FOODS_1_001,2446,18.67
STORE_2,FOODS_1_001,2447,18.67
STORE_2,FOODS_1_001,2448,18.67
STORE_2,FOODS_1_001,2449,18.67
STORE_2,FOODS_1_001,2450,18.67
STORE_2,FOODS_1_001,2451,18.67
STORE_2,FOODS_1_001,2452,18.67
STORE_2,FOODS_1_001,2501,18.67
STORE_2,FOODS_1_001,2502,18.67
STORE_2,FOODS_1_001,2503,18.67
STORE_2,FOODS_1_001,2504,18.67
STORE_2,FOODS_1_001,2505,18.67
STORE_2,FOODS_1_002,2252,41.32
STORE_2,FOODS_1_002,2201,41.32
STORE_2,FOODS_1_002,2202,36.01
STORE_2,FOODS_1_002,2203,36.01
STORE_2,FOODS_1_002,2204,36.01
STORE_2,FOODS_1_002,2205,36.01
STORE_2,FOODS_1_002,2206,36.01
STORE_2,FOODS_1_002,2207,36.01
STORE_2,FOODS_1_002,2208,36.01
STORE_2,FOODS_1_002,2209,36.01
STORE_2,FOODS_1_002,2210,36.01
STORE_2,FOODS_1_002,2211,36.01
STORE_2,FOODS_1_002,2212,36.01
STORE_2,FOODS_1_002,2213,36.01
STORE_2,FOODS_1_002,2214,36.01
STORE_2,FOODS_1_002,2215,36.01
STORE_2,FOODS_1_002,2216,36.01
STORE_2,FOODS_1_002,2217,36.01
STORE_2,FOODS_1_002,2218,36.01
STORE_2,FOODS_1_002,2219,36.01
STORE_2,FOODS_1_002,2220,36.01
STORE_2,FOODS_1_002,2221,36.01
STORE_2,FOODS_1_002,2222,36.01
STORE_2,FOODS_1_002,2223,36.01
STORE_2,FOODS_1_002,2224,36.01
STORE_2,FOODS_1_002,2225,36.01
STORE_2,FOODS_1_002,2226,36.01
STORE_2,FOODS_1_002,2227,36.01
STORE_2,FOODS_1_002,2228,36.01
STORE_2,FOODS_1_002,2229,36.01
STORE_2,FOODS_1_002,2230,36.01
STORE_2,FOODS_1_002,2231,36.01
STORE_2,FOODS_1_002,2232,36.01
STORE_2,FOODS_1_002,2233,36.01
STORE_2,FOODS_1_002,2234,36.01
STORE_2,FOODS_1_002,2235,36.01
STORE_2,FOODS_1_002,2236,36.01
STORE_2,FOODS_1_002,2237,36.01
STORE_2,FOODS_1_002,2238,39.25
STORE_2,FOODS_1_002,2239,39.25
STORE_2,FOODS_1_002,2240,39.25
STORE_2,FOODS_1_002,2241,39.25
STORE_2,FOODS_1_002,2242,39.25
STORE_2,FOODS_1_002,2243,39.25
STORE_2,FOODS_1_002,2244,39.25
STORE_2,FOODS_1_002,2245,39.25
STORE_2,FOODS_1_002,2246,39.25
STORE_2,FOODS_1_002,2247,31.37
STORE_2,FOODS_1_002,2248,31.37
STORE_2,FOODS_1_002,2249,31.37
STORE_2,FOODS_1_002,2250,31.37
STORE_2,FOODS_1_002,2251,31.37
STORE_2,FOODS_1_002,2352,37.4
STORE_2,FOODS_1_002,2301,37.4
STORE_2,FOODS_1_002,2302,37.4
STORE_2,FOODS_1_002,2303,37.4
STORE_2,FOODS_1_002,2304,37.4
STORE_2,FOODS_1_002,2305,37.4
STORE_2,FOODS_1_002,2306,37.4
STORE_2,FOODS_1_002,2307,37.4
STORE_2,FOODS_1_002,2308,37.4
STORE_2,FOODS_1_002,2309,37.4
STORE_2,FOODS_1_002,2310,37.4
STORE_2,FOODS_1_002,2311,37.4
STORE_2,FOODS_1_002,2312,37.4
STORE_2,FOODS_1_002,2313,37.4
STORE_2,FOODS_1_002,2314,37.4
STORE_2,FOODS_1_002,2315,37.4
STORE_2,FOODS_1_002,2316,37.4
STORE_2,FOODS_1_002,2317,37.4
STORE_2,FOODS_1_002,2318,37.4
STORE_2,FOODS_1_002,2319,37.4
STORE_2,FOODS_1_002,2320,37.4
STORE_2,FOODS_1_002,2321,37.4
STORE_2,FOODS_1_002,2322,37.4
STORE_2,FOODS_1_002,2323,37.4
STORE_2,FOODS_1_002,2324,37.4
STORE_2,FOODS_1_002,2325,37.4
STORE_2,FOODS_1_002,2326,37.4
STORE_2,FOODS_1_002,2327,37.4
STORE_2,FOODS_1_002,2328,37.4
STORE_2,FOODS_1_002,2329,37.4
STORE_2,FOODS_1_002,2330,37.4
STORE_2,FOODS_1_002,2331,37.4
STORE_2,FOODS_1_002,2332,37.4
STORE_2,FOODS_1_002,2333,37.4
STORE_2,FOODS_1_002,2334,37.4
STORE_2,FOODS_1_002,2335,37.4
STORE_2,FOODS_1_002,2336,37.4
STORE_2,FOODS_1_002,2337,37.4
STORE_2,FOODS_1_002,2338,37.4
STORE_2,FOODS_1_002,2339,47.03
STORE_2,FOODS_1_002,2340,47.03
STORE_2,FOODS_1_002,2341,47.03
STORE_2,FOODS_1_002,2342,47.03
STORE_2,FOODS_1_002,2343,47.03
STORE_2,FOODS_1_002,2344,47.03
STORE_2,FOODS_1_002,2345,47.03
STORE_2,FOODS_1_002,2346,47.03
STORE_2,FOODS_1_002,2347,47.03
STORE_2,FOODS_1_002,2348,47.03
STORE_2,FOODS_1_002,2349,47.03
STORE_2,FOODS_1_002,2350,47.03
STORE_2,FOODS_1_002,2351,47.03
STORE_2,FOODS_1_002,2401,47.03
STORE_2,FOODS_1_002,2402,47.03
STORE_2,FOODS_1_002,2403,47.03
STORE_2,FOODS_1_002,2404,47.03
STORE_2,FOODS_1_002,2405,38.2
STORE_2,FOODS_1_002,2406,38.2
STORE_2,FOODS_1_002,2407,38.2
STORE_2,FOODS_1_002,2408,38.2
STORE_2,FOODS_1_002,2409,38.2
STORE_2,FOODS_1_002,2410,38.2
STORE_2,FOODS_1_002,2411,38.2
STORE_2,FOODS_1_002,2412,38.2
STORE_2,FOODS_1_002,2413,38.2
STORE_2,FOODS_1_002,2414,38.2
STORE_2,FOODS_1_002,2415,38.2
STORE_2,FOODS_1_002,2416,46.69
STORE_2,FOODS_1_002,2417,46.69
STORE_2,FOODS_1_002,2418,46.69
STORE_2,FOODS_1_002,2419,46.69
STORE_2,FOODS_1_002,2420,46.69
STORE_2,FOODS_1_002,2421,46.69
STORE_2,FOODS_1_002,2422,46.69
STORE_2,FOODS_1_002,2423,46.69
STORE_2,FOODS_1_002,2424,46.69
STORE_2,FOODS_1_002,2425,46.69
STORE_2,FOODS_1_002,2426,46.69
STORE_2,FOODS_1_002,2427,46.69
STORE_2,FOODS_1_002,2428,46.69
STORE_2,FOODS_1_002,2429,44.63
STORE_2,FOODS_1_002,2430,44.63
STORE_2,FOODS_1_002,2431,44.63
STORE_2,FOODS_1_002,2432,44.63
STORE_2,FOODS_1_002,2433,44.63
STORE_2,FOODS_1_002,2434,31.92
STORE_2,FOODS_1_002,2435,31.92
STORE_2,FOODS_1_002,2436,31.92
STORE_2,FOODS_1_002,2437,31.92
STORE_2,FOODS_1_002,2438,31.92
STORE_2,FOODS_1_002,2439,31.92
STORE_2,FOODS_1_002,2440,31.92
STORE_2,FOODS_1_002,2441,31.92
STORE_2,FOODS_1_002,2442,31.92
STORE_2,FOODS_1_002,2443,31.92
STORE_2,FOODS_1_002,2444,31.92
STORE_2,FOODS_1_002,2445,31.92
STORE_2,FOODS_1_002,2446,31.92
STORE_2,FOODS_1_002,2447,31.92
STORE_2,FOODS_1_002,2448,31.92
STORE_2,FOODS_1_002,2449,31.92
STORE_2,FOODS_1_002,2450,31.92
STORE_2,FOODS_1_002,2451,31.92
STORE_2,FOODS_1_002,2452,31.92
STORE_2,FOODS_1_002,2501,31.92
STORE_2,FOODS_1_002,2502,31.92
STORE_2,FOODS_1_002,2503,31.92
STORE_2,FOODS_1_002,2504,31.92
STORE_2,FOODS_1_002,2505,31.92
STORE_2,FOODS_1_003,2252,12.93
STORE_2,FOODS_1_003,2201,12.93
STORE_2,FOODS_1_003,2202,12.93
STORE_2,FOODS_1_003,2203,12.93
STORE_2,FOODS_1_003,2204,12.93
STORE_2,FOODS_1_003,2205,12.93
STORE_2,FOODS_1_003,2206,12.93
STORE_2,FOODS_1_003,2207,12.93
STORE_2,FOODS_1_003,2208,12.93
STORE_2,FOODS_1_003,2209,12.93
STORE_2,FOODS_1_003,2210,12.93
STORE_2,FOODS_1_003,2211,12.93
STORE_2,FOODS_1_003,2212,12.93
STORE_2,FOODS_1_003,2213,12.93
STORE_2,FOODS_1_003,2214,12.93
STORE_2,FOODS_1_003,2215,12.93
STORE_2,FOODS_1_003,2216,12.93
STORE_2,FOODS_1_003,2217,12.93
STORE_2,FOODS_1_003,2218,12.93
STORE_2,FOODS_1_003,2219,12.93
STORE_2,FOODS_1_003,2220,12.93
STORE_2,FOODS_1_003,2221,12.93
STORE_2,FOODS_1_003,2222,12.93
STORE_2,FOODS_1_003,2223,14.46
STORE_2,FOODS_1_003,2224,14.46
STORE_2,FOODS_1_003,2225,14.46
STORE_2,FOODS_1_003,2226,14.46
STORE_2,FOODS_1_003,2227,14.46
STORE_2,FOODS_1_003,2228,14.46
STORE_2,FOODS_1_003,2229,14.46
STORE_2,FOODS_1_003,2230,14.46
STORE_2,FOODS_1_003,2231,14.46
STORE_2,FOODS_1_003,2232,14.46
STORE_2,FOODS_1_003,2233,14.46
STORE_2,FOODS_1_003,2234,14.46
STORE_2,FOODS_1_003,2235,14.46
STORE_2,FOODS_1_003,2236,14.46
STORE_2,FOODS_1_003,2237,14.46
STORE_2,FOODS_1_003,2238,11.86
STORE_2,FOODS_1_003,2239,12.62
STORE_2,FOODS_1_003,2240,12.62
STORE_2,FOODS_1_003,2241,12.62
STORE_2,FOODS_1_003,2242,12.62
STORE_2,FOODS_1_003,2243,10.0
STORE_2,FOODS_1_003,2244,10.0
STORE_2,FOODS_1_003,2245,10.0
STORE_2,FOODS_1_003,2246,10.0
STORE_2,FOODS_1_003,2247,10.0
STORE_2,FOODS_1_003,2248,10.0
STORE_2,FOODS_1_003,2249,10.0
STORE_2,FOODS_1_003,2250,10.0
STORE_2,FOODS_1_003,2251,10.0
STORE_2,FOODS_1_003,2352,10.0
STORE_2,FOODS_1_003,2301,10.0
STORE_2,FOODS_1_003,2302,10.0
STORE_2,FOODS_1_003,2303,10.0
STORE_2,FOODS_1_003,2304,10.0
STORE_2,FOODS_1_003,2305,10.0
STORE_2,FOODS_1_003,2306,10.0
STORE_2,FOODS_1_003,2307,10.0
STORE_2,FOODS_1_003,2308,10.0
STORE_2,FOODS_1_003,2309,10.0
STORE_2,FOODS_1_003,2310,10.0
STORE_2,FOODS_1_003,2311,10.0
STORE_2,FOODS_1_003,2312,10.0
STORE_2,FOODS_1_003,2313,10.0
STORE_2,FOODS_1_003,2314,10.92
STORE_2,FOODS_1_003,2315,10.92
STORE_2,FOODS_1_003,2316,10.92
STORE_2,FOODS_1_003,2317,10.92
STORE_2,FOODS_1_003,2318,10.92
STORE_2,FOODS_1_003,2319,10.92
STORE_2,FOODS_1_003,2320,14.51
STORE_2,FOODS_1_003,2321,14.51
STORE_2,FOODS_1_003,2322,14.51
STORE_2,FOODS_1_003,2323,14.51
STORE_2,FOODS_1_003,2324,14.51
STORE_2,FOODS_1_003,2325,14.51
STORE_2,FOODS_1_003,2326,14.51
STORE_2,FOODS_1_003,2327,14.51
STORE_2,FOODS_1_003,2328,14.51
STORE_2,FOODS_1_003,2329,14.51
STORE_2,FOODS_1_003,2330,14.51
STORE_2,FOODS_1_003,2331,14.51
STORE_2,FOODS_1_003,2332,14.51
STORE_2,FOODS_1_003,2333,14.51
STORE_2,FOODS_1_003,2334,14.51
STORE_2,FOODS_1_003,2335,14.51
STORE_2,FOODS_1_003,2336,14.51
STORE_2,FOODS_1_003,2337,14.51
STORE_2,FOODS_1_003,2338,14.51
STORE_2,FOODS_1_003,2339,14.51
STORE_2,FOODS_1_003,2340,14.51
STORE_2,FOODS_1_003,2341,14.51
STORE_2,FOODS_1_003,2342,14.51
STORE_2,FOODS_1_003,2343,14.51
STORE_2,FOODS_1_003,2344,14.51
STORE_2,FOODS_1_003,2345,14.51
STORE_2,FOODS_1_003,2346,14.51
STORE_2,FOODS_1_003,2347,14.51
STORE_2,FOODS_1_003,2348,14.51
STORE_2,FOODS_1_003,2349,14.51
STORE_2,FOODS_1_003,2350,14.51
STORE_2,FOODS_1_003,2351,14.51
STORE_2,FOODS_1_003,2401,14.51
STORE_2,FOODS_1_003,2402,14.51
STORE_2,FOODS_1_003,2403,14.51
STORE_2,FOODS_1_003,2404,14.51
STORE_2,FOODS_1_003,2405,14.51
STORE_2,FOODS_1_003,2406,14.51
STORE_2,FOODS_1_003,2407,14.51
STORE_2,FOODS_1_003,2408,14.51
STORE_2,FOODS_1_003,2409,14.51
STORE_2,FOODS_1_003,2410,14.51
STORE_2,FOODS_1_003,2411,14.51
STORE_2,FOODS_1_003,2412,14.51
STORE_2,FOODS_1_003,2413,14.51
STORE_2,FOODS_1_003,2414,14.51
STORE_2,FOODS_1_003,2415,14.51
STORE_2,FOODS_1_003,2416,14.51
STORE_2,FOODS_1_003,2417,14.51
STORE_2,FOODS_1_003,2418,14.51
STORE_2,FOODS_1_003,2419,14.51
STORE_2,FOODS_1_003,2420,14.51
STORE_2,FOODS_1_003,2421,14.51
STORE_2,FOODS_1_003,2422,14.51
STORE_2,FOODS_1_003,2423,14.51
STORE_2,FOODS_1_003,2424,14.51
STORE_2,FOODS_1_003,2425,14.51
STORE_2,FOODS_1_003,2426,14.51
STORE_2,FOODS_1_003,2427,14.51
STORE_2,FOODS_1_003,2428,14.51
STORE_2,FOODS_1_003,2429,14.51
STORE_2,FOODS_1_003,2430,12.22
STORE_2,FOODS_1_003,2431,12.22
STORE_2,FOODS_1_003,2432,12.22
STORE_2,FOODS_1_003,2433,12.22
STORE_2,FOODS_1_003,2434,12.22
STORE_2,FOODS_1_003,2435,12.22
STORE_2,FOODS_1_003,2436,12.22
STORE_2,FOODS_1_003,2437,12.22
STORE_2,FOODS_1_003,2438,12.22
STORE_2,FOODS_1_003,2439,12.22
STORE_2,FOODS_1_003,2440,12.22
STORE_2,FOODS_1_003,2441,12.22
STORE_2,FOODS_1_003,2442,12.22
STORE_2,FOODS_1_003,2443,12.22
STORE_2,FOODS_1_003,2444,10.92
STORE_2,FOODS_1_003,2445,10.92
STORE_2,FOODS_1_003,2446,10.92
STORE_2,FOODS_1_003,2447,10.92
STORE_2,FOODS_1_003,2448,10.92
STORE_2,FOODS_1_003,2449,10.92
STORE_2,FOODS_1_003,2450,10.92
STORE_2,FOODS_1_003,2451,10.67
STORE_2,FOODS_1_003,2452,10.67
STORE_2,FOODS_1_003,2501,10.67
STORE_2,FOODS_1_003,2502,10.67
STORE_2,FOODS_1_003,2503,10.67
STORE_2,FOODS_1_003,2504,10.67
STORE_2,FOODS_1_003,2505,10.67
STORE_2,FOODS_1_004,2252,57.72
STORE_2,FOODS_1_004,2201,65.28
STORE_2,FOODS_1_004,2202,65.28
STORE_2,FOODS_1_004,2203,65.28
STORE_2,FOODS_1_004,2204,65.28
STORE_2,FOODS_1_004,2205,65.28
STORE_2,FOODS_1_004,2206,65.28
STORE_2,FOODS_1_004,2207,65.28
STORE_2,FOODS_1_004,2208,65.28
STORE_2,FOODS_1_004,2209,65.28
STORE_2,FOODS_1_004,2210,65.28
STORE_2,FOODS_1_004,2211,65.28
STORE_2,FOODS_1_004,2212,65.28
STORE_2,FOODS_1_004,2213,65.28
STORE_2,FOODS_1_004,2214,65.28
STORE_2,FOODS_1_004,2215,65.28
STORE_2,FOODS_1_004,2216,65.28
STORE_2,FOODS_1_004,2217,65.28
STORE_2,FOODS_1_004,2218,65.28
STORE_2,FOODS_1_004,2219,65.28
STORE_2,FOODS_1_004,2220,65.28
STORE_2,FOODS_1_004,2221,65.28
STORE_2,FOODS_1_004,2222,65.28
STORE_2,FOODS_1_004,2223,65.28
STORE_2,FOODS_1_004,2224,65.28
STORE_2,FOODS_1_004,2225,65.28
STORE_2,FOODS_1_004,2226,65.28
STORE_2,FOODS_1_004,2227,65.28
STORE_2,FOODS_1_004,2228,65.28
STORE_2,FOODS_1_004,2229,45.86
STORE_2,FOODS_1_004,2230,45.86
STORE_2,FOODS_1_004,2231,45.86
STORE_2,FOODS_1_004,2232,45.86
STORE_2,FOODS_1_004,2233,45.86
STORE_2,FOODS_1_004,2234,45.86
STORE_2,FOODS_1_004,2235,45.86
STORE_2,FOODS_1_004,2236,59.03
STORE_2,FOODS_1_004,2237,59.03
STORE_2,FOODS_1_004,2238,62.15
STORE_2,FOODS_1_004,2239,62.15
STORE_2,FOODS_1_004,2240,62.15
STORE_2,FOODS_1_004,2241,62.15
STORE_2,FOODS_1_004,2242,62.15
STORE_2,FOODS_1_004,2243,62.15
STORE_2,FOODS_1_004,2244,62.15
STORE_2,FOODS_1_004,2245,62.15
STORE_2,FOODS_1_004,2246,62.15
STORE_2,FOODS_1_004,2247,62.15
STORE_2,FOODS_1_004,2248,62.15
STORE_2,FOODS_1_004,2249,62.15
STORE_2,FOODS_1_004,2250,62.15
STORE_2,FOODS_1_004,2251,62.15
STORE_2,FOODS_1_004,2352,62.15
STORE_2,FOODS_1_004,2301,62.15
STORE_2,FOODS_1_004,2302,62.15
STORE_2,FOODS_1_004,2303,62.15
STORE_2,FOODS_1_004,2304,62.15
STORE_2,FOODS_1_004,2305,62.15
STORE_2,FOODS_1_004,2306,62.15
STORE_2,FOODS_1_004,2307,62.15
STORE_2,FOODS_1_004,2308,62.15
STORE_2,FOODS_1_004,2309,62.15
STORE_2,FOODS_1_004,2310,62.15
STORE_2,FOODS_1_004,2311,62.15
STORE_2,FOODS_1_004,2312,62.15
STORE_2,FOODS_1_004,2313,62.15
STORE_2,FOODS_1_004,2314,46.29
STORE_2,FOODS_1_004,2315,46.29
STORE_2,FOODS_1_004,2316,46.29
STORE_2,FOODS_1_004,2317,46.29
STORE_2,FOODS_1_004,2318,46.29
STORE_2,FOODS_1_004,2319,46.29
STORE_2,FOODS_1_004,2320,60.03
STORE_2,FOODS_1_004,2321,60.03
STORE_2,FOODS_1_004,2322,60.03
STORE_2,FOODS_1_004,2323,60.03
STORE_2,FOODS_1_004,2324,60.03
STORE_2,FOODS_1_004,2325,60.03
STORE_2,FOODS_1_004,2326,60.03
STORE_2,FOODS_1_004,2327,60.03
STORE_2,FOODS_1_004,2328,60.03
STORE_2,FOODS_1_004,2329,60.03
STORE_2,FOODS_1_004,2330,60.03
STORE_2,FOODS_1_004,2331,57.75
STORE_2,FOODS_1_004,2332,57.75
STORE_2,FOODS_1_004,2333,57.75
STORE_2,FOODS_1_004,2334,57.75
STORE_2,FOODS_1_004,2335,57.75
STORE_2,FOODS_1_004,2336,57.75
STORE_2,FOODS_1_004,2337,57.75
STORE_2,FOODS_1_004,2338,57.75
STORE_2,FOODS_1_004,2339,57.75
STORE_2,FOODS_1_004,2340,57.75
STORE_2,FOODS_1_004,2341,57.75
STORE_2,FOODS_1_004,2342,57.75
STORE_2,FOODS_1_004,2343,57.75
STORE_2,FOODS_1_004,2344,57.75
STORE_2,FOODS_1_004,2345,62.86
STORE_2,FOODS_1_004,2346,62.86
STORE_2,FOODS_1_004,2347,62.86
STORE_2,FOODS_1_004,2348,62.86
STORE_2,FOODS_1_004,2349,62.86
STORE_2,FOODS_1_004,2350,62.86
STORE_2,FOODS_1_004,2351,62.86
STORE_2,FOODS_1_004,2401,62.86
STORE_2,FOODS_1_004,2402,62.86
STORE_2,FOODS_1_004,2403,62.86
STORE_2,FOODS_1_004,2404,62.86
STORE_2,FOODS_1_004,2405,62.86
STORE_2,FOODS_1_004,2406,62.86
STORE_2,FOODS_1_004,2407,62.86
STORE_2,FOODS_1_004,2408,62.86
STORE_2,FOODS_1_004,2409,62.86
STORE_2,FOODS_1_004,2410,59.57
STORE_2,FOODS_1_004,2411,59.57
STORE_2,FOODS_1_004,2412,59.57
STORE_2,FOODS_1_004,2413,59.57
STORE_2,FOODS_1_004,2414,59.57
STORE_2,FOODS_1_004,2415,59.57
STORE_2,FOODS_1_004,2416,59.57
STORE_2,FOODS_1_004,2417,59.57
STORE_2,FOODS_1_004,2418,59.57
STORE_2,FOODS_1_004,2419,59.57
STORE_2,FOODS_1_004,2420,59.57
STORE_2,FOODS_1_004,2421,59.57
STORE_2,FOODS_1_004,2422,59.57
STORE_2,FOODS_1_004,2423,59.57
STORE_2,FOODS_1_004,2424,59.57
STORE_2,FOODS_1_004,2425,59.57
STORE_2,FOODS_1_004,2426,59.57
STORE_2,FOODS_1_004,2427,59.57
STORE_2,FOODS_1_004,2428,59.57
STORE_2,FOODS_1_004,2429,59.57
STORE_2,FOODS_1_004,2430,59.57
STORE_2,FOODS_1_004,2431,59.57
STORE_2,FOODS_1_004,2432,59.57
STORE_2,FOODS_1_004,2433,59.57
STORE_2,FOODS_1_004,2434,59.57
STORE_2,FOODS_1_004,2435,59.57
STORE_2,FOODS_1_004,2436,59.57
STORE_2,FOODS_1_004,2437,59.57
STORE_2,FOODS_1_004,2438,59.57
STORE_2,FOODS_1_004,2439,59.57
STORE_2,FOODS_1_004,2440,59.57
STORE_2,FOODS_1_004,2441,59.57
STORE_2,FOODS_1_004,2442,59.57
STORE_2,FOODS_1_004,2443,59.57
STORE_2,FOODS_1_004,2444,59.57
STORE_2,FOODS_1_004,2445,59.57
STORE_2,FOODS_1_004,2446,59.57
STORE_2,FOODS_1_004,2447,59.57
STORE_2,FOODS_1_004,2448,59.57
STORE_2,FOODS_1_004,2449,59.57
STORE_2,FOODS_1_004,2450,59.57
STORE_2,FOODS_1_004,2451,59.57
STORE_2,FOODS_1_004,2452,59.57
STORE_2,FOODS_1_004,2501,59.57
STORE_2,FOODS_1_004,2502,59.57
STORE_2,FOODS_1_004,2503,61.35
STORE_2,FOODS_1_004,2504,61.35
STORE_2,FOODS_1_004,2505,61.35
STORE_2,FOODS_1_005,2252,55.24
STORE_2,FOODS_1_005,2201,55.24
STORE_2,FOODS_1_005,2202,55.24
STORE_2,FOODS_1_005,2203,55.24
STORE_2,FOODS_1_005,2204,55.24
STORE_2,FOODS_1_005,2205,55.24
STORE_2,FOODS_1_005,2206,55.24
STORE_2,FOODS_1_005,2207,55.24
STORE_2,FOODS_1_005,2208,55.24
STORE_2,FOODS_1_005,2209,55.24
STORE_2,FOODS_1_005,2210,52.04
STORE_2,FOODS_1_005,2211,52.04
STORE_2,FOODS_1_005,2212,52.04
STORE_2,FOODS_1_005,2213,52.04
STORE_2,FOODS_1_005,2214,52.04
STORE_2,FOODS_1_005,2215,52.04
STORE_2,FOODS_1_005,2216,52.04
STORE_2,FOODS_1_005,2217,52.04
STORE_2,FOODS_1_005,2218,52.04
STORE_2,FOODS_1_005,2219,52.04
STORE_2,FOODS_1_005,2220,52.04
STORE_2,FOODS_1_005,2221,52.04
STORE_2,FOODS_1_005,2222,52.04
STORE_2,FOODS_1_005,2223,52.04
STORE_2,FOODS_1_005,2224,52.04
STORE_2,FOODS_1_005,2225,52.04
STORE_2,FOODS_1_005,2226,52.04
STORE_2,FOODS_1_005,2227,52.04
STORE_2,FOODS_1_005,2228,52.04
STORE_2,FOODS_1_005,2229,52.04
STORE_2,FOODS_1_005,2230,52.04
STORE_2,FOODS_1_005,2231,52.04
STORE_2,FOODS_1_005,2232,52.04
STORE_2,FOODS_1_005,2233,52.04
STORE_2,FOODS_1_005,2234,52.04
STORE_2,FOODS_1_005,2235,52.04
STORE_2,FOODS_1_005,2236,52.04
STORE_2,FOODS_1_005,2237,52.04
STORE_2,FOODS_1_005,2238,52.04
STORE_2,FOODS_1_005,2239,52.04
STORE_2,FOODS_1_005,2240,58.43
STORE_2,FOODS_1_005,2241,58.43
STORE_2,FOODS_1_005,2242,58.43
STORE_2,FOODS_1_005,2243,58.43
STORE_2,FOODS_1_005,2244,58.43
STORE_2,FOODS_1_005,2245,58.43
STORE_2,FOODS_1_005,2246,58.43
STORE_2,FOODS_1_005,2247,58.43
STORE_2,FOODS_1_005,2248,58.43
STORE_2,FOODS_1_005,2249,58.43
STORE_2,FOODS_1_005,2250,58.43
STORE_2,FOODS_1_005,2251,58.43
STORE_2,FOODS_1_005,2352,58.43
STORE_2,FOODS_1_005,2301,58.43
STORE_2,FOODS_1_005,2302,58.43
STORE_2,FOODS_1_005,2303,58.43
STORE_2,FOODS_1_005,2304,58.43
STORE_2,FOODS_1_005,2305,58.43
STORE_2,FOODS_1_005,2306,58.43
STORE_2,FOODS_1_005,2307,58.43
STORE_2,FOODS_1_005,2308,58.43
STORE_2,FOODS_1_005,2309,58.43
STORE_2,FOODS_1_005,2310,58.43
STORE_2,FOODS_1_005,2311,58.43
STORE_2,FOODS_1_005,2312,58.43
STORE_2,FOODS_1_005,2313,58.43
STORE_2,FOODS_1_005,2314,58.43
STORE_2,FOODS_1_005,2315,58.43
STORE_2,FOODS_1_005,2316,58.43
STORE_2,FOODS_1_005,2317,58.43
STORE_2,FOODS_1_005,2318,58.43
STORE_2,FOODS_1_005,2319,58.43
STORE_2,FOODS_1_005,2320,58.43
STORE_2,FOODS_1_005,2321,58.43
STORE_2,FOODS_1_005,2322,58.43
STORE_2,FOODS_1_005,2323,58.43
STORE_2,FOODS_1_005,2324,58.43
STORE_2,FOODS_1_005,2325,58.43
STORE_2,FOODS_1_005,2326,58.43
STORE_2,FOODS_1_005,2327,58.43
STORE_2,FOODS_1_005,2328,58.43
STORE_2,FOODS_1_005,2329,58.43
STORE_2,FOODS_1_005,2330,58.43
STORE_2,FOODS_1_005,2331,58.43
STORE_2,FOODS_1_005,2332,58.43
STORE_2,FOODS_1_005,2333,58.43
STORE_2,FOODS_1_005,2334,58.43
STORE_2,FOODS_1_005,2335,58.43
STORE_2,FOODS_1_005,2336,58.43
STORE_2,FOODS_1_005,2337,58.43
STORE_2,FOODS_1_005,2338,58.43
STORE_2,FOODS_1_005,2339,58.43
STORE_2,FOODS_1_005,2340,58.43
STORE_2,FOODS_1_005,2341,58.43
STORE_2,FOODS_1_005,2342,58.43
STORE_2,FOODS_1_005,2343,58.43
STORE_2,FOODS_1_005,2344,58.43
STORE_2,FOODS_1_005,2345,58.43
STORE_2,FOODS_1_005,2346,58.43
STORE_2,FOODS_1_005,2347,58.43
STORE_2,FOODS_1_005,2348,58.43
STORE_2,FOODS_1_005,2349,58.43
STORE_2,FOODS_1_005,2350,58.43
STORE_2,FOODS_1_005,2351,58.43
STORE_2,FOODS_1_005,2401,58.43
STORE_2,FOODS_1_005,2402,58.43
STORE_2,FOODS_1_005,2403,58.43
STORE_2,FOODS_1_005,2404,58.43
STORE_2,FOODS_1_005,2405,58.43
STORE_2,FOODS_1_005,2406,58.43
STORE_2,FOODS_1_005,2407,58.43
STORE_2,FOODS_1_005,2408,58.43
STORE_2,FOODS_1_005,2409,58.43
STORE_2,FOODS_1_005,2410,58.43
STORE_2,FOODS_1_005,2411,58.43
STORE_2,FOODS_1_005,2412,58.43
STORE_2,FOODS_1_005,2413,58.43
STORE_2,FOODS_1_005,2414,58.43
STORE_2,FOODS_1_005,2415,58.43
STORE_2,FOODS_1_005,2416,58.43
STORE_2,FOODS_1_005,2417,58.43
STORE_2,FOODS_1_005,2418,58.43
STORE_2,FOODS_1_005,2419,58.43
STORE_2,FOODS_1_005,2420,58.43
STORE_2,FOODS_1_005,2421,58.43
STORE_2,FOODS_1_005,2422,58.43
STORE_2,FOODS_1_005,2423,58.43
STORE_2,FOODS_1_005,2424,58.43
STORE_2,FOODS_1_005,2425,58.43
STORE_2,FOODS_1_005,2426,58.43
STORE_2,FOODS_1_005,2427,58.43
STORE_2,FOODS_1_005,2428,58.43
STORE_2,FOODS_1_005,2429,58.43
STORE_2,FOODS_1_005,2430,58.43
STORE_2,FOODS_1_005,2431,58.43
STORE_2,FOODS_1_005,2432,58.43
STORE_2,FOODS_1_005,2433,58.43
STORE_2,FOODS_1_005,2434,58.43
STORE_2,FOODS_1_005,2435,58.43
STORE_2,FOODS_1_005,2436,58.43
STORE_2,FOODS_1_005,2437,58.43
STORE_2,FOODS_1_005,2438,58.43
STORE_2,FOODS_1_005,2439,58.43
STORE_2,FOODS_1_005,2440,58.43
STORE_2,FOODS_1_005,2441,58.43
STORE_2,FOODS_1_005,2442,58.43
STORE_2,FOODS_1_005,2443,58.43
STORE_2,FOODS_1_005,2444,58.43
STORE_2,FOODS_1_005,2445,58.43
STORE_2,FOODS_1_005,2446,58.43
STORE_2,FOODS_1_005,2447,58.43
STORE_2,FOODS_1_005,2448,58.43
STORE_2,FOODS_1_005,2449,58.43
STORE_2,FOODS_1_005,2450,45.4
STORE_2,FOODS_1_005,2451,45.4
STORE_2,FOODS_1_005,2452,45.4
STORE_2,FOODS_1_005,2501,45.4
STORE_2,FOODS_1_005,2502,45.4
STORE_2,FOODS_1_005,2503,45.4
STORE_2,FOODS_1_005,2504,45.4
STORE_2,FOODS_1_005,2505,45.4
STORE_2,FOODS_1_006,2252,22.42
STORE_2,FOODS_1_006,2201,22.42
STORE_2,FOODS_1_006,2202,22.42
STORE_2,FOODS_1_006,2203,22.42
STORE_2,FOODS_1_006,2204,22.42
STORE_2,FOODS_1_006,2205,22.42
STORE_2,FOODS_1_006,2206,22.42
STORE_2,FOODS_1_006,2207,22.42
STORE_2,FOODS_1_006,2208,22.42
STORE_2,FOODS_1_006,2209,22.42
STORE_2,FOODS_1_006,2210,22.42
STORE_2,FOODS_1_006,2211,22.42
STORE_2,FOODS_1_006,2212,22.42
STORE_2,FOODS_1_006,2213,22.42
STORE_2,FOODS_1_006,2214,22.42
STORE_2,FOODS_1_006,2215,22.42
STORE_2,FOODS_1_006,2216,22.42
STORE_2,FOODS_1_006,2217,22.42
STORE_2,FOODS_1_006,2218,22.42
STORE_2,FOODS_1_006,2219,22.42
STORE_2,FOODS_1_006,2220,22.42
STORE_2,FOODS_1_006,2221,22.42
STORE_2,FOODS_1_006,2222,22.42
STORE_2,FOODS_1_006,2223,22.42
STORE_2,FOODS_1_006,2224,22.42
STORE_2,FOODS_1_006,2225,22.42
STORE_2,FOODS_1_006,2226,22.42
STORE_2,FOODS_1_006,2227,22.42
STORE_2,FOODS_1_006,2228,22.42
STORE_2,FOODS_1_006,2229,22.42
STORE_2,FOODS_1_006,2230,22.42
STORE_2,FOODS_1_006,2231,22.42
STORE_2,FOODS_1_006,2232,22.42
STORE_2,FOODS_1_006,2233,22.42
STORE_2,FOODS_1_006,2234,22.42
STORE_2,FOODS_1_006,2235,22.42
STORE_2,FOODS_1_006,2236,22.42
STORE_2,FOODS_1_006,2237,22.42
STORE_2,FOODS_1_006,2238,22.42
STORE_2,FOODS_1_006,2239,22.42
STORE_2,FOODS_1_006,2240,22.42
STORE_2,FOODS_1_006,2241,22.42
STORE_2,FOODS_1_006,2242,21.87
STORE_2,FOODS_1_006,2243,21.87
STORE_2,FOODS_1_006,2244,21.87
STORE_2,FOODS_1_006,2245,18.33
STORE_2,FOODS_1_006,2246,18.33
STORE_2,FOODS_1_006,2247,18.33
STORE_2,FOODS_1_006,2248,18.33
STORE_2,FOODS_1_006,2249,18.33
STORE_2,FOODS_1_006,2250,18.33
STORE_2,FOODS_1_006,2251,18.33
STORE_2,FOODS_1_006,2352,18.33
STORE_2,FOODS_1_006,2301,23.18
STORE_2,FOODS_1_006,2302,23.18
STORE_2,FOODS_1_006,2303,23.18
STORE_2,FOODS_1_006,2304,23.18
STORE_2,FOODS_1_006,2305,23.18
STORE_2,FOODS_1_006,2306,23.18
STORE_2,FOODS_1_006,2307,23.18
STORE_2,FOODS_1_006,2308,23.18
STORE_2,FOODS_1_006,2309,23.18
STORE_2,FOODS_1_006,2310,23.18
STORE_2,FOODS_1_006,2311,24.16
STORE_2,FOODS_1_006,2312,24.16
STORE_2,FOODS_1_006,2313,24.16
STORE_2,FOODS_1_006,2314,24.16
STORE_2,FOODS_1_006,2315,24.16
STORE_2,FOODS_1_006,2316,24.16
STORE_2,FOODS_1_006,2317,24.16
STORE_2,FOODS_1_006,2318,24.16
STORE_2,FOODS_1_006,2319,24.16
STORE_2,FOODS_1_006,2320,24.16
STORE_2,FOODS_1_006,2321,24.16
STORE_2,FOODS_1_006,2322,24.16
STORE_2,FOODS_1_006,2323,24.16
STORE_2,FOODS_1_006,2324,24.16
STORE_2,FOODS_1_006,2325,24.16
STORE_2,FOODS_1_006,2326,24.16
STORE_2,FOODS_1_006,2327,24.16
STORE_2,FOODS_1_006,2328,24.16
STORE_2,FOODS_1_006,2329,24.16
STORE_2,FOODS_1_006,2330,24.16
STORE_2,FOODS_1_006,2331,24.16
STORE_2,FOODS_1_006,2332,24.16
STORE_2,FOODS_1_006,2333,24.16
STORE_2,FOODS_1_006,2334,24.16
STORE_2,FOODS_1_006,2335,24.16
STORE_2,FOODS_1_006,2336,24.16
STORE_2,FOODS_1_006,2337,24.16
STORE_2,FOODS_1_006,2338,19.53
STORE_2,FOODS_1_006,2339,19.53
STORE_2,FOODS_1_006,2340,19.53
STORE_2,FOODS_1_006,2341,19.53
STORE_2,FOODS_1_006,2342,19.53
STORE_2,FOODS_1_006,2343,19.53
STORE_2,FOODS_1_006,2344,19.53
STORE_2,FOODS_1_006,2345,19.53
STORE_2,FOODS_1_006,2346,19.53
STORE_2,FOODS_1_006,2347,19.53
STORE_2,FOODS_1_006,2348,19.53
STORE_2,FOODS_1_006,2349,19.53
STORE_2,FOODS_1_006,2350,19.53
STORE_2,FOODS_1_006,2351,19.53
STORE_2,FOODS_1_006,2401,19.53
STORE_2,FOODS_1_006,2402,19.53
STORE_2,FOODS_1_006,2403,19.53
STORE_2,FOODS_1_006,2404,18.39
STORE_2,FOODS_1_006,2405,18.39
STORE_2,FOODS_1_006,2406,18.39
STORE_2,FOODS_1_006,2407,18.39
STORE_2,FOODS_1_006,2408,18.39
STORE_2,FOODS_1_006,2409,18.39
STORE_2,FOODS_1_006,2410,18.39
STORE_2,FOODS_1_006,2411,18.39
STORE_2,FOODS_1_006,2412,18.39
STORE_2,FOODS_1_006,2413,18.39
STORE_2,FOODS_1_006,2414,18.39
STORE_2,FOODS_1_006,2415,18.39
STORE_2,FOODS_1_006,2416,18.39
STORE_2,FOODS_1_006,2417,18.39
STORE_2,FOODS_1_006,2418,18.39
STORE_2,FOODS_1_006,2419,18.39
STORE_2,FOODS_1_006,2420,18.39
STORE_2,FOODS_1_006,2421,18.39
STORE_2,FOODS_1_006,2422,18.39
STORE_2,FOODS_1_006,2423,18.39
STORE_2,FOODS_1_006,2424,18.39
STORE_2,FOODS_1_006,2425,18.39
STORE_2,FOODS_1_006,2426,18.39
STORE_2,FOODS_1_006,2427,18.39
STORE_2,FOODS_1_006,2428,18.39
STORE_2,FOODS_1_006,2429,18.39
STORE_2,FOODS_1_006,2430,18.39
STORE_2,FOODS_1_006,2431,18.39
STORE_2,FOODS_1_006,2432,18.39
STORE_2,FOODS_1_006,2433,18.39
STORE_2,FOODS_1_006,2434,18.39
STORE_2,FOODS_1_006,2435,18.39
STORE_2,FOODS_1_006,2436,18.39
STORE_2,FOODS_1_006,2437,18.39
STORE_2,FOODS_1_006,2438,18.39
STORE_2,FOODS_1_006,2439,18.39
STORE_2,FOODS_1_006,2440,18.39
STORE_2,FOODS_1_006,2441,18.39
STORE_2,FOODS_1_006,2442,18.39
STORE_2,FOODS_1_006,2443,18.39
STORE_2,FOODS_1_006,2444,18.39
STORE_2,FOODS_1_006,2445,18.39
STORE_2,FOODS_1_006,2446,18.39
STORE_2,FOODS_1_006,2447,18.39
STORE_2,FOODS_1_006,2448,18.39
STORE_2,FOODS_1_006,2449,18.39
STORE_2,FOODS_1_006,2450,18.39
STORE_2,FOODS_1_006,2451,18.39
STORE_2,FOODS_1_006,2452,18.39
STORE_2,FOODS_1_006,2501,18.39
STORE_2,FOODS_1_006,2502,18.39
STORE_2,FOODS_1_006,2503,18.39
STORE_2,FOODS_1_006,2504,18.39
STORE_2,FOODS_1_006,2505,18.39
STORE_2,FOODS_1_007,2252,29.49
STORE_2,FOODS_1_007,2201,29.49
STORE_2,FOODS_1_007,2202,29.49
STORE_2,FOODS_1_007,2203,29.49
STORE_2,FOODS_1_007,2204,29.49
STORE_2,FOODS_1_007,2205,29.49
STORE_2,FOODS_1_007,2206,29.49
STORE_2,FOODS_1_007,2207,29.49
STORE_2,FOODS_1_007,2208,29.49
STORE_2,FOODS_1_007,2209,29.49
STORE_2,FOODS_1_007,2210,29.49
STORE_2,FOODS_1_007,2211,29.49
STORE_2,FOODS_1_007,2212,29.49
STORE_2,FOODS_1_007,2213,29.49
STORE_2,FOODS_1_007,2214,29.49
STORE_2,FOODS_1_007,2215,29.49
STORE_2,FOODS_1_007,2216,29.49
STORE_2,FOODS_1_007,2217,29.49
STORE_2,FOODS_1_007,2218,29.49
STORE_2,FOODS_1_007,2219,29.49
STORE_2,FOODS_1_007,2220,29.49
STORE_2,FOODS_1_007,2221,29.49
STORE_2,FOODS_1_007,2222,29.49
STORE_2,FOODS_1_007,2223,22.73
STORE_2,FOODS_1_007,2224,22.73
STORE_2,FOODS_1_007,2225,22.73
STORE_2,FOODS_1_007,2226,22.73
STORE_2,FOODS_1_007,2227,22.73
STORE_2,FOODS_1_007,2228,22.73
STORE_2,FOODS_1_007,2229,22.73
STORE_2,FOODS_1_007,2230,22.73
STORE_2,FOODS_1_007,2231,22.73
STORE_2,FOODS_1_007,2232,22.73
STORE_2,FOODS_1_007,2233,22.73
STORE_2,FOODS_1_007,2234,22.73
STORE_2,FOODS_1_007,2235,22.73
STORE_2,FOODS_1_007,2236,22.73
STORE_2,FOODS_1_007,2237,22.73
STORE_2,FOODS_1_007,2238,22.73
STORE_2,FOODS_1_007,2239,22.73
STORE_2,FOODS_1_007,2240,22.73
STORE_2,FOODS_1_007,2241,22.73
STORE_2,FOODS_1_007,2242,22.73
STORE_2,FOODS_1_007,2243,22.73
STORE_2,FOODS_1_007,2244,22.73
STORE_2,FOODS_1_007,2245,22.73
STORE_2,FOODS_1_007,2246,22.73
STORE_2,FOODS_1_007,2247,22.73
STORE_2,FOODS_1_007,2248,22.73
STORE_2,FOODS_1_007,2249,22.73
STORE_2,FOODS_1_007,2250,22.73
STORE_2,FOODS_1_007,2251,22.73
STORE_2,FOODS_1_007,2352,22.73
STORE_2,FOODS_1_007,2301,22.73
STORE_2,FOODS_1_007,2302,23.35
STORE_2,FOODS_1_007,2303,23.35
STORE_2,FOODS_1_007,2304,23.35
STORE_2,FOODS_1_007,2305,23.35
STORE_2,FOODS_1_007,2306,23.35
STORE_2,FOODS_1_007,2307,23.35
STORE_2,FOODS_1_007,2308,23.35
STORE_2,FOODS_1_007,2309,23.35
STORE_2,FOODS_1_007,2310,31.67
STORE_2,FOODS_1_007,2311,31.67
STORE_2,FOODS_1_007,2312,31.67
STORE_2,FOODS_1_007,2313,31.67
STORE_2,FOODS_1_007,2314,31.67
STORE_2,FOODS_1_007,2315,31.67
STORE_2,FOODS_1_007,2316,31.67
STORE_2,FOODS_1_007,2317,31.67
STORE_2,FOODS_1_007,2318,31.67
STORE_2,FOODS_1_007,2319,31.67
STORE_2,FOODS_1_007,2320,31.67
STORE_2,FOODS_1_007,2321,28.33
STORE_2,FOODS_1_007,2322,28.33
STORE_2,FOODS_1_007,2323,28.33
STORE_2,FOODS_1_007,2324,28.33
STORE_2,FOODS_1_007,2325,28.33
STORE_2,FOODS_1_007,2326,28.33
STORE_2,FOODS_1_007,2327,28.33
STORE_2,FOODS_1_007,2328,28.33
STORE_2,FOODS_1_007,2329,28.33
STORE_2,FOODS_1_007,2330,28.33
STORE_2,FOODS_1_007,2331,28.33
STORE_2,FOODS_1_007,2332,28.33
STORE_2,FOODS_1_007,2333,28.33
STORE_2,FOODS_1_007,2334,28.33
STORE_2,FOODS_1_007,2335,28.33
STORE_2,FOODS_1_007,2336,28.33
STORE_2,FOODS_1_007,2337,28.33
STORE_2,FOODS_1_007,2338,28.33
STORE_2,FOODS_1_007,2339,28.33
STORE_2,FOODS_1_007,2340,28.33
STORE_2,FOODS_1_007,2341,28.33
STORE_2,FOODS_1_007,2342,28.33
STORE_2,FOODS_1_007,2343,28.33
STORE_2,FOODS_1_007,2344,28.33
STORE_2,FOODS_1_007,2345,28.33
STORE_2,FOODS_1_007,2346,28.33
STORE_2,FOODS_1_007,2347,28.33
STORE_2,FOODS_1_007,2348,28.33
STORE_2,FOODS_1_007,2349,28.33
STORE_2,FOODS_1_007,2350,28.33
STORE_2,FOODS_1_007,2351,28.33
STORE_2,FOODS_1_007,2401,28.33
STORE_2,FOODS_1_007,2402,28.33
STORE_2,FOODS_1_007,2403,28.33
STORE_2,FOODS_1_007,2404,28.33
STORE_2,FOODS_1_007,2405,28.33
STORE_2,FOODS_1_007,2406,28.33
STORE_2,FOODS_1_007,2407,28.33
STORE_2,FOODS_1_007,2408,28.33
STORE_2,FOODS_1_007,2409,28.33
STORE_2,FOODS_1_007,2410,28.33
STORE_2,FOODS_1_007,2411,28.33
STORE_2,FOODS_1_007,2412,28.33
STORE_2,FOODS_1_007,2413,28.33
STORE_2,FOODS_1_007,2414,28.33
STORE_2,FOODS_1_007,2415,28.33
STORE_2,FOODS_1_007,2416,28.33
STORE_2,FOODS_1_007,2417,28.33
STORE_2,FOODS_1_007,2418,28.33
STORE_2,FOODS_1_007,2419,28.33
STORE_2,FOODS_1_007,2420,28.33
STORE_2,FOODS_1_007,2421,28.33
STORE_2,FOODS_1_007,2422,28.33
STORE_2,FOODS_1_007,2423,28.33
STORE_2,FOODS_1_007,2424,28.33
STORE_2,FOODS_1_007,2425,28.33
STORE_2,FOODS_1_007,2426,28.33
STORE_2,FOODS_1_007,2427,28.33
STORE_2,FOODS_1_007,2428,28.33
STORE_2,FOODS_1_007,2429,28.33
STORE_2,FOODS_1_007,2430,28.33
STORE_2,FOODS_1_007,2431,28.33
STORE_2,FOODS_1_007,2432,28.33
STORE_2,FOODS_1_007,2433,28.33
STORE_2,FOODS_1_007,2434,28.33
STORE_2,FOODS_1_007,2435,28.33
STORE_2,FOODS_1_007,2436,28.33
STORE_2,FOODS_1_007,2437,28.33
STORE_2,FOODS_1_007,2438,28.33
STORE_2,FOODS_1_007,2439,28.33
STORE_2,FOODS_1_007,2440,28.33
STORE_2,FOODS_1_007,2441,28.33
STORE_2,FOODS_1_007,2442,28.33
STORE_2,FOODS_1_007,2443,28.33
STORE_2,FOODS_1_007,2444,28.33
STORE_2,FOODS_1_007,2445,28.33
STORE_2,FOODS_1_007,2446,28.33
STORE_2,FOODS_1_007,2447,28.33
STORE_2,FOODS_1_007,2448,28.33
STORE_2,FOODS_1_007,2449,28.33
STORE_2,FOODS_1_007,2450,28.33
STORE_2,FOODS_1_007,2451,28.33
STORE_2,FOODS_1_007,2452,28.33
STORE_2,FOODS_1_007,2501,28.33
STORE_2,FOODS_1_007,2502,28.33
STORE_2,FOODS_1_007,2503,28.33
STORE_2,FOODS_1_007,2504,28.33
STORE_2,FOODS_1_007,2505,28.33
STORE_2,FOODS_1_008,2252,7.44
STORE_2,FOODS_1_008,2201,7.44
STORE_2,FOODS_1_008,2202,7.44
STORE_2,FOODS_1_008,2203,7.44
STORE_2,FOODS_1_008,2204,7.44
STORE_2,FOODS_1_008,2205,7.44
STORE_2,FOODS_1_008,2206,7.44
STORE_2,FOODS_1_008,2207,7.44
STORE_2,FOODS_1_008,2208,7.44
STORE_2,FOODS_1_008,2209,7.44
STORE_2,FOODS_1_008,2210,7.44
STORE_2,FOODS_1_008,2211,7.44
STORE_2,FOODS_1_008,2212,7.44
STORE_2,FOODS_1_008,2213,7.44
STORE_2,FOODS_1_008,2214,7.44
STORE_2,FOODS_1_008,2215,7.44
STORE_2,FOODS_1_008,2216,7.44
STORE_2,FOODS_1_008,2217,7.44
STORE_2,FOODS_1_008,2218,8.04
STORE_2,FOODS_1_008,2219,8.04
STORE_2,FOODS_1_008,2220,8.04
STORE_2,FOODS_1_008,2221,8.04
STORE_2,FOODS_1_008,2222,8.04
STORE_2,FOODS_1_008,2223,8.04
STORE_2,FOODS_1_008,2224,8.04
STORE_2,FOODS_1_008,2225,8.04
STORE_2,FOODS_1_008,2226,8.04
STORE_2,FOODS_1_008,2227,8.04
STORE_2,FOODS_1_008,2228,8.04
STORE_2,FOODS_1_008,2229,8.04
STORE_2,FOODS_1_008,2230,8.04
STORE_2,FOODS_1_008,2231,8.04
STORE_2,FOODS_1_008,2232,8.04
STORE_2,FOODS_1_008,2233,8.04
STORE_2,FOODS_1_008,2234,8.04
STORE_2,FOODS_1_008,2235,8.04
STORE_2,FOODS_1_008,2236,8.04
STORE_2,FOODS_1_008,2237,8.04
STORE_2,FOODS_1_008,2238,8.04
STORE_2,FOODS_1_008,2239,8.04
STORE_2,FOODS_1_008,2240,8.04
STORE_2,FOODS_1_008,2241,8.04
STORE_2,FOODS_1_008,2242,8.04
STORE_2,FOODS_1_008,2243,8.04
STORE_2,FOODS_1_008,2244,8.04
STORE_2,FOODS_1_008,2245,8.04
STORE_2,FOODS_1_008,2246,8.04
STORE_2,FOODS_1_008,2247,8.04
STORE_2,FOODS_1_008,2248,8.04
STORE_2,FOODS_1_008,2249,8.04
STORE_2,FOODS_1_008,2250,8.04
STORE_2,FOODS_1_008,2251,8.04
STORE_2,FOODS_1_008,2352,8.04
STORE_2,FOODS_1_008,2301,8.04
STORE_2,FOODS_1_008,2302,8.04
STORE_2,FOODS_1_008,2303,8.04
STORE_2,FOODS_1_008,2304,8.04
STORE_2,FOODS_1_008,2305,8.04
STORE_2,FOODS_1_008,2306,8.04
STORE_2,FOODS_1_008,2307,8.04
STORE_2,FOODS_1_008,2308,8.04
STORE_2,FOODS_1_008,2309,8.04
STORE_2,FOODS_1_008,2310,8.04
STORE_2,FOODS_1_008,2311,8.04
STORE_2,FOODS_1_008,2312,8.04
STORE_2,FOODS_1_008,2313,8.04
STORE_2,FOODS_1_008,2314,8.04
STORE_2,FOODS_1_008,2315,8.04
STORE_2,FOODS_1_008,2316,8.04
STORE_2,FOODS_1_008,2317,8.04
STORE_2,FOODS_1_008,2318,8.04
STORE_2,FOODS_1_008,2319,8.04
STORE_2,FOODS_1_008,2320,8.04
STORE_2,FOODS_1_008,2321,8.04
STORE_2,FOODS_1_008,2322,8.04
STORE_2,FOODS_1_008,2323,8.04
STORE_2,FOODS_1_008,2324,8.04
STORE_2,FOODS_1_008,2325,8.04
STORE_2,FOODS_1_008,2326,8.04
STORE_2,FOODS_1_008,2327,8.04
STORE_2,FOODS_1_008,2328,8.04
STORE_2,FOODS_1_008,2329,8.04
STORE_2,FOODS_1_008,2330,8.04
STORE_2,FOODS_1_008,2331,8.04
STORE_2,FOODS_1_008,2332,8.04
STORE_2,FOODS_1_008,2333,8.04
STORE_2,FOODS_1_008,2334,8.04
STORE_2,FOODS_1_008,2335,8.04
STORE_2,FOODS_1_008,2336,8.04
STORE_2,FOODS_1_008,2337,8.04
STORE_2,FOODS_1_008,2338,8.04
STORE_2,FOODS_1_008,2339,8.04
STORE_2,FOODS_1_008,2340,8.04
STORE_2,FOODS_1_008,2341,8.04
STORE_2,FOODS_1_008,2342,8.04
STORE_2,FOODS_1_008,2343,8.04
STORE_2,FOODS_1_008,2344,8.04
STORE_2,FOODS_1_008,2345,8.04
STORE_2,FOODS_1_008,2346,8.04
STORE_2,FOODS_1_008,2347,8.04
STORE_2,FOODS_1_008,2348,8.04
STORE_2,FOODS_1_008,2349,8.04
STORE_2,FOODS_1_008,2350,8.04
STORE_2,FOODS_1_008,2351,8.04
STORE_2,FOODS_1_008,2401,8.04
STORE_2,FOODS_1_008,2402,8.04
STORE_2,FOODS_1_008,2403,8.04
STORE_2,FOODS_1_008,2404,8.04
STORE_2,FOODS_1_008,2405,8.04
STORE_2,FOODS_1_008,2406,8.04
STORE_2,FOODS_1_008,2407,8.04
STORE_2,FOODS_1_008,2408,8.04
STORE_2,FOODS_1_008,2409,8.04
STORE_2,FOODS_1_008,2410,8.04
STORE_2,FOODS_1_008,2411,8.04
STORE_2,FOODS_1_008,2412,8.04
STORE_2,FOODS_1_008,2413,8.04
STORE_2,FOODS_1_008,2414,8.04
STORE_2,FOODS_1_008,2415,8.04
STORE_2,FOODS_1_008,2416,8.04
STORE_2,FOODS_1_008,2417,8.04
STORE_2,FOODS_1_008,2418,8.04
STORE_2,FOODS_1_008,2419,8.04
STORE_2,FOODS_1_008,2420,8.04
STORE_2,FOODS_1_008,2421,8.04
STORE_2,FOODS_1_008,2422,8.04
STORE_2,FOODS_1_008,2423,8.04
STORE_2,FOODS_1_008,2424,8.04
STORE_2,FOODS_1_008,2425,8.04
STORE_2,FOODS_1_008,2426,8.04
STORE_2,FOODS_1_008,2427,8.04
STORE_2,FOODS_1_008,2428,8.04
STORE_2,FOODS_1_008,2429,8.04
STORE_2,FOODS_1_008,2430,8.04
STORE_2,FOODS_1_008,2431,6.0
STORE_2,FOODS_1_008,2432,6.0
STORE_2,FOODS_1_008,2433,6.0
STORE_2,FOODS_1_008,2434,6.0
STORE_2,FOODS_1_008,2435,6.0
STORE_2,FOODS_1_008,2436,6.0
STORE_2,FOODS_1_008,2437,6.0
STORE_2,FOODS_1_008,2438,6.0
STORE_2,FOODS_1_008,2439,6.0
STORE_2,FOODS_1_008,2440,6.0
STORE_2,FOODS_1_008,2441,6.0
STORE_2,FOODS_1_008,2442,8.28
STORE_2,FOODS_1_008,2443,8.28
STORE_2,FOODS_1_008,2444,8.28
STORE_2,FOODS_1_008,2445,8.28
STORE_2,FOODS_1_008,2446,8.28
STORE_2,FOODS_1_008,2447,8.28
STORE_2,FOODS_1_008,2448,8.28
STORE_2,FOODS_1_008,2449,8.28
STORE_2,FOODS_1_008,2450,8.28
STORE_2,FOODS_1_008,2451,8.28
STORE_2,FOODS_1_008,2452,8.21
STORE_2,FOODS_1_008,2501,8.21
STORE_2,FOODS_1_008,2502,8.21
STORE_2,FOODS_1_008,2503,8.21
STORE_2,FOODS_1_008,2504,8.21
STORE_2,FOODS_1_008,2505,8.21
STORE_2,FOODS_2_001,2252,52.78
STORE_2,FOODS_2_001,2201,52.78
STORE_2,FOODS_2_001,2202,52.78
STORE_2,FOODS_2_001,2203,52.78
STORE_2,FOODS_2_001,2204,52.78
STORE_2,FOODS_2_001,2205,52.78
STORE_2,FOODS_2_001,2206,52.78
STORE_2,FOODS_2_001,2207,52.78
STORE_2,FOODS_2_001,2208,52.66
STORE_2,FOODS_2_001,2209,52.66
STORE_2,FOODS_2_001,2210,52.66
STORE_2,FOODS_2_001,2211,52.66
STORE_2,FOODS_2_001,2212,52.66
STORE_2,FOODS_2_001,2213,52.66
STORE_2,FOODS_2_001,2214,52.66
STORE_2,FOODS_2_001,2215,52.66
STORE_2,FOODS_2_001,2216,52.66
STORE_2,FOODS_2_001,2217,52.66
STORE_2,FOODS_2_001,2218,52.66
STORE_2,FOODS_2_001,2219,52.66
STORE_2,FOODS_2_001,2220,52.66
STORE_2,FOODS_2_001,2221,52.66
STORE_2,FOODS_2_001,2222,43.27
STORE_2,FOODS_2_001,2223,43.27
STORE_2,FOODS_2_001,2224,43.27
STORE_2,FOODS_2_001,2225,43.27
STORE_2,FOODS_2_001,2226,43.27
STORE_2,FOODS_2_001,2227,43.27
STORE_2,FOODS_2_001,2228,43.27
STORE_2,FOODS_2_001,2229,43.27
STORE_2,FOODS_2_001,2230,43.27
STORE_2,FOODS_2_001,2231,43.27
STORE_2,FOODS_2_001,2232,43.27
STORE_2,FOODS_2_001,2233,43.27
STORE_2,FOODS_2_001,2234,43.27
STORE_2,FOODS_2_001,2235,43.27
STORE_2,FOODS_2_001,2236,43.27
STORE_2,FOODS_2_001,2237,43.27
STORE_2,FOODS_2_001,2238,43.27
STORE_2,FOODS_2_001,2239,43.27
STORE_2,FOODS_2_001,2240,43.27
STORE_2,FOODS_2_001,2241,43.27
STORE_2,FOODS_2_001,2242,43.27
STORE_2,FOODS_2_001,2243,43.27
STORE_2,FOODS_2_001,2244,43.27
STORE_2,FOODS_2_001,2245,43.27
STORE_2,FOODS_2_001,2246,43.27
STORE_2,FOODS_2_001,2247,43.27
STORE_2,FOODS_2_001,2248,43.27
STORE_2,FOODS_2_001,2249,43.27
STORE_2,FOODS_2_001,2250,43.27
STORE_2,FOODS_2_001,2251,43.27
STORE_2,FOODS_2_001,2352,43.27
STORE_2,FOODS_2_001,2301,43.27
STORE_2,FOODS_2_001,2302,43.27
STORE_2,FOODS_2_001,2303,43.27
STORE_2,FOODS_2_001,2304,43.27
STORE_2,FOODS_2_001,2305,43.27
STORE_2,FOODS_2_001,2306,43.27
STORE_2,FOODS_2_001,2307,43.27
STORE_2,FOODS_2_001,2308,43.27
STORE_2,FOODS_2_001,2309,43.27
STORE_2,FOODS_2_001,2310,43.27
STORE_2,FOODS_2_001,2311,43.27
STORE_2,FOODS_2_001,2312,43.27
STORE_2,FOODS_2_001,2313,43.27
STORE_2,FOODS_2_001,2314,43.27
STORE_2,FOODS_2_001,2315,43.27
STORE_2,FOODS_2_001,2316,43.27
STORE_2,FOODS_2_001,2317,43.27
STORE_2,FOODS_2_001,2318,43.27
STORE_2,FOODS_2_001,2319,43.27
STORE_2,FOODS_2_001,2320,43.27
STORE_2,FOODS_2_001,2321,43.27
STORE_2,FOODS_2_001,2322,43.27
STORE_2,FOODS_2_001,2323,43.27
STORE_2,FOODS_2_001,2324,43.27
STORE_2,FOODS_2_001,2325,43.27
STORE_2,FOODS_2_001,2326,43.27
STORE_2,FOODS_2_001,2327,43.27
STORE_2,FOODS_2_001,2328,43.27
STORE_2,FOODS_2_001,2329,43.27
STORE_2,FOODS_2_001,2330,43.27
STORE_2,FOODS_2_001,2331,43.27
STORE_2,FOODS_2_001,2332,43.27
STORE_2,FOODS_2_001,2333,43.27
STORE_2,FOODS_2_001,2334,43.27
STORE_2,FOODS_2_001,2335,43.27
STORE_2,FOODS_2_001,2336,43.27
STORE_2,FOODS_2_001,2337,43.27
STORE_2,FOODS_2_001,2338,43.27
STORE_2,FOODS_2_001,2339,43.27
STORE_2,FOODS_2_001,2340,43.27
STORE_2,FOODS_2_001,2341,43.27
STORE_2,FOODS_2_001,2342,43.27
STORE_2,FOODS_2_001,2343,43.27
STORE_2,FOODS_2_001,2344,43.27
STORE_2,FOODS_2_001,2345,43.27
STORE_2,FOODS_2_001,2346,43.27
STORE_2,FOODS_2_001,2347,43.27
STORE_2,FOODS_2_001,2348,43.27
STORE_2,FOODS_2_001,2349,43.27
STORE_2,FOODS_2_001,2350,43.27
STORE_2,FOODS_2_001,2351,43.27
STORE_2,FOODS_2_001,2401,43.27
STORE_2,FOODS_2_001,2402,43.27
STORE_2,FOODS_2_001,2403,43.27
STORE_2,FOODS_2_001,2404,43.27
STORE_2,FOODS_2_001,2405,43.27
STORE_2,FOODS_2_001,2406,43.27
STORE_2,FOODS_2_001,2407,43.27
STORE_2,FOODS_2_001,2408,43.27
STORE_2,FOODS_2_001,2409,43.27
STORE_2,FOODS_2_001,2410,43.27
STORE_2,FOODS_2_001,2411,43.27
STORE_2,FOODS_2_001,2412,43.27
STORE_2,FOODS_2_001,2413,43.27
STORE_2,FOODS_2_001,2414,43.27
STORE_2,FOODS_2_001,2415,43.27
STORE_2,FOODS_2_001,2416,43.27
STORE_2,FOODS_2_001,2417,43.27
STORE_2,FOODS_2_001,2418,43.27
STORE_2,FOODS_2_001,2419,43.27
STORE_2,FOODS_2_001,2420,43.27
STORE_2,FOODS_2_001,2421,43.27
STORE_2,FOODS_2_001,2422,43.27
STORE_2,FOODS_2_001,2423,43.27
STORE_2,FOODS_2_001,2424,43.27
STORE_2,FOODS_2_001,2425,43.27
STORE_2,FOODS_2_001,2426,43.27
STORE_2,FOODS_2_001,2427,43.27
STORE_2,FOODS_2_001,2428,43.27
STORE_2,FOODS_2_001,2429,43.27
STORE_2,FOODS_2_001,2430,44.39
STORE_2,FOODS_2_001,2431,44.39
STORE_2,FOODS_2_001,2432,44.39
STORE_2,FOODS_2_001,2433,44.39
STORE_2,FOODS_2_001,2434,44.39
STORE_2,FOODS_2_001,2435,44.39
STORE_2,FOODS_2_001,2436,44.39
STORE_2,FOODS_2_001,2437,44.39
STORE_2,FOODS_2_001,2438,54.2
STORE_2,FOODS_2_001,2439,54.2
STORE_2,FOODS_2_001,2440,54.2
STORE_2,FOODS_2_001,2441,54.2
STORE_2,FOODS_2_001,2442,54.2
STORE_2,FOODS_2_001,2443,54.2
STORE_2,FOODS_2_001,2444,54.2
STORE_2,FOODS_2_001,2445,54.2
STORE_2,FOODS_2_001,2446,54.2
STORE_2,FOODS_2_001,2447,54.2
STORE_2,FOODS_2_001,2448,54.2
STORE_2,FOODS_2_001,2449,54.2
STORE_2,FOODS_2_001,2450,54.2
STORE_2,FOODS_2_001,2451,54.2
STORE_2,FOODS_2_001,2452,54.2
STORE_2,FOODS_2_001,2501,54.2
STORE_2,FOODS_2_001,2502,54.2
STORE_2,FOODS_2_001,2503,44.75
STORE_2,FOODS_2_001,2504,44.75
STORE_2,FOODS_2_001,2505,44.75
STORE_2,FOODS_2_002,2252,47.69
STORE_2,FOODS_2_002,2201,47.69
STORE_2,FOODS_2_002,2202,47.69
STORE_2,FOODS_2_002,2203,47.69
STORE_2,FOODS_2_002,2204,47.69
STORE_2,FOODS_2_002,2205,47.69
STORE_2,FOODS_2_002,2206,47.69
STORE_2,FOODS_2_002,2207,47.69
STORE_2,FOODS_2_002,2208,47.69
STORE_2,FOODS_2_002,2209,47.69
STORE_2,FOODS_2_002,2210,47.69
STORE_2,FOODS_2_002,2211,47.69
STORE_2,FOODS_2_002,2212,47.69
STORE_2,FOODS_2_002,2213,47.69
STORE_2,FOODS_2_002,2214,47.69
STORE_2,FOODS_2_002,2215,47.69
STORE_2,FOODS_2_002,2216,47.69
STORE_2,FOODS_2_002,2217,47.69
STORE_2,FOODS_2_002,2218,47.69
STORE_2,FOODS_2_002,2219,47.69
STORE_2,FOODS_2_002,2220,47.69
STORE_2,FOODS_2_002,2221,47.69
STORE_2,FOODS_2_002,2222,47.69
STORE_2,FOODS_2_002,2223,47.69
STORE_2,FOODS_2_002,2224,47.69
STORE_2,FOODS_2_002,2225,47.69
STORE_2,FOODS_2_002,2226,47.69
STORE_2,FOODS_2_002,2227,47.69
STORE_2,FOODS_2_002,2228,47.69
STORE_2,FOODS_2_002,2229,47.69
STORE_2,FOODS_2_002,2230,47.69
STORE_2,FOODS_2_002,2231,47.69
STORE_2,FOODS_2_002,2232,47.69
STORE_2,FOODS_2_002,2233,47.69
STORE_2,FOODS_2_002,2234,47.69
STORE_2,FOODS_2_002,2235,47.69
STORE_2,FOODS_2_002,2236,47.69
STORE_2,FOODS_2_002,2237,47.69
STORE_2,FOODS_2_002,2238,47.69
STORE_2,FOODS_2_002,2239,47.69
STORE_2,FOODS_2_002,2240,47.69
STORE_2,FOODS_2_002,2241,47.69
STORE_2,FOODS_2_002,2242,47.69
STORE_2,FOODS_2_002,2243,47.69
STORE_2,FOODS_2_002,2244,47.69
STORE_2,FOODS_2_002,2245,47.69
STORE_2,FOODS_2_002,2246,47.69
STORE_2,FOODS_2_002,2247,47.69
STORE_2,FOODS_2_002,2248,47.69
STORE_2,FOODS_2_002,2249,47.69
STORE_2,FOODS_2_002,2250,47.69
STORE_2,FOODS_2_002,2251,47.69
STORE_2,FOODS_2_002,2352,47.69
STORE_2,FOODS_2_002,2301,47.69
STORE_2,FOODS_2_002,2302,47.69
STORE_2,FOODS_2_002,2303,47.69
STORE_2,FOODS_2_002,2304,47.69
STORE_2,FOODS_2_002,2305,47.69
STORE_2,FOODS_2_002,2306,47.69
STORE_2,FOODS_2_002,2307,47.69
STORE_2,FOODS_2_002,2308,47.69
STORE_2,FOODS_2_002,2309,47.69
STORE_2,FOODS_2_002,2310,47.69
STORE_2,FOODS_2_002,2311,47.69
STORE_2,FOODS_2_002,2312,47.69
STORE_2,FOODS_2_002,2313,47.69
STORE_2,FOODS_2_002,2314,47.69
STORE_2,FOODS_2_002,2315,47.69
STORE_2,FOODS_2_002,2316,47.69
STORE_2,FOODS_2_002,2317,47.69
STORE_2,FOODS_2_002,2318,47.69
STORE_2,FOODS_2_002,2319,47.69
STORE_2,FOODS_2_002,2320,47.69
STORE_2,FOODS_2_002,2321,47.69
STORE_2,FOODS_2_002,2322,47.69
STORE_2,FOODS_2_002,2323,47.69
STORE_2,FOODS_2_002,2324,47.69
STORE_2,FOODS_2_002,2325,47.69
STORE_2,FOODS_2_002,2326,47.69
STORE_2,FOODS_2_002,2327,47.69
STORE_2,FOODS_2_002,2328,47.69
STORE_2,FOODS_2_002,2329,47.69
STORE_2,FOODS_2_002,2330,47.69
STORE_2,FOODS_2_002,2331,47.69
STORE_2,FOODS_2_002,2332,47.69
STORE_2,FOODS_2_002,2333,47.69
STORE_2,FOODS_2_002,2334,47.69
STORE_2,FOODS_2_002,2335,47.69
STORE_2,FOODS_2_002,2336,47.69
STORE_2,FOODS_2_002,2337,47.69
STORE_2,FOODS_2_002,2338,47.69
STORE_2,FOODS_2_002,2339,47.69
STORE_2,FOODS_2_002,2340,49.52
STORE_2,FOODS_2_002,2341,49.52
STORE_2,FOODS_2_002,2342,49.52
STORE_2,FOODS_2_002,2343,49.52
STORE_2,FOODS_2_002,2344,49.52
STORE_2,FOODS_2_002,2345,49.52
STORE_2,FOODS_2_002,2346,49.52
STORE_2,FOODS_2_002,2347,49.52
STORE_2,FOODS_2_002,2348,49.52
STORE_2,FOODS_2_002,2349,49.52
STORE_2,FOODS_2_002,2350,49.52
STORE_2,FOODS_2_002,2351,49.52
STORE_2,FOODS_2_002,2401,49.52
STORE_2,FOODS_2_002,2402,50.81
STORE_2,FOODS_2_002,2403,50.81
STORE_2,FOODS_2_002,2404,50.81
STORE_2,FOODS_2_002,2405,50.81
STORE_2,FOODS_2_002,2406,50.81
STORE_2,FOODS_2_002,2407,50.81
STORE_2,FOODS_2_002,2408,50.81
STORE_2,FOODS_2_002,2409,50.81
STORE_2,FOODS_2_002,2410,50.81
STORE_2,FOODS_2_002,2411,40.02
STORE_2,FOODS_2_002,2412,40.02
STORE_2,FOODS_2_002,2413,40.02
STORE_2,FOODS_2_002,2414,45.17
STORE_2,FOODS_2_002,2415,45.17
STORE_2,FOODS_2_002,2416,45.17
STORE_2,FOODS_2_002,2417,45.17
STORE_2,FOODS_2_002,2418,45.17
STORE_2,FOODS_2_002,2419,45.17
STORE_2,FOODS_2_002,2420,45.17
STORE_2,FOODS_2_002,2421,45.17
STORE_2,FOODS_2_002,2422,45.17
STORE_2,FOODS_2_002,2423,45.17
STORE_2,FOODS_2_002,2424,45.17
STORE_2,FOODS_2_002,2425,45.17
STORE_2,FOODS_2_002,2426,37.33
STORE_2,FOODS_2_002,2427,37.33
STORE_2,FOODS_2_002,2428,38.68
STORE_2,FOODS_2_002,2429,38.68
STORE_2,FOODS_2_002,2430,38.68
STORE_2,FOODS_2_002,2431,38.68
STORE_2,FOODS_2_002,2432,38.68
STORE_2,FOODS_2_002,2433,38.68
STORE_2,FOODS_2_002,2434,38.68
STORE_2,FOODS_2_002,2435,38.68
STORE_2,FOODS_2_002,2436,38.68
STORE_2,FOODS_2_002,2437,38.68
STORE_2,FOODS_2_002,2438,38.68
STORE_2,FOODS_2_002,2439,38.68
STORE_2,FOODS_2_002,2440,38.68
STORE_2,FOODS_2_002,2441,38.68
STORE_2,FOODS_2_002,2442,38.68
STORE_2,FOODS_2_002,2443,36.3
STORE_2,FOODS_2_002,2444,36.3
STORE_2,FOODS_2_002,2445,36.3
STORE_2,FOODS_2_002,2446,36.3
STORE_2,FOODS_2_002,2447,54.62
STORE_2,FOODS_2_002,2448,54.62
STORE_2,FOODS_2_002,2449,54.62
STORE_2,FOODS_2_002,2450,54.62
STORE_2,FOODS_2_002,2451,54.62
STORE_2,FOODS_2_002,2452,54.62
STORE_2,FOODS_2_002,2501,54.62
STORE_2,FOODS_2_002,2502,54.62
STORE_2,FOODS_2_002,2503,54.62
STORE_2,FOODS_2_002,2504,54.62
STORE_2,FOODS_2_002,2505,52.17
STORE_2,FOODS_2_003,2252,58.84
STORE_2,FOODS_2_003,2201,58.84
STORE_2,FOODS_2_003,2202,58.84
STORE_2,FOODS_2_003,2203,58.84
STORE_2,FOODS_2_003,2204,58.84
STORE_2,FOODS_2_003,2205,58.84
STORE_2,FOODS_2_003,2206,58.84
STORE_2,FOODS_2_003,2207,58.84
STORE_2,FOODS_2_003,2208,58.84
STORE_2,FOODS_2_003,2209,58.84
STORE_2,FOODS_2_003,2210,58.84
STORE_2,FOODS_2_003,2211,58.84
STORE_2,FOODS_2_003,2212,58.84
STORE_2,FOODS_2_003,2213,58.84
STORE_2,FOODS_2_003,2214,65.28
STORE_2,FOODS_2_003,2215,65.28
STORE_2,FOODS_2_003,2216,65.28
STORE_2,FOODS_2_003,2217,65.28
STORE_2,FOODS_2_003,2218,65.28
STORE_2,FOODS_2_003,2219,65.28
STORE_2,FOODS_2_003,2220,65.28
STORE_2,FOODS_2_003,2221,65.28
STORE_2,FOODS_2_003,2222,65.28
STORE_2,FOODS_2_003,2223,65.28
STORE_2,FOODS_2_003,2224,65.28
STORE_2,FOODS_2_003,2225,65.28
STORE_2,FOODS_2_003,2226,65.28
STORE_2,FOODS_2_003,2227,65.28
STORE_2,FOODS_2_003,2228,65.28
STORE_2,FOODS_2_003,2229,65.28
STORE_2,FOODS_2_003,2230,65.28
STORE_2,FOODS_2_003,2231,65.28
STORE_2,FOODS_2_003,2232,65.28
STORE_2,FOODS_2_003,2233,65.28
STORE_2,FOODS_2_003,2234,65.28
STORE_2,FOODS_2_003,2235,65.28
STORE_2,FOODS_2_003,2236,65.28
STORE_2,FOODS_2_003,2237,65.28
STORE_2,FOODS_2_003,2238,65.28
STORE_2,FOODS_2_003,2239,65.28
STORE_2,FOODS_2_003,2240,65.28
STORE_2,FOODS_2_003,2241,65.28
STORE_2,FOODS_2_003,2242,65.28
STORE_2,FOODS_2_003,2243,65.28
STORE_2,FOODS_2_003,2244,65.28
STORE_2,FOODS_2_003,2245,65.28
STORE_2,FOODS_2_003,2246,65.28
STORE_2,FOODS_2_003,2247,65.28
STORE_2,FOODS_2_003,2248,65.28
STORE_2,FOODS_2_003,2249,65.28
STORE_2,FOODS_2_003,2250,65.28
STORE_2,FOODS_2_003,2251,65.28
STORE_2,FOODS_2_003,2352,65.28
STORE_2,FOODS_2_003,2301,65.28
STORE_2,FOODS_2_003,2302,65.28
STORE_2,FOODS_2_003,2303,65.28
STORE_2,FOODS_2_003,2304,65.28
STORE_2,FOODS_2_003,2305,65.28
STORE_2,FOODS_2_003,2306,65.28
STORE_2,FOODS_2_003,2307,65.28
STORE_2,FOODS_2_003,2308,65.28
STORE_2,FOODS_2_003,2309,65.28
STORE_2,FOODS_2_003,2310,65.28
STORE_2,FOODS_2_003,2311,65.28
STORE_2,FOODS_2_003,2312,65.28
STORE_2,FOODS_2_003,2313,65.28
STORE_2,FOODS_2_003,2314,65.28
STORE_2,FOODS_2_003,2315,65.28
STORE_2,FOODS_2_003,2316,65.28
STORE_2,FOODS_2_003,2317,65.28
STORE_2,FOODS_2_003,2318,65.28
STORE_2,FOODS_2_003,2319,65.28
STORE_2,FOODS_2_003,2320,65.28
STORE_2,FOODS_2_003,2321,65.28
STORE_2,FOODS_2_003,2322,65.28
STORE_2,FOODS_2_003,2323,65.28
STORE_2,FOODS_2_003,2324,65.28
STORE_2,FOODS_2_003,2325,65.28
STORE_2,FOODS_2_003,2326,65.28
STORE_2,FOODS_2_003,2327,65.28
STORE_2,FOODS_2_003,2328,65.28
STORE_2,FOODS_2_003,2329,65.28
STORE_2,FOODS_2_003,2330,65.28
STORE_2,FOODS_2_003,2331,65.28
STORE_2,FOODS_2_003,2332,65.28
STORE_2,FOODS_2_003,2333,65.28
STORE_2,FOODS_2_003,2334,65.28
STORE_2,FOODS_2_003,2335,65.28
STORE_2,FOODS_2_003,2336,65.28
STORE_2,FOODS_2_003,2337,65.28
STORE_2,FOODS_2_003,2338,65.28
STORE_2,FOODS_2_003,2339,65.28
STORE_2,FOODS_2_003,2340,65.28
STORE_2,FOODS_2_003,2341,65.28
STORE_2,FOODS_2_003,2342,65.28
STORE_2,FOODS_2_003,2343,65.28
STORE_2,FOODS_2_003,2344,65.28
STORE_2,FOODS_2_003,2345,65.28
STORE_2,FOODS_2_003,2346,65.28
STORE_2,FOODS_2_003,2347,45.99
STORE_2,FOODS_2_003,2348,45.99
STORE_2,FOODS_2_003,2349,45.99
STORE_2,FOODS_2_003,2350,45.99
STORE_2,FOODS_2_003,2351,45.99
STORE_2,FOODS_2_003,2401,45.99
STORE_2,FOODS_2_003,2402,45.99
STORE_2,FOODS_2_003,2403,45.99
STORE_2,FOODS_2_003,2404,45.99
STORE_2,FOODS_2_003,2405,45.99
STORE_2,FOODS_2_003,2406,45.99
STORE_2,FOODS_2_003,2407,45.99
STORE_2,FOODS_2_003,2408,45.99
STORE_2,FOODS_2_003,2409,45.99
STORE_2,FOODS_2_003,2410,45.99
STORE_2,FOODS_2_003,2411,45.99
STORE_2,FOODS_2_003,2412,45.99
STORE_2,FOODS_2_003,2413,45.99
STORE_2,FOODS_2_003,2414,45.99
STORE_2,FOODS_2_003,2415,45.99
STORE_2,FOODS_2_003,2416,45.99
STORE_2,FOODS_2_003,2417,45.99
STORE_2,FOODS_2_003,2418,45.99
STORE_2,FOODS_2_003,2419,45.99
STORE_2,FOODS_2_003,2420,45.99
STORE_2,FOODS_2_003,2421,45.99
STORE_2,FOODS_2_003,2422,45.99
STORE_2,FOODS_2_003,2423,45.99
STORE_2,FOODS_2_003,2424,45.99
STORE_2,FOODS_2_003,2425,45.99
STORE_2,FOODS_2_003,2426,45.99
STORE_2,FOODS_2_003,2427,45.99
STORE_2,FOODS_2_003,2428,45.99
STORE_2,FOODS_2_003,2429,45.99
STORE_2,FOODS_2_003,2430,45.99
STORE_2,FOODS_2_003,2431,45.99
STORE_2,FOODS_2_003,2432,45.99
STORE_2,FOODS_2_003,2433,45.99
STORE_2,FOODS_2_003,2434,45.99
STORE_2,FOODS_2_003,2435,45.99
STORE_2,FOODS_2_003,2436,45.99
STORE_2,FOODS_2_003,2437,45.99
STORE_2,FOODS_2_003,2438,45.99
STORE_2,FOODS_2_003,2439,45.99
STORE_2,FOODS_2_003,2440,45.99
STORE_2,FOODS_2_003,2441,45.99
STORE_2,FOODS_2_003,2442,45.99
STORE_2,FOODS_2_003,2443,45.99
STORE_2,FOODS_2_003,2444,45.99
STORE_2,FOODS_2_003,2445,45.99
STORE_2,FOODS_2_003,2446,45.99
STORE_2,FOODS_2_003,2447,45.99
STORE_2,FOODS_2_003,2448,45.99
STORE_2,FOODS_2_003,2449,45.99
STORE_2,FOODS_2_003,2450,45.99
STORE_2,FOODS_2_003,2451,45.99
STORE_2,FOODS_2_003,2452,45.99
STORE_2,FOODS_2_003,2501,45.99
STORE_2,FOODS_2_003,2502,45.99
STORE_2,FOODS_2_003,2503,45.99
STORE_2,FOODS_2_003,2504,45.99
STORE_2,FOODS_2_003,2505,45.99
STORE_2,FOODS_2_004,2252,19.48
STORE_2,FOODS_2_004,2201,19.48
STORE_2,FOODS_2_004,2202,16.29
STORE_2,FOODS_2_004,2203,16.29
STORE_2,FOODS_2_004,2204,16.29
STORE_2,FOODS_2_004,2205,16.29
STORE_2,FOODS_2_004,2206,16.29
STORE_2,FOODS_2_004,2207,16.29
STORE_2,FOODS_2_004,2208,16.29
STORE_2,FOODS_2_004,2209,16.29
STORE_2,FOODS_2_004,2210,16.29
STORE_2,FOODS_2_004,2211,16.29
STORE_2,FOODS_2_004,2212,16.29
STORE_2,FOODS_2_004,2213,16.29
STORE_2,FOODS_2_004,2214,16.29
STORE_2,FOODS_2_004,2215,16.29
STORE_2,FOODS_2_004,2216,16.29
STORE_2,FOODS_2_004,2217,16.29
STORE_2,FOODS_2_004,2218,16.29
STORE_2,FOODS_2_004,2219,16.29
STORE_2,FOODS_2_004,2220,16.29
STORE_2,FOODS_2_004,2221,16.29
STORE_2,FOODS_2_004,2222,16.29
STORE_2,FOODS_2_004,2223,16.29
STORE_2,FOODS_2_004,2224,16.29
STORE_2,FOODS_2_004,2225,16.29
STORE_2,FOODS_2_004,2226,16.29
STORE_2,FOODS_2_004,2227,16.29
STORE_2,FOODS_2_004,2228,16.29
STORE_2,FOODS_2_004,2229,16.29
STORE_2,FOODS_2_004,2230,16.29
STORE_2,FOODS_2_004,2231,16.29
STORE_2,FOODS_2_004,2232,16.29
STORE_2,FOODS_2_004,2233,16.29
STORE_2,FOODS_2_004,2234,16.29
STORE_2,FOODS_2_004,2235,16.29
STORE_2,FOODS_2_004,2236,16.29
STORE_2,FOODS_2_004,2237,16.29
STORE_2,FOODS_2_004,2238,16.29
STORE_2,FOODS_2_004,2239,16.29
STORE_2,FOODS_2_004,2240,16.29
STORE_2,FOODS_2_004,2241,16.29
STORE_2,FOODS_2_004,2242,16.29
STORE_2,FOODS_2_004,2243,16.29
STORE_2,FOODS_2_004,2244,16.29
STORE_2,FOODS_2_004,2245,16.29
STORE_2,FOODS_2_004,2246,16.29
STORE_2,FOODS_2_004,2247,16.29
STORE_2,FOODS_2_004,2248,16.29
STORE_2,FOODS_2_004,2249,16.29
STORE_2,FOODS_2_004,2250,16.29
STORE_2,FOODS_2_004,2251,16.29
STORE_2,FOODS_2_004,2352,16.29
STORE_2,FOODS_2_004,2301,16.29
STORE_2,FOODS_2_004,2302,16.29
STORE_2,FOODS_2_004,2303,16.29
STORE_2,FOODS_2_004,2304,16.29
STORE_2,FOODS_2_004,2305,16.29
STORE_2,FOODS_2_004,2306,16.29
STORE_2,FOODS_2_004,2307,16.29
STORE_2,FOODS_2_004,2308,16.29
STORE_2,FOODS_2_004,2309,16.29
STORE_2,FOODS_2_004,2310,16.29
STORE_2,FOODS_2_004,2311,16.29
STORE_2,FOODS_2_004,2312,16.29
STORE_2,FOODS_2_004,2313,16.29
STORE_2,FOODS_2_004,2314,16.29
STORE_2,FOODS_2_004,2315,16.29
STORE_2,FOODS_2_004,2316,16.29
STORE_2,FOODS_2_004,2317,16.29
STORE_2,FOODS_2_004,2318,16.29
STORE_2,FOODS_2_004,2319,16.29
STORE_2,FOODS_2_004,2320,16.29
STORE_2,FOODS_2_004,2321,16.29
STORE_2,FOODS_2_004,2322,16.29
STORE_2,FOODS_2_004,2323,16.29
STORE_2,FOODS_2_004,2324,16.29
STORE_2,FOODS_2_004,2325,16.29
STORE_2,FOODS_2_004,2326,16.29
STORE_2,FOODS_2_004,2327,16.29
STORE_2,FOODS_2_004,2328,16.29
STORE_2,FOODS_2_004,2329,16.29
STORE_2,FOODS_2_004,2330,16.29
STORE_2,FOODS_2_004,2331,16.29
STORE_2,FOODS_2_004,2332,16.29
STORE_2,FOODS_2_004,2333,16.29
STORE_2,FOODS_2_004,2334,16.29
STORE_2,FOODS_2_004,2335,16.29
STORE_2,FOODS_2_004,2336,16.29
STORE_2,FOODS_2_004,2337,16.29
STORE_2,FOODS_2_004,2338,16.29
STORE_2,FOODS_2_004,2339,16.29
STORE_2,FOODS_2_004,2340,16.29
STORE_2,FOODS_2_004,2341,16.29
STORE_2,FOODS_2_004,2342,16.29
STORE_2,FOODS_2_004,2343,16.35
STORE_2,FOODS_2_004,2344,16.35
STORE_2,FOODS_2_004,2345,16.35
STORE_2,FOODS_2_004,2346,16.35
STORE_2,FOODS_2_004,2347,16.35
STORE_2,FOODS_2_004,2348,16.35
STORE_2,FOODS_2_004,2349,14.62
STORE_2,FOODS_2_004,2350,14.62
STORE_2,FOODS_2_004,2351,14.62
STORE_2,FOODS_2_004,2401,14.62
STORE_2,FOODS_2_004,2402,14.62
STORE_2,FOODS_2_004,2403,14.62
STORE_2,FOODS_2_004,2404,14.62
STORE_2,FOODS_2_004,2405,14.62
STORE_2,FOODS_2_004,2406,14.62
STORE_2,FOODS_2_004,2407,19.53
STORE_2,FOODS_2_004,2408,19.53
STORE_2,FOODS_2_004,2409,19.53
STORE_2,FOODS_2_004,2410,19.53
STORE_2,FOODS_2_004,2411,19.53
STORE_2,FOODS_2_004,2412,19.53
STORE_2,FOODS_2_004,2413,19.53
STORE_2,FOODS_2_004,2414,19.53
STORE_2,FOODS_2_004,2415,19.53
STORE_2,FOODS_2_004,2416,19.53
STORE_2,FOODS_2_004,2417,19.53
STORE_2,FOODS_2_004,2418,19.53
STORE_2,FOODS_2_004,2419,19.53
STORE_2,FOODS_2_004,2420,19.53
STORE_2,FOODS_2_004,2421,19.53
STORE_2,FOODS_2_004,2422,19.53
STORE_2,FOODS_2_004,2423,19.53
STORE_2,FOODS_2_004,2424,19.53
STORE_2,FOODS_2_004,2425,19.53
STORE_2,FOODS_2_004,2426,19.53
STORE_2,FOODS_2_004,2427,19.53
STORE_2,FOODS_2_004,2428,19.53
STORE_2,FOODS_2_004,2429,19.53
STORE_2,FOODS_2_004,2430,19.53
STORE_2,FOODS_2_004,2431,19.53
STORE_2,FOODS_2_004,2432,19.53
STORE_2,FOODS_2_004,2433,19.53
STORE_2,FOODS_2_004,2434,19.53
STORE_2,FOODS_2_004,2435,19.53
STORE_2,FOODS_2_004,2436,19.53
STORE_2,FOODS_2_004,2437,19.53
STORE_2,FOODS_2_004,2438,19.53
STORE_2,FOODS_2_004,2439,19.53
STORE_2,FOODS_2_004,2440,19.53
STORE_2,FOODS_2_004,2441,19.53
STORE_2,FOODS_2_004,2442,19.53
STORE_2,FOODS_2_004,2443,19.53
STORE_2,FOODS_2_004,2444,19.53
STORE_2,FOODS_2_004,2445,19.53
STORE_2,FOODS_2_004,2446,19.53
STORE_2,FOODS_2_004,2447,19.53
STORE_2,FOODS_2_004,2448,19.53
STORE_2,FOODS_2_004,2449,19.53
STORE_2,FOODS_2_004,2450,19.53
STORE_2,FOODS_2_004,2451,19.53
STORE_2,FOODS_2_004,2452,19.53
STORE_2,FOODS_2_004,2501,19.53
STORE_2,FOODS_2_004,2502,19.53
STORE_2,FOODS_2_004,2503,19.53
STORE_2,FOODS_2_004,2504,19.53
STORE_2,FOODS_2_004,2505,19.53
STORE_2,FOODS_2_005,2252,21.54
STORE_2,FOODS_2_005,2201,21.54
STORE_2,FOODS_2_005,2202,24.03
STORE_2,FOODS_2_005,2203,24.03
STORE_2,FOODS_2_005,2204,24.03
STORE_2,FOODS_2_005,2205,24.03
STORE_2,FOODS_2_005,2206,24.03
STORE_2,FOODS_2_005,2207,24.03
STORE_2,FOODS_2_005,2208,24.03
STORE_2,FOODS_2_005,2209,24.03
STORE_2,FOODS_2_005,2210,24.03
STORE_2,FOODS_2_005,2211,24.03
STORE_2,FOODS_2_005,2212,24.03
STORE_2,FOODS_2_005,2213,24.03
STORE_2,FOODS_2_005,2214,24.03
STORE_2,FOODS_2_005,2215,24.03
STORE_2,FOODS_2_005,2216,24.03
STORE_2,FOODS_2_005,2217,24.03
STORE_2,FOODS_2_005,2218,24.03
STORE_2,FOODS_2_005,2219,24.03
STORE_2,FOODS_2_005,2220,24.03
STORE_2,FOODS_2_005,2221,24.03
STORE_2,FOODS_2_005,2222,24.03
STORE_2,FOODS_2_005,2223,24.03
STORE_2,FOODS_2_005,2224,24.03
STORE_2,FOODS_2_005,2225,24.03
STORE_2,FOODS_2_005,2226,24.03
STORE_2,FOODS_2_005,2227,24.03
STORE_2,FOODS_2_005,2228,24.03
STORE_2,FOODS_2_005,2229,24.03
STORE_2,FOODS_2_005,2230,24.03
STORE_2,FOODS_2_005,2231,24.03
STORE_2,FOODS_2_005,2232,21.4
STORE_2,FOODS_2_005,2233,21.4
STORE_2,FOODS_2_005,2234,20.56
STORE_2,FOODS_2_005,2235,20.56
STORE_2,FOODS_2_005,2236,20.56
STORE_2,FOODS_2_005,2237,16.57
STORE_2,FOODS_2_005,2238,16.57
STORE_2,FOODS_2_005,2239,16.57
STORE_2,FOODS_2_005,2240,16.57
STORE_2,FOODS_2_005,2241,16.57
STORE_2,FOODS_2_005,2242,16.57
STORE_2,FOODS_2_005,2243,16.57
STORE_2,FOODS_2_005,2244,16.57
STORE_2,FOODS_2_005,2245,16.57
STORE_2,FOODS_2_005,2246,16.57
STORE_2,FOODS_2_005,2247,16.57
STORE_2,FOODS_2_005,2248,20.35
STORE_2,FOODS_2_005,2249,20.35
STORE_2,FOODS_2_005,2250,20.35
STORE_2,FOODS_2_005,2251,20.35
STORE_2,FOODS_2_005,2352,17.57
STORE_2,FOODS_2_005,2301,17.57
STORE_2,FOODS_2_005,2302,17.57
STORE_2,FOODS_2_005,2303,17.57
STORE_2,FOODS_2_005,2304,17.57
STORE_2,FOODS_2_005,2305,17.57
STORE_2,FOODS_2_005,2306,17.57
STORE_2,FOODS_2_005,2307,17.57
STORE_2,FOODS_2_005,2308,17.57
STORE_2,FOODS_2_005,2309,17.57
STORE_2,FOODS_2_005,2310,17.57
STORE_2,FOODS_2_005,2311,17.57
STORE_2,FOODS_2_005,2312,17.57
STORE_2,FOODS_2_005,2313,17.57
STORE_2,FOODS_2_005,2314,17.57
STORE_2,FOODS_2_005,2315,17.57
STORE_2,FOODS_2_005,2316,17.57
STORE_2,FOODS_2_005,2317,17.57
STORE_2,FOODS_2_005,2318,17.57
STORE_2,FOODS_2_005,2319,17.57
STORE_2,FOODS_2_005,2320,17.57
STORE_2,FOODS_2_005,2321,17.57
STORE_2,FOODS_2_005,2322,17.57
STORE_2,FOODS_2_005,2323,17.57
STORE_2,FOODS_2_005,2324,17.57
STORE_2,FOODS_2_005,2325,17.57
STORE_2,FOODS_2_005,2326,17.57
STORE_2,FOODS_2_005,2327,17.57
STORE_2,FOODS_2_005,2328,17.57
STORE_2,FOODS_2_005,2329,17.57
STORE_2,FOODS_2_005,2330,17.57
STORE_2,FOODS_2_005,2331,17.57
STORE_2,FOODS_2_005,2332,17.57
STORE_2,FOODS_2_005,2333,17.57
STORE_2,FOODS_2_005,2334,17.57
STORE_2,FOODS_2_005,2335,17.57
STORE_2,FOODS_2_005,2336,17.57
STORE_2,FOODS_2_005,2337,17.57
STORE_2,FOODS_2_005,2338,17.57
STORE_2,FOODS_2_005,2339,17.57
STORE_2,FOODS_2_005,2340,17.57
STORE_2,FOODS_2_005,2341,17.57
STORE_2,FOODS_2_005,2342,17.57
STORE_2,FOODS_2_005,2343,17.57
STORE_2,FOODS_2_005,2344,17.57
STORE_2,FOODS_2_005,2345,17.57
STORE_2,FOODS_2_005,2346,17.57
STORE_2,FOODS_2_005,2347,17.57
STORE_2,FOODS_2_005,2348,17.57
STORE_2,FOODS_2_005,2349,17.57
STORE_2,FOODS_2_005,2350,17.57
STORE_2,FOODS_2_005,2351,17.57
STORE_2,FOODS_2_005,2401,17.57
STORE_2,FOODS_2_005,2402,17.57
STORE_2,FOODS_2_005,2403,17.57
STORE_2,FOODS_2_005,2404,17.57
STORE_2,FOODS_2_005,2405,17.57
STORE_2,FOODS_2_005,2406,17.57
STORE_2,FOODS_2_005,2407,17.57
STORE_2,FOODS_2_005,2408,17.57
STORE_2,FOODS_2_005,2409,17.57
STORE_2,FOODS_2_005,2410,17.57
STORE_2,FOODS_2_005,2411,17.57
STORE_2,FOODS_2_005,2412,17.57
STORE_2,FOODS_2_005,2413,17.57
STORE_2,FOODS_2_005,2414,17.57
STORE_2,FOODS_2_005,2415,17.57
STORE_2,FOODS_2_005,2416,17.57
STORE_2,FOODS_2_005,2417,17.57
STORE_2,FOODS_2_005,2418,17.57
STORE_2,FOODS_2_005,2419,17.57
STORE_2,FOODS_2_005,2420,17.57
STORE_2,FOODS_2_005,2421,17.57
STORE_2,FOODS_2_005,2422,17.57
STORE_2,FOODS_2_005,2423,17.57
STORE_2,FOODS_2_005,2424,17.57
STORE_2,FOODS_2_005,2425,17.57
STORE_2,FOODS_2_005,2426,17.57
STORE_2,FOODS_2_005,2427,17.57
STORE_2,FOODS_2_005,2428,17.57
STORE_2,FOODS_2_005,2429,17.57
STORE_2,FOODS_2_005,2430,17.57
STORE_2,FOODS_2_005,2431,17.57
STORE_2,FOODS_2_005,2432,17.57
STORE_2,FOODS_2_005,2433,17.57
STORE_2,FOODS_2_005,2434,17.57
STORE_2,FOODS_2_005,2435,17.57
STORE_2,FOODS_2_005,2436,17.57
STORE_2,FOODS_2_005,2437,17.57
STORE_2,FOODS_2_005,2438,17.57
STORE_2,FOODS_2_005,2439,17.57
STORE_2,FOODS_2_005,2440,17.57
STORE_2,FOODS_2_005,2441,17.57
STORE_2,FOODS_2_005,2442,17.57
STORE_2,FOODS_2_005,2443,17.57
STORE_2,FOODS_2_005,2444,17.57
STORE_2,FOODS_2_005,2445,17.57
STORE_2,FOODS_2_005,2446,17.57
STORE_2,FOODS_2_005,2447,17.57
STORE_2,FOODS_2_005,2448,17.57
STORE_2,FOODS_2_005,2449,17.57
STORE_2,FOODS_2_005,2450,17.57
STORE_2,FOODS_2_005,2451,17.57
STORE_2,FOODS_2_005,2452,17.57
STORE_2,FOODS_2_005,2501,17.57
STORE_2,FOODS_2_005,2502,17.57
STORE_2,FOODS_2_005,2503,17.57
STORE_2,FOODS_2_005,2504,17.57
STORE_2,FOODS_2_005,2505,17.57
STORE_2,FOODS_2_006,2252,40.19
STORE_2,FOODS_2_006,2201,40.19
STORE_2,FOODS_2_006,2202,40.19
STORE_2,FOODS_2_006,2203,40.19
STORE_2,FOODS_2_006,2204,40.19
STORE_2,FOODS_2_006,2205,40.19
STORE_2,FOODS_2_006,2206,40.19
STORE_2,FOODS_2_006,2207,40.19
STORE_2,FOODS_2_006,2208,40.19
STORE_2,FOODS_2_006,2209,40.19
STORE_2,FOODS_2_006,2210,40.19
STORE_2,FOODS_2_006,2211,40.19
STORE_2,FOODS_2_006,2212,40.19
STORE_2,FOODS_2_006,2213,40.19
STORE_2,FOODS_2_006,2214,40.19
STORE_2,FOODS_2_006,2215,40.19
STORE_2,FOODS_2_006,2216,40.19
STORE_2,FOODS_2_006,2217,40.19
STORE_2,FOODS_2_006,2218,40.19
STORE_2,FOODS_2_006,2219,40.69
STORE_2,FOODS_2_006,2220,40.69
STORE_2,FOODS_2_006,2221,40.69
STORE_2,FOODS_2_006,2222,40.69
STORE_2,FOODS_2_006,2223,40.69
STORE_2,FOODS_2_006,2224,40.69
STORE_2,FOODS_2_006,2225,40.69
STORE_2,FOODS_2_006,2226,40.69
STORE_2,FOODS_2_006,2227,40.69
STORE_2,FOODS_2_006,2228,40.69
STORE_2,FOODS_2_006,2229,40.69
STORE_2,FOODS_2_006,2230,40.69
STORE_2,FOODS_2_006,2231,40.69
STORE_2,FOODS_2_006,2232,40.69
STORE_2,FOODS_2_006,2233,40.69
STORE_2,FOODS_2_006,2234,40.69
STORE_2,FOODS_2_006,2235,40.69
STORE_2,FOODS_2_006,2236,40.69
STORE_2,FOODS_2_006,2237,40.69
STORE_2,FOODS_2_006,2238,40.69
STORE_2,FOODS_2_006,2239,40.69
STORE_2,FOODS_2_006,2240,40.69
STORE_2,FOODS_2_006,2241,40.69
STORE_2,FOODS_2_006,2242,40.69
STORE_2,FOODS_2_006,2243,40.69
STORE_2,FOODS_2_006,2244,40.69
STORE_2,FOODS_2_006,2245,40.69
STORE_2,FOODS_2_006,2246,40.69
STORE_2,FOODS_2_006,2247,40.69
STORE_2,FOODS_2_006,2248,40.69
STORE_2,FOODS_2_006,2249,40.69
STORE_2,FOODS_2_006,2250,40.69
STORE_2,FOODS_2_006,2251,40.69
STORE_2,FOODS_2_006,2352,40.69
STORE_2,FOODS_2_006,2301,40.69
STORE_2,FOODS_2_006,2302,40.69
STORE_2,FOODS_2_006,2303,40.69
STORE_2,FOODS_2_006,2304,40.69
STORE_2,FOODS_2_006,2305,40.69
STORE_2,FOODS_2_006,2306,40.69
STORE_2,FOODS_2_006,2307,40.69
STORE_2,FOODS_2_006,2308,40.69
STORE_2,FOODS_2_006,2309,40.69
STORE_2,FOODS_2_006,2310,40.69
STORE_2,FOODS_2_006,2311,40.69
STORE_2,FOODS_2_006,2312,40.69
STORE_2,FOODS_2_006,2313,40.69
STORE_2,FOODS_2_006,2314,40.69
STORE_2,FOODS_2_006,2315,40.69
STORE_2,FOODS_2_006,2316,40.69
STORE_2,FOODS_2_006,2317,40.69
STORE_2,FOODS_2_006,2318,40.69
STORE_2,FOODS_2_006,2319,40.69
STORE_2,FOODS_2_006,2320,40.69
STORE_2,FOODS_2_006,2321,40.69
STORE_2,FOODS_2_006,2322,40.69
STORE_2,FOODS_2_006,2323,40.69
STORE_2,FOODS_2_006,2324,40.69
STORE_2,FOODS_2_006,2325,40.69
STORE_2,FOODS_2_006,2326,40.69
STORE_2,FOODS_2_006,2327,40.69
STORE_2,FOODS_2_006,2328,40.69
STORE_2,FOODS_2_006,2329,40.69
STORE_2,FOODS_2_006,2330,40.69
STORE_2,FOODS_2_006,2331,40.69
STORE_2,FOODS_2_006,2332,40.69
STORE_2,FOODS_2_006,2333,40.69
STORE_2,FOODS_2_006,2334,40.69
STORE_2,FOODS_2_006,2335,40.69
STORE_2,FOODS_2_006,2336,40.69
STORE_2,FOODS_2_006,2337,40.69
STORE_2,FOODS_2_006,2338,40.69
STORE_2,FOODS_2_006,2339,40.69
STORE_2,FOODS_2_006,2340,40.69
STORE_2,FOODS_2_006,2341,40.69
STORE_2,FOODS_2_006,2342,40.69
STORE_2,FOODS_2_006,2343,40.69
STORE_2,FOODS_2_006,2344,40.69
STORE_2,FOODS_2_006,2345,40.69
STORE_2,FOODS_2_006,2346,40.69
STORE_2,FOODS_2_006,2347,40.69
STORE_2,FOODS_2_006,2348,40.69
STORE_2,FOODS_2_006,2349,40.69
STORE_2,FOODS_2_006,2350,40.69
STORE_2,FOODS_2_006,2351,40.69
STORE_2,FOODS_2_006,2401,37.45
STORE_2,FOODS_2_006,2402,37.45
STORE_2,FOODS_2_006,2403,37.45
STORE_2,FOODS_2_006,2404,37.45
STORE_2,FOODS_2_006,2405,37.45
STORE_2,FOODS_2_006,2406,37.45
STORE_2,FOODS_2_006,2407,37.45
STORE_2,FOODS_2_006,2408,37.45
STORE_2,FOODS_2_006,2409,37.45
STORE_2,FOODS_2_006,2410,37.45
STORE_2,FOODS_2_006,2411,37.45
STORE_2,FOODS_2_006,2412,37.45
STORE_2,FOODS_2_006,2413,37.45
STORE_2,FOODS_2_006,2414,37.45
STORE_2,FOODS_2_006,2415,37.45
STORE_2,FOODS_2_006,2416,37.45
STORE_2,FOODS_2_006,2417,37.45
STORE_2,FOODS_2_006,2418,37.45
STORE_2,FOODS_2_006,2419,37.45
STORE_2,FOODS_2_006,2420,37.45
STORE_2,FOODS_2_006,2421,37.45
STORE_2,FOODS_2_006,2422,37.45
STORE_2,FOODS_2_006,2423,37.45
STORE_2,FOODS_2_006,2424,37.45
STORE_2,FOODS_2_006,2425,37.45
STORE_2,FOODS_2_006,2426,37.45
STORE_2,FOODS_2_006,2427,37.45
STORE_2,FOODS_2_006,2428,37.45
STORE_2,FOODS_2_006,2429,37.45
STORE_2,FOODS_2_006,2430,37.45
STORE_2,FOODS_2_006,2431,37.45
STORE_2,FOODS_2_006,2432,37.45
STORE_2,FOODS_2_006,2433,37.45
STORE_2,FOODS_2_006,2434,37.45
STORE_2,FOODS_2_006,2435,37.45
STORE_2,FOODS_2_006,2436,37.45
STORE_2,FOODS_2_006,2437,37.45
STORE_2,FOODS_2_006,2438,37.45
STORE_2,FOODS_2_006,2439,37.45
STORE_2,FOODS_2_006,2440,37.45
STORE_2,FOODS_2_006,2441,44.57
STORE_2,FOODS_2_006,2442,44.57
STORE_2,FOODS_2_006,2443,44.57
STORE_2,FOODS_2_006,2444,44.57
STORE_2,FOODS_2_006,2445,44.57
STORE_2,FOODS_2_006,2446,44.57
STORE_2,FOODS_2_006,2447,44.57
STORE_2,FOODS_2_006,2448,44.57
STORE_2,FOODS_2_006,2449,44.57
STORE_2,FOODS_2_006,2450,40.25
STORE_2,FOODS_2_006,2451,40.25
STORE_2,FOODS_2_006,2452,40.25
STORE_2,FOODS_2_006,2501,40.25
STORE_2,FOODS_2_006,2502,40.25
STORE_2,FOODS_2_006,2503,40.25
STORE_2,FOODS_2_006,2504,40.25
STORE_2,FOODS_2_006,2505,40.25
STORE_2,FOODS_2_007,2252,3.42
STORE_2,FOODS_2_007,2201,3.42
STORE_2,FOODS_2_007,2202,3.42
STORE_2,FOODS_2_007,2203,3.42
STORE_2,FOODS_2_007,2204,3.42
STORE_2,FOODS_2_007,2205,3.42
STORE_2,FOODS_2_007,2206,3.42
STORE_2,FOODS_2_007,2207,3.42
STORE_2,FOODS_2_007,2208,3.42
STORE_2,FOODS_2_007,2209,3.42
STORE_2,FOODS_2_007,2210,3.42
STORE_2,FOODS_2_007,2211,3.42
STORE_2,FOODS_2_007,2212,3.42
STORE_2,FOODS_2_007,2213,3.42
STORE_2,FOODS_2_007,2214,3.42
STORE_2,FOODS_2_007,2215,3.42
STORE_2,FOODS_2_007,2216,3.42
STORE_2,FOODS_2_007,2217,2.8
STORE_2,FOODS_2_007,2218,2.8
STORE_2,FOODS_2_007,2219,2.8
STORE_2,FOODS_2_007,2220,2.8
STORE_2,FOODS_2_007,2221,2.8
STORE_2,FOODS_2_007,2222,2.8
STORE_2,FOODS_2_007,2223,2.8
STORE_2,FOODS_2_007,2224,2.8
STORE_2,FOODS_2_007,2225,2.8
STORE_2,FOODS_2_007,2226,2.8
STORE_2,FOODS_2_007,2227,2.8
STORE_2,FOODS_2_007,2228,2.8
STORE_2,FOODS_2_007,2229,2.8
STORE_2,FOODS_2_007,2230,2.8
STORE_2,FOODS_2_007,2231,2.8
STORE_2,FOODS_2_007,2232,2.8
STORE_2,FOODS_2_007,2233,2.8
STORE_2,FOODS_2_007,2234,2.8
STORE_2,FOODS_2_007,2235,2.8
STORE_2,FOODS_2_007,2236,2.8
STORE_2,FOODS_2_007,2237,2.8
STORE_2,FOODS_2_007,2238,2.8
STORE_2,FOODS_2_007,2239,2.8
STORE_2,FOODS_2_007,2240,2.8
STORE_2,FOODS_2_007,2241,2.8
STORE_2,FOODS_2_007,2242,2.8
STORE_2,FOODS_2_007,2243,2.8
STORE_2,FOODS_2_007,2244,2.8
STORE_2,FOODS_2_007,2245,2.8
STORE_2,FOODS_2_007,2246,2.8
STORE_2,FOODS_2_007,2247,2.8
STORE_2,FOODS_2_007,2248,2.8
STORE_2,FOODS_2_007,2249,2.8
STORE_2,FOODS_2_007,2250,2.8
STORE_2,FOODS_2_007,2251,2.8
STORE_2,FOODS_2_007,2352,2.8
STORE_2,FOODS_2_007,2301,2.8
STORE_2,FOODS_2_007,2302,2.8
STORE_2,FOODS_2_007,2303,2.8
STORE_2,FOODS_2_007,2304,3.26
STORE_2,FOODS_2_007,2305,3.26
STORE_2,FOODS_2_007,2306,3.26
STORE_2,FOODS_2_007,2307,3.26
STORE_2,FOODS_2_007,2308,3.26
STORE_2,FOODS_2_007,2309,3.26
STORE_2,FOODS_2_007,2310,3.26
STORE_2,FOODS_2_007,2311,3.26
STORE_2,FOODS_2_007,2312,3.26
STORE_2,FOODS_2_007,2313,3.26
STORE_2,FOODS_2_007,2314,3.26
STORE_2,FOODS_2_007,2315,3.26
STORE_2,FOODS_2_007,2316,3.26
STORE_2,FOODS_2_007,2317,3.26
STORE_2,FOODS_2_007,2318,3.26
STORE_2,FOODS_2_007,2319,3.26
STORE_2,FOODS_2_007,2320,3.26
STORE_2,FOODS_2_007,2321,3.26
STORE_2,FOODS_2_007,2322,3.26
STORE_2,FOODS_2_007,2323,3.26
STORE_2,FOODS_2_007,2324,3.26
STORE_2,FOODS_2_007,2325,3.26
STORE_2,FOODS_2_007,2326,3.26
STORE_2,FOODS_2_007,2327,3.26
STORE_2,FOODS_2_007,2328,3.26
STORE_2,FOODS_2_007,2329,3.26
STORE_2,FOODS_2_007,2330,2.64
STORE_2,FOODS_2_007,2331,2.64
STORE_2,FOODS_2_007,2332,2.64
STORE_2,FOODS_2_007,2333,2.99
STORE_2,FOODS_2_007,2334,2.99
STORE_2,FOODS_2_007,2335,2.99
STORE_2,FOODS_2_007,2336,2.99
STORE_2,FOODS_2_007,2337,2.99
STORE_2,FOODS_2_007,2338,2.99
STORE_2,FOODS_2_007,2339,2.99
STORE_2,FOODS_2_007,2340,2.99
STORE_2,FOODS_2_007,2341,2.99
STORE_2,FOODS_2_007,2342,2.99
STORE_2,FOODS_2_007,2343,2.99
STORE_2,FOODS_2_007,2344,2.99
STORE_2,FOODS_2_007,2345,2.99
STORE_2,FOODS_2_007,2346,2.99
STORE_2,FOODS_2_007,2347,2.99
STORE_2,FOODS_2_007,2348,2.99
STORE_2,FOODS_2_007,2349,2.99
STORE_2,FOODS_2_007,2350,2.99
STORE_2,FOODS_2_007,2351,2.99
STORE_2,FOODS_2_007,2401,2.99
STORE_2,FOODS_2_007,2402,2.99
STORE_2,FOODS_2_007,2403,2.99
STORE_2,FOODS_2_007,2404,2.99
STORE_2,FOODS_2_007,2405,2.99
STORE_2,FOODS_2_007,2406,2.99
STORE_2,FOODS_2_007,2407,2.99
STORE_2,FOODS_2_007,2408,2.99
STORE_2,FOODS_2_007,2409,2.99
STORE_2,FOODS_2_007,2410,2.99
STORE_2,FOODS_2_007,2411,2.99
STORE_2,FOODS_2_007,2412,2.99
STORE_2,FOODS_2_007,2413,2.99
STORE_2,FOODS_2_007,2414,2.99
STORE_2,FOODS_2_007,2415,2.99
STORE_2,FOODS_2_007,2416,2.99
STORE_2,FOODS_2_007,2417,2.99
STORE_2,FOODS_2_007,2418,2.99
STORE_2,FOODS_2_007,2419,2.99
STORE_2,FOODS_2_007,2420,2.99
STORE_2,FOODS_2_007,2421,2.99
STORE_2,FOODS_2_007,2422,2.99
STORE_2,FOODS_2_007,2423,2.99
STORE_2,FOODS_2_007,2424,2.99
STORE_2,FOODS_2_007,2425,2.99
STORE_2,FOODS_2_007,2426,2.99
STORE_2,FOODS_2_007,2427,2.99
STORE_2,FOODS_2_007,2428,2.99
STORE_2,FOODS_2_007,2429,2.99
STORE_2,FOODS_2_007,2430,2.99
STORE_2,FOODS_2_007,2431,2.99
STORE_2,FOODS_2_007,2432,2.99
STORE_2,FOODS_2_007,2433,2.99
STORE_2,FOODS_2_007,2434,2.99
STORE_2,FOODS_2_007,2435,2.99
STORE_2,FOODS_2_007,2436,2.99
STORE_2,FOODS_2_007,2437,2.99
STORE_2,FOODS_2_007,2438,2.99
STORE_2,FOODS_2_007,2439,2.99
STORE_2,FOODS_2_007,2440,2.99
STORE_2,FOODS_2_007,2441,2.99
STORE_2,FOODS_2_007,2442,2.99
STORE_2,FOODS_2_007,2443,2.99
STORE_2,FOODS_2_007,2444,2.99
STORE_2,FOODS_2_007,2445,2.99
STORE_2,FOODS_2_007,2446,2.99
STORE_2,FOODS_2_007,2447,2.99
STORE_2,FOODS_2_007,2448,2.99
STORE_2,FOODS_2_007,2449,2.99
STORE_2,FOODS_2_007,2450,2.99
STORE_2,FOODS_2_007,2451,2.99
STORE_2,FOODS_2_007,2452,2.99
STORE_2,FOODS_2_007,2501,2.99
STORE_2,FOODS_2_007,2502,2.99
STORE_2,FOODS_2_007,2503,2.99
STORE_2,FOODS_2_007,2504,2.99
STORE_2,FOODS_2_007,2505,2.99
STORE_2,FOODS_2_008,2252,43.29
STORE_2,FOODS_2_008,2201,43.29
STORE_2,FOODS_2_008,2202,43.29
STORE_2,FOODS_2_008,2203,43.29
STORE_2,FOODS_2_008,2204,43.29
STORE_2,FOODS_2_008,2205,43.29
STORE_2,FOODS_2_008,2206,43.29
STORE_2,FOODS_2_008,2207,43.29
STORE_2,FOODS_2_008,2208,43.29
STORE_2,FOODS_2_008,2209,43.29
STORE_2,FOODS_2_008,2210,43.29
STORE_2,FOODS_2_008,2211,43.29
STORE_2,FOODS_2_008,2212,43.29
STORE_2,FOODS_2_008,2213,43.29
STORE_2,FOODS_2_008,2214,43.29
STORE_2,FOODS_2_008,2215,43.29
STORE_2,FOODS_2_008,2216,43.29
STORE_2,FOODS_2_008,2217,43.29
STORE_2,FOODS_2_008,2218,43.29
STORE_2,FOODS_2_008,2219,43.29
STORE_2,FOODS_2_008,2220,43.29
STORE_2,FOODS_2_008,2221,43.29
STORE_2,FOODS_2_008,2222,43.29
STORE_2,FOODS_2_008,2223,43.29
STORE_2,FOODS_2_008,2224,43.29
STORE_2,FOODS_2_008,2225,43.29
STORE_2,FOODS_2_008,2226,43.29
STORE_2,FOODS_2_008,2227,43.29
STORE_2,FOODS_2_008,2228,43.29
STORE_2,FOODS_2_008,2229,43.29
STORE_2,FOODS_2_008,2230,43.29
STORE_2,FOODS_2_008,2231,43.29
STORE_2,FOODS_2_008,2232,43.29
STORE_2,FOODS_2_008,2233,43.29
STORE_2,FOODS_2_008,2234,43.29
STORE_2,FOODS_2_008,2235,43.29
STORE_2,FOODS_2_008,2236,43.29
STORE_2,FOODS_2_008,2237,43.29
STORE_2,FOODS_2_008,2238,43.29
STORE_2,FOODS_2_008,2239,35.62
STORE_2,FOODS_2_008,2240,35.62
STORE_2,FOODS_2_008,2241,35.62
STORE_2,FOODS_2_008,2242,35.62
STORE_2,FOODS_2_008,2243,35.62
STORE_2,FOODS_2_008,2244,35.62
STORE_2,FOODS_2_008,2245,35.62
STORE_2,FOODS_2_008,2246,35.62
STORE_2,FOODS_2_008,2247,35.62
STORE_2,FOODS_2_008,2248,35.62
STORE_2,FOODS_2_008,2249,35.62
STORE_2,FOODS_2_008,2250,35.62
STORE_2,FOODS_2_008,2251,35.62
STORE_2,FOODS_2_008,2352,35.62
STORE_2,FOODS_2_008,2301,35.62
STORE_2,FOODS_2_008,2302,35.62
STORE_2,FOODS_2_008,2303,35.62
STORE_2,FOODS_2_008,2304,35.62
STORE_2,FOODS_2_008,2305,35.62
STORE_2,FOODS_2_008,2306,35.62
STORE_2,FOODS_2_008,2307,35.62
STORE_2,FOODS_2_008,2308,35.62
STORE_2,FOODS_2_008,2309,35.62
STORE_2,FOODS_2_008,2310,35.62
STORE_2,FOODS_2_008,2311,35.62
STORE_2,FOODS_2_008,2312,35.62
STORE_2,FOODS_2_008,2313,35.62
STORE_2,FOODS_2_008,2314,35.62
STORE_2,FOODS_2_008,2315,35.62
STORE_2,FOODS_2_008,2316,35.62
STORE_2,FOODS_2_008,2317,35.62
STORE_2,FOODS_2_008,2318,35.62
STORE_2,FOODS_2_008,2319,35.62
STORE_2,FOODS_2_008,2320,35.62
STORE_2,FOODS_2_008,2321,35.62
STORE_2,FOODS_2_008,2322,35.62
STORE_2,FOODS_2_008,2323,35.62
STORE_2,FOODS_2_008,2324,35.62
STORE_2,FOODS_2_008,2325,35.62
STORE_2,FOODS_2_008,2326,35.62
STORE_2,FOODS_2_008,2327,35.62
STORE_2,FOODS_2_008,2328,35.62
STORE_2,FOODS_2_008,2329,35.62
STORE_2,FOODS_2_008,2330,43.51
STORE_2,FOODS_2_008,2331,43.51
STORE_2,FOODS_2_008,2332,43.51
STORE_2,FOODS_2_008,2333,43.51
STORE_2,FOODS_2_008,2334,43.51
STORE_2,FOODS_2_008,2335,36.55
STORE_2,FOODS_2_008,2336,43.73
STORE_2,FOODS_2_008,2337,43.73
STORE_2,FOODS_2_008,2338,43.73
STORE_2,FOODS_2_008,2339,43.73
STORE_2,FOODS_2_008,2340,43.73
STORE_2,FOODS_2_008,2341,43.73
STORE_2,FOODS_2_008,2342,43.73
STORE_2,FOODS_2_008,2343,43.73
STORE_2,FOODS_2_008,2344,43.73
STORE_2,FOODS_2_008,2345,43.73
STORE_2,FOODS_2_008,2346,43.73
STORE_2,FOODS_2_008,2347,41.9
STORE_2,FOODS_2_008,2348,41.9
STORE_2,FOODS_2_008,2349,41.9
STORE_2,FOODS_2_008,2350,41.9
STORE_2,FOODS_2_008,2351,41.9
STORE_2,FOODS_2_008,2401,41.9
STORE_2,FOODS_2_008,2402,41.9
STORE_2,FOODS_2_008,2403,41.9
STORE_2,FOODS_2_008,2404,41.9
STORE_2,FOODS_2_008,2405,41.9
STORE_2,FOODS_2_008,2406,41.9
STORE_2,FOODS_2_008,2407,41.9
STORE_2,FOODS_2_008,2408,41.9
STORE_2,FOODS_2_008,2409,41.9
STORE_2,FOODS_2_008,2410,41.9
STORE_2,FOODS_2_008,2411,41.9
STORE_2,FOODS_2_008,2412,41.9
STORE_2,FOODS_2_008,2413,41.9
STORE_2,FOODS_2_008,2414,41.9
STORE_2,FOODS_2_008,2415,41.9
STORE_2,FOODS_2_008,2416,41.9
STORE_2,FOODS_2_008,2417,41.9
STORE_2,FOODS_2_008,2418,41.9
STORE_2,FOODS_2_008,2419,41.9
STORE_2,FOODS_2_008,2420,41.9
STORE_2,FOODS_2_008,2421,41.9
STORE_2,FOODS_2_008,2422,41.9
STORE_2,FOODS_2_008,2423,41.9
STORE_2,FOODS_2_008,2424,41.9
STORE_2,FOODS_2_008,2425,41.9
STORE_2,FOODS_2_008,2426,41.9
STORE_2,FOODS_2_008,2427,41.9
STORE_2,FOODS_2_008,2428,41.9
STORE_2,FOODS_2_008,2429,41.9
STORE_2,FOODS_2_008,2430,41.9
STORE_2,FOODS_2_008,2431,42.8
STORE_2,FOODS_2_008,2432,42.8
STORE_2,FOODS_2_008,2433,42.8
STORE_2,FOODS_2_008,2434,42.8
STORE_2,FOODS_2_008,2435,42.8
STORE_2,FOODS_2_008,2436,42.8
STORE_2,FOODS_2_008,2437,42.8
STORE_2,FOODS_2_008,2438,42.8
STORE_2,FOODS_2_008,2439,42.8
STORE_2,FOODS_2_008,2440,42.8
STORE_2,FOODS_2_008,2441,42.8
STORE_2,FOODS_2_008,2442,42.8
STORE_2,FOODS_2_008,2443,42.8
STORE_2,FOODS_2_008,2444,42.8
STORE_2,FOODS_2_008,2445,42.8
STORE_2,FOODS_2_008,2446,42.8
STORE_2,FOODS_2_008,2447,36.93
STORE_2,FOODS_2_008,2448,36.93
STORE_2,FOODS_2_008,2449,36.93
STORE_2,FOODS_2_008,2450,36.93
STORE_2,FOODS_2_008,2451,36.93
STORE_2,FOODS_2_008,2452,36.93
STORE_2,FOODS_2_008,2501,36.93
STORE_2,FOODS_2_008,2502,36.93
STORE_2,FOODS_2_008,2503,36.93
STORE_2,FOODS_2_008,2504,36.93
STORE_2,FOODS_2_008,2505,36.93
STORE_2,HOBBIES_1_001,2252,30.75
STORE_2,HOBBIES_1_001,2201,30.75
STORE_2,HOBBIES_1_001,2202,30.75
STORE_2,HOBBIES_1_001,2203,30.75
STORE_2,HOBBIES_1_001,2204,30.75
STORE_2,HOBBIES_1_001,2205,30.75
STORE_2,HOBBIES_1_001,2206,30.75
STORE_2,HOBBIES_1_001,2207,30.75
STORE_2,HOBBIES_1_001,2208,25.59
STORE_2,HOBBIES_1_001,2209,25.59
STORE_2,HOBBIES_1_001,2210,25.59
STORE_2,HOBBIES_1_001,2211,25.59
STORE_2,HOBBIES_1_001,2212,25.59
STORE_2,HOBBIES_1_001,2213,25.59
STORE_2,HOBBIES_1_001,2214,25.59
STORE_2,HOBBIES_1_001,2215,25.59
STORE_2,HOBBIES_1_001,2216,25.59
STORE_2,HOBBIES_1_001,2217,25.59
STORE_2,HOBBIES_1_001,2218,25.59
STORE_2,HOBBIES_1_001,2219,25.59
STORE_2,HOBBIES_1_001,2220,25.59
STORE_2,HOBBIES_1_001,2221,25.59
STORE_2,HOBBIES_1_001,2222,25.59
STORE_2,HOBBIES_1_001,2223,25.59
STORE_2,HOBBIES_1_001,2224,31.13
STORE_2,HOBBIES_1_001,2225,31.13
STORE_2,HOBBIES_1_001,2226,31.13
STORE_2,HOBBIES_1_001,2227,31.13
STORE_2,HOBBIES_1_001,2228,31.13
STORE_2,HOBBIES_1_001,2229,31.13
STORE_2,HOBBIES_1_001,2230,31.13
STORE_2,HOBBIES_1_001,2231,31.13
STORE_2,HOBBIES_1_001,2232,31.13
STORE_2,HOBBIES_1_001,2233,31.13
STORE_2,HOBBIES_1_001,2234,31.13
STORE_2,HOBBIES_1_001,2235,31.13
STORE_2,HOBBIES_1_001,2236,31.13
STORE_2,HOBBIES_1_001,2237,31.13
STORE_2,HOBBIES_1_001,2238,31.13
STORE_2,HOBBIES_1_001,2239,31.13
STORE_2,HOBBIES_1_001,2240,31.13
STORE_2,HOBBIES_1_001,2241,31.13
STORE_2,HOBBIES_1_001,2242,31.13
STORE_2,HOBBIES_1_001,2243,31.13
STORE_2,HOBBIES_1_001,2244,31.13
STORE_2,HOBBIES_1_001,2245,31.13
STORE_2,HOBBIES_1_001,2246,31.13
STORE_2,HOBBIES_1_001,2247,31.13
STORE_2,HOBBIES_1_001,2248,31.13
STORE_2,HOBBIES_1_001,2249,31.13
STORE_2,HOBBIES_1_001,2250,31.13
STORE_2,HOBBIES_1_001,2251,31.13
STORE_2,HOBBIES_1_001,2352,31.13
STORE_2,HOBBIES_1_001,2301,31.13
STORE_2,HOBBIES_1_001,2302,31.13
STORE_2,HOBBIES_1_001,2303,31.13
STORE_2,HOBBIES_1_001,2304,31.13
STORE_2,HOBBIES_1_001,2305,31.13
STORE_2,HOBBIES_1_001,2306,31.13
STORE_2,HOBBIES_1_001,2307,31.13
STORE_2,HOBBIES_1_001,2308,31.13
STORE_2,HOBBIES_1_001,2309,31.13
STORE_2,HOBBIES_1_001,2310,31.13
STORE_2,HOBBIES_1_001,2311,31.13
STORE_2,HOBBIES_1_001,2312,31.13
STORE_2,HOBBIES_1_001,2313,31.13
STORE_2,HOBBIES_1_001,2314,31.13
STORE_2,HOBBIES_1_001,2315,31.13
STORE_2,HOBBIES_1_001,2316,31.13
STORE_2,HOBBIES_1_001,2317,31.13
STORE_2,HOBBIES_1_001,2318,31.13
STORE_2,HOBBIES_1_001,2319,31.13
STORE_2,HOBBIES_1_001,2320,31.13
STORE_2,HOBBIES_1_001,2321,31.13
STORE_2,HOBBIES_1_001,2322,31.13
STORE_2,HOBBIES_1_001,2323,31.13
STORE_2,HOBBIES_1_001,2324,31.13
STORE_2,HOBBIES_1_001,2325,31.13
STORE_2,HOBBIES_1_001,2326,31.13
STORE_2,HOBBIES_1_001,2327,31.13
STORE_2,HOBBIES_1_001,2328,31.13
STORE_2,HOBBIES_1_001,2329,31.13
STORE_2,HOBBIES_1_001,2330,31.13
STORE_2,HOBBIES_1_001,2331,31.13
STORE_2,HOBBIES_1_001,2332,31.13
STORE_2,HOBBIES_1_001,2333,31.13
STORE_2,HOBBIES_1_001,2334,31.13
STORE_2,HOBBIES_1_001,2335,31.13
STORE_2,HOBBIES_1_001,2336,31.13
STORE_2,HOBBIES_1_001,2337,31.13
STORE_2,HOBBIES_1_001,2338,31.13
STORE_2,HOBBIES_1_001,2339,31.13
STORE_2,HOBBIES_1_001,2340,31.13
STORE_2,HOBBIES_1_001,2341,31.13
STORE_2,HOBBIES_1_001,2342,31.13
STORE_2,HOBBIES_1_001,2343,31.13
STORE_2,HOBBIES_1_001,2344,31.13
STORE_2,HOBBIES_1_001,2345,31.13
STORE_2,HOBBIES_1_001,2346,31.13
STORE_2,HOBBIES_1_001,2347,31.13
STORE_2,HOBBIES_1_001,2348,31.13
STORE_2,HOBBIES_1_001,2349,31.13
STORE_2,HOBBIES_1_001,2350,31.13
STORE_2,HOBBIES_1_001,2351,31.13
STORE_2,HOBBIES_1_001,2401,31.13
STORE_2,HOBBIES_1_001,2402,31.13
STORE_2,HOBBIES_1_001,2403,31.13
STORE_2,HOBBIES_1_001,2404,31.13
STORE_2,HOBBIES_1_001,2405,31.13
STORE_2,HOBBIES_1_001,2406,31.13
STORE_2,HOBBIES_1_001,2407,31.13
STORE_2,HOBBIES_1_001,2408,31.13
STORE_2,HOBBIES_1_001,2409,31.13
STORE_2,HOBBIES_1_001,2410,31.13
STORE_2,HOBBIES_1_001,2411,31.13
STORE_2,HOBBIES_1_001,2412,31.13
STORE_2,HOBBIES_1_001,2413,31.13
STORE_2,HOBBIES_1_001,2414,31.13
STORE_2,HOBBIES_1_001,2415,31.13
STORE_2,HOBBIES_1_001,2416,31.13
STORE_2,HOBBIES_1_001,2417,31.13
STORE_2,HOBBIES_1_001,2418,31.13
STORE_2,HOBBIES_1_001,2419,31.13
STORE_2,HOBBIES_1_001,2420,31.13
STORE_2,HOBBIES_1_001,2421,31.13
STORE_2,HOBBIES_1_001,2422,31.13
STORE_2,HOBBIES_1_001,2423,31.13
STORE_2,HOBBIES_1_001,2424,31.13
STORE_2,HOBBIES_1_001,2425,31.13
STORE_2,HOBBIES_1_001,2426,31.13
STORE_2,HOBBIES_1_001,2427,31.13
STORE_2,HOBBIES_1_001,2428,31.13
STORE_2,HOBBIES_1_001,2429,32.74
STORE_2,HOBBIES_1_001,2430,32.74
STORE_2,HOBBIES_1_001,2431,32.74
STORE_2,HOBBIES_1_001,2432,32.74
STORE_2,HOBBIES_1_001,2433,32.74
STORE_2,HOBBIES_1_001,2434,32.74
STORE_2,HOBBIES_1_001,2435,32.74
STORE_2,HOBBIES_1_001,2436,32.74
STORE_2,HOBBIES_1_001,2437,32.74
STORE_2,HOBBIES_1_001,2438,32.74
STORE_2,HOBBIES_1_001,2439,32.74
STORE_2,HOBBIES_1_001,2440,32.74
STORE_2,HOBBIES_1_001,2441,32.74
STORE_2,HOBBIES_1_001,2442,32.74
STORE_2,HOBBIES_1_001,2443,32.74
STORE_2,HOBBIES_1_001,2444,32.74
STORE_2,HOBBIES_1_001,2445,32.74
STORE_2,HOBBIES_1_001,2446,32.74
STORE_2,HOBBIES_1_001,2447,32.74
STORE_2,HOBBIES_1_001,2448,32.74
STORE_2,HOBBIES_1_001,2449,32.74
STORE_2,HOBBIES_1_001,2450,32.74
STORE_2,HOBBIES_1_001,2451,32.74
STORE_2,HOBBIES_1_001,2452,32.74
STORE_2,HOBBIES_1_001,2501,32.74
STORE_2,HOBBIES_1_001,2502,32.74
STORE_2,HOBBIES_1_001,2503,32.74
STORE_2,HOBBIES_1_001,2504,32.74
STORE_2,HOBBIES_1_001,2505,32.74
STORE_2,HOBBIES_1_002,2252,22.2
STORE_2,HOBBIES_1_002,2201,22.2
STORE_2,HOBBIES_1_002,2202,22.2
STORE_2,HOBBIES_1_002,2203,22.2
STORE_2,HOBBIES_1_002,2204,22.2
STORE_2,HOBBIES_1_002,2205,22.2
STORE_2,HOBBIES_1_002,2206,22.2
STORE_2,HOBBIES_1_002,2207,22.2
STORE_2,HOBBIES_1_002,2208,22.2
STORE_2,HOBBIES_1_002,2209,22.2
STORE_2,HOBBIES_1_002,2210,22.2
STORE_2,HOBBIES_1_002,2211,22.2
STORE_2,HOBBIES_1_002,2212,22.2
STORE_2,HOBBIES_1_002,2213,22.2
STORE_2,HOBBIES_1_002,2214,22.2
STORE_2,HOBBIES_1_002,2215,22.2
STORE_2,HOBBIES_1_002,2216,17.92
STORE_2,HOBBIES_1_002,2217,17.92
STORE_2,HOBBIES_1_002,2218,17.92
STORE_2,HOBBIES_1_002,2219,17.92
STORE_2,HOBBIES_1_002,2220,17.92
STORE_2,HOBBIES_1_002,2221,17.92
STORE_2,HOBBIES_1_002,2222,17.92
STORE_2,HOBBIES_1_002,2223,17.92
STORE_2,HOBBIES_1_002,2224,17.92
STORE_2,HOBBIES_1_002,2225,17.92
STORE_2,HOBBIES_1_002,2226,17.92
STORE_2,HOBBIES_1_002,2227,17.92
STORE_2,HOBBIES_1_002,2228,17.92
STORE_2,HOBBIES_1_002,2229,17.92
STORE_2,HOBBIES_1_002,2230,17.92
STORE_2,HOBBIES_1_002,2231,17.92
STORE_2,HOBBIES_1_002,2232,17.92
STORE_2,HOBBIES_1_002,2233,17.92
STORE_2,HOBBIES_1_002,2234,17.92
STORE_2,HOBBIES_1_002,2235,17.92
STORE_2,HOBBIES_1_002,2236,17.92
STORE_2,HOBBIES_1_002,2237,17.92
STORE_2,HOBBIES_1_002,2238,17.92
STORE_2,HOBBIES_1_002,2239,17.92
STORE_2,HOBBIES_1_002,2240,17.92
STORE_2,HOBBIES_1_002,2241,17.92
STORE_2,HOBBIES_1_002,2242,17.92
STORE_2,HOBBIES_1_002,2243,17.92
STORE_2,HOBBIES_1_002,2244,17.92
STORE_2,HOBBIES_1_002,2245,17.92
STORE_2,HOBBIES_1_002,2246,17.92
STORE_2,HOBBIES_1_002,2247,17.92
STORE_2,HOBBIES_1_002,2248,17.92
STORE_2,HOBBIES_1_002,2249,17.92
STORE_2,HOBBIES_1_002,2250,17.92
STORE_2,HOBBIES_1_002,2251,17.92
STORE_2,HOBBIES_1_002,2352,17.92
STORE_2,HOBBIES_1_002,2301,17.92
STORE_2,HOBBIES_1_002,2302,17.92
STORE_2,HOBBIES_1_002,2303,25.29
STORE_2,HOBBIES_1_002,2304,25.29
STORE_2,HOBBIES_1_002,2305,25.29
STORE_2,HOBBIES_1_002,2306,25.29
STORE_2,HOBBIES_1_002,2307,25.29
STORE_2,HOBBIES_1_002,2308,25.29
STORE_2,HOBBIES_1_002,2309,25.29
STORE_2,HOBBIES_1_002,2310,25.29
STORE_2,HOBBIES_1_002,2311,25.29
STORE_2,HOBBIES_1_002,2312,25.29
STORE_2,HOBBIES_1_002,2313,25.29
STORE_2,HOBBIES_1_002,2314,25.29
STORE_2,HOBBIES_1_002,2315,25.29
STORE_2,HOBBIES_1_002,2316,25.29
STORE_2,HOBBIES_1_002,2317,25.29
STORE_2,HOBBIES_1_002,2318,25.29
STORE_2,HOBBIES_1_002,2319,25.29
STORE_2,HOBBIES_1_002,2320,25.29
STORE_2,HOBBIES_1_002,2321,25.29
STORE_2,HOBBIES_1_002,2322,25.29
STORE_2,HOBBIES_1_002,2323,25.29
STORE_2,HOBBIES_1_002,2324,25.29
STORE_2,HOBBIES_1_002,2325,25.29
STORE_2,HOBBIES_1_002,2326,25.29
STORE_2,HOBBIES_1_002,2327,25.29
STORE_2,HOBBIES_1_002,2328,25.29
STORE_2,HOBBIES_1_002,2329,25.29
STORE_2,HOBBIES_1_002,2330,25.29
STORE_2,HOBBIES_1_002,2331,25.29
STORE_2,HOBBIES_1_002,2332,25.29
STORE_2,HOBBIES_1_002,2333,25.29
STORE_2,HOBBIES_1_002,2334,25.29
STORE_2,HOBBIES_1_002,2335,25.29
STORE_2,HOBBIES_1_002,2336,25.29
STORE_2,HOBBIES_1_002,2337,25.29
STORE_2,HOBBIES_1_002,2338,25.29
STORE_2,HOBBIES_1_002,2339,25.29
STORE_2,HOBBIES_1_002,2340,25.29
STORE_2,HOBBIES_1_002,2341,25.29
STORE_2,HOBBIES_1_002,2342,25.29
STORE_2,HOBBIES_1_002,2343,25.29
STORE_2,HOBBIES_1_002,2344,25.29
STORE_2,HOBBIES_1_002,2345,25.29
STORE_2,HOBBIES_1_002,2346,25.29
STORE_2,HOBBIES_1_002,2347,25.29
STORE_2,HOBBIES_1_002,2348,25.29
STORE_2,HOBBIES_1_002,2349,25.29
STORE_2,HOBBIES_1_002,2350,25.29
STORE_2,HOBBIES_1_002,2351,25.29
STORE_2,HOBBIES_1_002,2401,25.29
STORE_2,HOBBIES_1_002,2402,20.81
STORE_2,HOBBIES_1_002,2403,20.81
STORE_2,HOBBIES_1_002,2404,20.81
STORE_2,HOBBIES_1_002,2405,20.82
STORE_2,HOBBIES_1_002,2406,20.82
STORE_2,HOBBIES_1_002,2407,20.82
STORE_2,HOBBIES_1_002,2408,20.82
STORE_2,HOBBIES_1_002,2409,20.82
STORE_2,HOBBIES_1_002,2410,20.82
STORE_2,HOBBIES_1_002,2411,20.82
STORE_2,HOBBIES_1_002,2412,20.82
STORE_2,HOBBIES_1_002,2413,20.82
STORE_2,HOBBIES_1_002,2414,20.82
STORE_2,HOBBIES_1_002,2415,20.82
STORE_2,HOBBIES_1_002,2416,20.82
STORE_2,HOBBIES_1_002,2417,20.82
STORE_2,HOBBIES_1_002,2418,20.82
STORE_2,HOBBIES_1_002,2419,20.82
STORE_2,HOBBIES_1_002,2420,18.37
STORE_2,HOBBIES_1_002,2421,18.37
STORE_2,HOBBIES_1_002,2422,18.37
STORE_2,HOBBIES_1_002,2423,18.37
STORE_2,HOBBIES_1_002,2424,18.37
STORE_2,HOBBIES_1_002,2425,18.37
STORE_2,HOBBIES_1_002,2426,18.37
STORE_2,HOBBIES_1_002,2427,18.37
STORE_2,HOBBIES_1_002,2428,18.37
STORE_2,HOBBIES_1_002,2429,18.37
STORE_2,HOBBIES_1_002,2430,18.37
STORE_2,HOBBIES_1_002,2431,18.37
STORE_2,HOBBIES_1_002,2432,18.37
STORE_2,HOBBIES_1_002,2433,18.37
STORE_2,HOBBIES_1_002,2434,18.37
STORE_2,HOBBIES_1_002,2435,18.37
STORE_2,HOBBIES_1_002,2436,18.37
STORE_2,HOBBIES_1_002,2437,18.37
STORE_2,HOBBIES_1_002,2438,19.01
STORE_2,HOBBIES_1_002,2439,19.01
STORE_2,HOBBIES_1_002,2440,19.01
STORE_2,HOBBIES_1_002,2441,19.01
STORE_2,HOBBIES_1_002,2442,19.01
STORE_2,HOBBIES_1_002,2443,19.01
STORE_2,HOBBIES_1_002,2444,19.01
STORE_2,HOBBIES_1_002,2445,19.01
STORE_2,HOBBIES_1_002,2446,19.01
STORE_2,HOBBIES_1_002,2447,19.01
STORE_2,HOBBIES_1_002,2448,19.01
STORE_2,HOBBIES_1_002,2449,19.01
STORE_2,HOBBIES_1_002,2450,19.01
STORE_2,HOBBIES_1_002,2451,19.01
STORE_2,HOBBIES_1_002,2452,19.01
STORE_2,HOBBIES_1_002,2501,19.01
STORE_2,HOBBIES_1_002,2502,19.01
STORE_2,HOBBIES_1_002,2503,19.01
STORE_2,HOBBIES_1_002,2504,19.01
STORE_2,HOBBIES_1_002,2505,19.01
STORE_2,HOBBIES_1_003,2252,3.79
STORE_2,HOBBIES_1_003,2201,3.79
STORE_2,HOBBIES_1_003,2202,3.79
STORE_2,HOBBIES_1_003,2203,3.79
STORE_2,HOBBIES_1_003,2204,3.79
STORE_2,HOBBIES_1_003,2205,3.79
STORE_2,HOBBIES_1_003,2206,3.79
STORE_2,HOBBIES_1_003,2207,3.79
STORE_2,HOBBIES_1_003,2208,3.79
STORE_2,HOBBIES_1_003,2209,3.79
STORE_2,HOBBIES_1_003,2210,3.79
STORE_2,HOBBIES_1_003,2211,3.79
STORE_2,HOBBIES_1_003,2212,3.79
STORE_2,HOBBIES_1_003,2213,3.79
STORE_2,HOBBIES_1_003,2214,3.79
STORE_2,HOBBIES_1_003,2215,3.79
STORE_2,HOBBIES_1_003,2216,3.79
STORE_2,HOBBIES_1_003,2217,3.79
STORE_2,HOBBIES_1_003,2218,3.79
STORE_2,HOBBIES_1_003,2219,3.79
STORE_2,HOBBIES_1_003,2220,3.79
STORE_2,HOBBIES_1_003,2221,3.79
STORE_2,HOBBIES_1_003,2222,3.79
STORE_2,HOBBIES_1_003,2223,2.96
STORE_2,HOBBIES_1_003,2224,2.96
STORE_2,HOBBIES_1_003,2225,2.96
STORE_2,HOBBIES_1_003,2226,2.96
STORE_2,HOBBIES_1_003,2227,2.96
STORE_2,HOBBIES_1_003,2228,2.96
STORE_2,HOBBIES_1_003,2229,2.96
STORE_2,HOBBIES_1_003,2230,2.96
STORE_2,HOBBIES_1_003,2231,2.96
STORE_2,HOBBIES_1_003,2232,2.96
STORE_2,HOBBIES_1_003,2233,2.96
STORE_2,HOBBIES_1_003,2234,2.96
STORE_2,HOBBIES_1_003,2235,2.96
STORE_2,HOBBIES_1_003,2236,2.96
STORE_2,HOBBIES_1_003,2237,2.96
STORE_2,HOBBIES_1_003,2238,4.02
STORE_2,HOBBIES_1_003,2239,4.02
STORE_2,HOBBIES_1_003,2240,4.02
STORE_2,HOBBIES_1_003,2241,4.02
STORE_2,HOBBIES_1_003,2242,4.02
STORE_2,HOBBIES_1_003,2243,4.02
STORE_2,HOBBIES_1_003,2244,4.02
STORE_2,HOBBIES_1_003,2245,4.02
STORE_2,HOBBIES_1_003,2246,4.02
STORE_2,HOBBIES_1_003,2247,4.02
STORE_2,HOBBIES_1_003,2248,4.02
STORE_2,HOBBIES_1_003,2249,4.02
STORE_2,HOBBIES_1_003,2250,4.02
STORE_2,HOBBIES_1_003,2251,4.02
STORE_2,HOBBIES_1_003,2352,4.02
STORE_2,HOBBIES_1_003,2301,4.02
STORE_2,HOBBIES_1_003,2302,4.02
STORE_2,HOBBIES_1_003,2303,4.02
STORE_2,HOBBIES_1_003,2304,4.02
STORE_2,HOBBIES_1_003,2305,4.02
STORE_2,HOBBIES_1_003,2306,4.02
STORE_2,HOBBIES_1_003,2307,4.02
STORE_2,HOBBIES_1_003,2308,4.02
STORE_2,HOBBIES_1_003,2309,4.02
STORE_2,HOBBIES_1_003,2310,4.02
STORE_2,HOBBIES_1_003,2311,4.02
STORE_2,HOBBIES_1_003,2312,4.02
STORE_2,HOBBIES_1_003,2313,4.02
STORE_2,HOBBIES_1_003,2314,4.02
STORE_2,HOBBIES_1_003,2315,4.02
STORE_2,HOBBIES_1_003,2316,4.02
STORE_2,HOBBIES_1_003,2317,4.02
STORE_2,HOBBIES_1_003,2318,4.02
STORE_2,HOBBIES_1_003,2319,4.02
STORE_2,HOBBIES_1_003,2320,4.02
STORE_2,HOBBIES_1_003,2321,4.02
STORE_2,HOBBIES_1_003,2322,3.61
STORE_2,HOBBIES_1_003,2323,3.61
STORE_2,HOBBIES_1_003,2324,3.61
STORE_2,HOBBIES_1_003,2325,3.61
STORE_2,HOBBIES_1_003,2326,3.61
STORE_2,HOBBIES_1_003,2327,3.61
STORE_2,HOBBIES_1_003,2328,3.61
STORE_2,HOBBIES_1_003,2329,3.61
STORE_2,HOBBIES_1_003,2330,3.61
STORE_2,HOBBIES_1_003,2331,3.61
STORE_2,HOBBIES_1_003,2332,3.61
STORE_2,HOBBIES_1_003,2333,3.61
STORE_2,HOBBIES_1_003,2334,3.61
STORE_2,HOBBIES_1_003,2335,3.61
STORE_2,HOBBIES_1_003,2336,3.61
STORE_2,HOBBIES_1_003,2337,3.61
STORE_2,HOBBIES_1_003,2338,3.61
STORE_2,HOBBIES_1_003,2339,3.61
STORE_2,HOBBIES_1_003,2340,3.61
STORE_2,HOBBIES_1_003,2341,3.61
STORE_2,HOBBIES_1_003,2342,3.61
STORE_2,HOBBIES_1_003,2343,3.61
STORE_2,HOBBIES_1_003,2344,3.61
STORE_2,HOBBIES_1_003,2345,3.61
STORE_2,HOBBIES_1_003,2346,3.61
STORE_2,HOBBIES_1_003,2347,3.61
STORE_2,HOBBIES_1_003,2348,3.61
STORE_2,HOBBIES_1_003,2349,3.61
STORE_2,HOBBIES_1_003,2350,3.61
STORE_2,HOBBIES_1_003,2351,3.61
STORE_2,HOBBIES_1_003,2401,3.61
STORE_2,HOBBIES_1_003,2402,3.61
STORE_2,HOBBIES_1_003,2403,3.61
STORE_2,HOBBIES_1_003,2404,3.61
STORE_2,HOBBIES_1_003,2405,3.61
STORE_2,HOBBIES_1_003,2406,3.61
STORE_2,HOBBIES_1_003,2407,3.61
STORE_2,HOBBIES_1_003,2408,3.61
STORE_2,HOBBIES_1_003,2409,3.61
STORE_2,HOBBIES_1_003,2410,3.61
STORE_2,HOBBIES_1_003,2411,3.61
STORE_2,HOBBIES_1_003,2412,3.61
STORE_2,HOBBIES_1_003,2413,3.61
STORE_2,HOBBIES_1_003,2414,3.61
STORE_2,HOBBIES_1_003,2415,3.61
STORE_2,HOBBIES_1_003,2416,3.61
STORE_2,HOBBIES_1_003,2417,3.61
STORE_2,HOBBIES_1_003,2418,3.61
STORE_2,HOBBIES_1_003,2419,3.61
STORE_2,HOBBIES_1_003,2420,3.61
STORE_2,HOBBIES_1_003,2421,3.61
STORE_2,HOBBIES_1_003,2422,3.61
STORE_2,HOBBIES_1_003,2423,3.61
STORE_2,HOBBIES_1_003,2424,3.61
STORE_2,HOBBIES_1_003,2425,3.61
STORE_2,HOBBIES_1_003,2426,3.61
STORE_2,HOBBIES_1_003,2427,3.61
STORE_2,HOBBIES_1_003,2428,3.61
STORE_2,HOBBIES_1_003,2429,3.61
STORE_2,HOBBIES_1_003,2430,3.61
STORE_2,HOBBIES_1_003,2431,3.61
STORE_2,HOBBIES_1_003,2432,3.61
STORE_2,HOBBIES_1_003,2433,3.61
STORE_2,HOBBIES_1_003,2434,3.61
STORE_2,HOBBIES_1_003,2435,2.95
STORE_2,HOBBIES_1_003,2436,2.95
STORE_2,HOBBIES_1_003,2437,2.95
STORE_2,HOBBIES_1_003,2438,2.95
STORE_2,HOBBIES_1_003,2439,2.95
STORE_2,HOBBIES_1_003,2440,2.95
STORE_2,HOBBIES_1_003,2441,2.95
STORE_2,HOBBIES_1_003,2442,2.95
STORE_2,HOBBIES_1_003,2443,2.95
STORE_2,HOBBIES_1_003,2444,2.95
STORE_2,HOBBIES_1_003,2445,2.95
STORE_2,HOBBIES_1_003,2446,2.95
STORE_2,HOBBIES_1_003,2447,3.79
STORE_2,HOBBIES_1_003,2448,3.79
STORE_2,HOBBIES_1_003,2449,3.79
STORE_2,HOBBIES_1_003,2450,3.79
STORE_2,HOBBIES_1_003,2451,3.79
STORE_2,HOBBIES_1_003,2452,3.79
STORE_2,HOBBIES_1_003,2501,3.79
STORE_2,HOBBIES_1_003,2502,3.79
STORE_2,HOBBIES_1_003,2503,3.79
STORE_2,HOBBIES_1_003,2504,3.79
STORE_2,HOBBIES_1_003,2505,3.79
STORE_2,HOBBIES_1_004,2252,56.82
STORE_2,HOBBIES_1_004,2201,56.82
STORE_2,HOBBIES_1_004,2202,56.82
STORE_2,HOBBIES_1_004,2203,56.82
STORE_2,HOBBIES_1_004,2204,56.82
STORE_2,HOBBIES_1_004,2205,56.82
STORE_2,HOBBIES_1_004,2206,56.82
STORE_2,HOBBIES_1_004,2207,56.82
STORE_2,HOBBIES_1_004,2208,56.82
STORE_2,HOBBIES_1_004,2209,56.82
STORE_2,HOBBIES_1_004,2210,56.82
STORE_2,HOBBIES_1_004,2211,56.82
STORE_2,HOBBIES_1_004,2212,56.82
STORE_2,HOBBIES_1_004,2213,56.82
STORE_2,HOBBIES_1_004,2214,56.82
STORE_2,HOBBIES_1_004,2215,56.82
STORE_2,HOBBIES_1_004,2216,56.82
STORE_2,HOBBIES_1_004,2217,56.82
STORE_2,HOBBIES_1_004,2218,56.82
STORE_2,HOBBIES_1_004,2219,56.82
STORE_2,HOBBIES_1_004,2220,56.82
STORE_2,HOBBIES_1_004,2221,56.82
STORE_2,HOBBIES_1_004,2222,56.82
STORE_2,HOBBIES_1_004,2223,56.82
STORE_2,HOBBIES_1_004,2224,56.82
STORE_2,HOBBIES_1_004,2225,56.82
STORE_2,HOBBIES_1_004,2226,56.82
STORE_2,HOBBIES_1_004,2227,56.82
STORE_2,HOBBIES_1_004,2228,56.82
STORE_2,HOBBIES_1_004,2229,56.82
STORE_2,HOBBIES_1_004,2230,56.82
STORE_2,HOBBIES_1_004,2231,50.59
STORE_2,HOBBIES_1_004,2232,50.59
STORE_2,HOBBIES_1_004,2233,50.59
STORE_2,HOBBIES_1_004,2234,58.44
STORE_2,HOBBIES_1_004,2235,58.44
STORE_2,HOBBIES_1_004,2236,58.44
STORE_2,HOBBIES_1_004,2237,58.44
STORE_2,HOBBIES_1_004,2238,58.44
STORE_2,HOBBIES_1_004,2239,58.44
STORE_2,HOBBIES_1_004,2240,58.44
STORE_2,HOBBIES_1_004,2241,58.44
STORE_2,HOBBIES_1_004,2242,58.44
STORE_2,HOBBIES_1_004,2243,58.44
STORE_2,HOBBIES_1_004,2244,58.44
STORE_2,HOBBIES_1_004,2245,58.44
STORE_2,HOBBIES_1_004,2246,58.44
STORE_2,HOBBIES_1_004,2247,58.44
STORE_2,HOBBIES_1_004,2248,58.44
STORE_2,HOBBIES_1_004,2249,58.44
STORE_2,HOBBIES_1_004,2250,58.44
STORE_2,HOBBIES_1_004,2251,58.44
STORE_2,HOBBIES_1_004,2352,58.44
STORE_2,HOBBIES_1_004,2301,58.44
STORE_2,HOBBIES_1_004,2302,58.44
STORE_2,HOBBIES_1_004,2303,55.48
STORE_2,HOBBIES_1_004,2304,55.48
STORE_2,HOBBIES_1_004,2305,55.48
STORE_2,HOBBIES_1_004,2306,55.48
STORE_2,HOBBIES_1_004,2307,55.48
STORE_2,HOBBIES_1_004,2308,55.48
STORE_2,HOBBIES_1_004,2309,55.48
STORE_2,HOBBIES_1_004,2310,55.48
STORE_2,HOBBIES_1_004,2311,60.37
STORE_2,HOBBIES_1_004,2312,60.37
STORE_2,HOBBIES_1_004,2313,60.37
STORE_2,HOBBIES_1_004,2314,60.37
STORE_2,HOBBIES_1_004,2315,60.37
STORE_2,HOBBIES_1_004,2316,60.37
STORE_2,HOBBIES_1_004,2317,60.37
STORE_2,HOBBIES_1_004,2318,60.37
STORE_2,HOBBIES_1_004,2319,62.32
STORE_2,HOBBIES_1_004,2320,62.32
STORE_2,HOBBIES_1_004,2321,62.32
STORE_2,HOBBIES_1_004,2322,62.32
STORE_2,HOBBIES_1_004,2323,62.32
STORE_2,HOBBIES_1_004,2324,62.32
STORE_2,HOBBIES_1_004,2325,62.32
STORE_2,HOBBIES_1_004,2326,62.32
STORE_2,HOBBIES_1_004,2327,62.32
STORE_2,HOBBIES_1_004,2328,62.32
STORE_2,HOBBIES_1_004,2329,62.32
STORE_2,HOBBIES_1_004,2330,62.32
STORE_2,HOBBIES_1_004,2331,62.32
STORE_2,HOBBIES_1_004,2332,62.32
STORE_2,HOBBIES_1_004,2333,62.32
STORE_2,HOBBIES_1_004,2334,62.32
STORE_2,HOBBIES_1_004,2335,62.32
STORE_2,HOBBIES_1_004,2336,62.32
STORE_2,HOBBIES_1_004,2337,62.32
STORE_2,HOBBIES_1_004,2338,62.32
STORE_2,HOBBIES_1_004,2339,62.32
STORE_2,HOBBIES_1_004,2340,62.32
STORE_2,HOBBIES_1_004,2341,62.32
STORE_2,HOBBIES_1_004,2342,62.32
STORE_2,HOBBIES_1_004,2343,62.32
STORE_2,HOBBIES_1_004,2344,46.43
STORE_2,HOBBIES_1_004,2345,46.43
STORE_2,HOBBIES_1_004,2346,46.43
STORE_2,HOBBIES_1_004,2347,46.43
STORE_2,HOBBIES_1_004,2348,46.43
STORE_2,HOBBIES_1_004,2349,46.43
STORE_2,HOBBIES_1_004,2350,46.43
STORE_2,HOBBIES_1_004,2351,46.43
STORE_2,HOBBIES_1_004,2401,46.43
STORE_2,HOBBIES_1_004,2402,46.43
STORE_2,HOBBIES_1_004,2403,46.43
STORE_2,HOBBIES_1_004,2404,46.43
STORE_2,HOBBIES_1_004,2405,46.43
STORE_2,HOBBIES_1_004,2406,46.43
STORE_2,HOBBIES_1_004,2407,46.43
STORE_2,HOBBIES_1_004,2408,46.43
STORE_2,HOBBIES_1_004,2409,46.43
STORE_2,HOBBIES_1_004,2410,46.43
STORE_2,HOBBIES_1_004,2411,46.43
STORE_2,HOBBIES_1_004,2412,46.43
STORE_2,HOBBIES_1_004,2413,46.43
STORE_2,HOBBIES_1_004,2414,46.43
STORE_2,HOBBIES_1_004,2415,46.43
STORE_2,HOBBIES_1_004,2416,46.43
STORE_2,HOBBIES_1_004,2417,46.43
STORE_2,HOBBIES_1_004,2418,46.43
STORE_2,HOBBIES_1_004,2419,46.43
STORE_2,HOBBIES_1_004,2420,46.43
STORE_2,HOBBIES_1_004,2421,46.43
STORE_2,HOBBIES_1_004,2422,46.43
STORE_2,HOBBIES_1_004,2423,46.43
STORE_2,HOBBIES_1_004,2424,46.43
STORE_2,HOBBIES_1_004,2425,46.43
STORE_2,HOBBIES_1_004,2426,46.43
STORE_2,HOBBIES_1_004,2427,46.43
STORE_2,HOBBIES_1_004,2428,46.43
STORE_2,HOBBIES_1_004,2429,46.43
STORE_2,HOBBIES_1_004,2430,46.43
STORE_2,HOBBIES_1_004,2431,46.43
STORE_2,HOBBIES_1_004,2432,46.43
STORE_2,HOBBIES_1_004,2433,46.79
STORE_2,HOBBIES_1_004,2434,46.79
STORE_2,HOBBIES_1_004,2435,46.79
STORE_2,HOBBIES_1_004,2436,64.52
STORE_2,HOBBIES_1_004,2437,64.52
STORE_2,HOBBIES_1_004,2438,64.52
STORE_2,HOBBIES_1_004,2439,64.52
STORE_2,HOBBIES_1_004,2440,64.52
STORE_2,HOBBIES_1_004,2441,64.52
STORE_2,HOBBIES_1_004,2442,64.52
STORE_2,HOBBIES_1_004,2443,64.52
STORE_2,HOBBIES_1_004,2444,64.52
STORE_2,HOBBIES_1_004,2445,64.52
STORE_2,HOBBIES_1_004,2446,64.52
STORE_2,HOBBIES_1_004,2447,64.52
STORE_2,HOBBIES_1_004,2448,64.52
STORE_2,HOBBIES_1_004,2449,43.13
STORE_2,HOBBIES_1_004,2450,43.13
STORE_2,HOBBIES_1_004,2451,43.13
STORE_2,HOBBIES_1_004,2452,43.13
STORE_2,HOBBIES_1_004,2501,43.13
STORE_2,HOBBIES_1_004,2502,43.13
STORE_2,HOBBIES_1_004,2503,43.13
STORE_2,HOBBIES_1_004,2504,43.13
STORE_2,HOBBIES_1_004,2505,43.13
STORE_2,HOBBIES_1_005,2252,45.48
STORE_2,HOBBIES_1_005,2201,45.48
STORE_2,HOBBIES_1_005,2202,45.48
STORE_2,HOBBIES_1_005,2203,45.48
STORE_2,HOBBIES_1_005,2204,45.48
STORE_2,HOBBIES_1_005,2205,45.48
STORE_2,HOBBIES_1_005,2206,45.48
STORE_2,HOBBIES_1_005,2207,45.48
STORE_2,HOBBIES_1_005,2208,45.48
STORE_2,HOBBIES_1_005,2209,45.48
STORE_2,HOBBIES_1_005,2210,45.48
STORE_2,HOBBIES_1_005,2211,45.48
STORE_2,HOBBIES_1_005,2212,45.48
STORE_2,HOBBIES_1_005,2213,45.48
STORE_2,HOBBIES_1_005,2214,45.48
STORE_2,HOBBIES_1_005,2215,45.48
STORE_2,HOBBIES_1_005,2216,45.48
STORE_2,HOBBIES_1_005,2217,45.48
STORE_2,HOBBIES_1_005,2218,45.48
STORE_2,HOBBIES_1_005,2219,45.48
STORE_2,HOBBIES_1_005,2220,45.48
STORE_2,HOBBIES_1_005,2221,45.48
STORE_2,HOBBIES_1_005,2222,45.48
STORE_2,HOBBIES_1_005,2223,45.48
STORE_2,HOBBIES_1_005,2224,45.48
STORE_2,HOBBIES_1_005,2225,45.48
STORE_2,HOBBIES_1_005,2226,45.48
STORE_2,HOBBIES_1_005,2227,45.48
STORE_2,HOBBIES_1_005,2228,45.48
STORE_2,HOBBIES_1_005,2229,41.56
STORE_2,HOBBIES_1_005,2230,41.56
STORE_2,HOBBIES_1_005,2231,43.82
STORE_2,HOBBIES_1_005,2232,43.82
STORE_2,HOBBIES_1_005,2233,43.82
STORE_2,HOBBIES_1_005,2234,43.82
STORE_2,HOBBIES_1_005,2235,43.82
STORE_2,HOBBIES_1_005,2236,43.82
STORE_2,HOBBIES_1_005,2237,43.82
STORE_2,HOBBIES_1_005,2238,43.82
STORE_2,HOBBIES_1_005,2239,43.82
STORE_2,HOBBIES_1_005,2240,43.82
STORE_2,HOBBIES_1_005,2241,43.82
STORE_2,HOBBIES_1_005,2242,43.82
STORE_2,HOBBIES_1_005,2243,43.82
STORE_2,HOBBIES_1_005,2244,43.82
STORE_2,HOBBIES_1_005,2245,43.82
STORE_2,HOBBIES_1_005,2246,43.82
STORE_2,HOBBIES_1_005,2247,43.82
STORE_2,HOBBIES_1_005,2248,43.82
STORE_2,HOBBIES_1_005,2249,43.82
STORE_2,HOBBIES_1_005,2250,43.82
STORE_2,HOBBIES_1_005,2251,43.82
STORE_2,HOBBIES_1_005,2352,43.82
STORE_2,HOBBIES_1_005,2301,43.82
STORE_2,HOBBIES_1_005,2302,43.82
STORE_2,HOBBIES_1_005,2303,43.82
STORE_2,HOBBIES_1_005,2304,43.82
STORE_2,HOBBIES_1_005,2305,43.82
STORE_2,HOBBIES_1_005,2306,43.82
STORE_2,HOBBIES_1_005,2307,43.82
STORE_2,HOBBIES_1_005,2308,43.82
STORE_2,HOBBIES_1_005,2309,43.82
STORE_2,HOBBIES_1_005,2310,43.82
STORE_2,HOBBIES_1_005,2311,43.82
STORE_2,HOBBIES_1_005,2312,43.82
STORE_2,HOBBIES_1_005,2313,43.82
STORE_2,HOBBIES_1_005,2314,43.82
STORE_2,HOBBIES_1_005,2315,43.82
STORE_2,HOBBIES_1_005,2316,43.82
STORE_2,HOBBIES_1_005,2317,43.82
STORE_2,HOBBIES_1_005,2318,43.82
STORE_2,HOBBIES_1_005,2319,43.82
STORE_2,HOBBIES_1_005,2320,43.82
STORE_2,HOBBIES_1_005,2321,43.82
STORE_2,HOBBIES_1_005,2322,43.82
STORE_2,HOBBIES_1_005,2323,43.82
STORE_2,HOBBIES_1_005,2324,43.82
STORE_2,HOBBIES_1_005,2325,43.82
STORE_2,HOBBIES_1_005,2326,43.82
STORE_2,HOBBIES_1_005,2327,43.82
STORE_2,HOBBIES_1_005,2328,41.51
STORE_2,HOBBIES_1_005,2329,41.51
STORE_2,HOBBIES_1_005,2330,41.51
STORE_2,HOBBIES_1_005,2331,42.57
STORE_2,HOBBIES_1_005,2332,42.57
STORE_2,HOBBIES_1_005,2333,42.57
STORE_2,HOBBIES_1_005,2334,42.57
STORE_2,HOBBIES_1_005,2335,42.57
STORE_2,HOBBIES_1_005,2336,42.57
STORE_2,HOBBIES_1_005,2337,42.57
STORE_2,HOBBIES_1_005,2338,42.57
STORE_2,HOBBIES_1_005,2339,42.57
STORE_2,HOBBIES_1_005,2340,42.57
STORE_2,HOBBIES_1_005,2341,42.57
STORE_2,HOBBIES_1_005,2342,42.57
STORE_2,HOBBIES_1_005,2343,42.57
STORE_2,HOBBIES_1_005,2344,42.57
STORE_2,HOBBIES_1_005,2345,42.57
STORE_2,HOBBIES_1_005,2346,42.57
STORE_2,HOBBIES_1_005,2347,42.57
STORE_2,HOBBIES_1_005,2348,42.57
STORE_2,HOBBIES_1_005,2349,42.57
STORE_2,HOBBIES_1_005,2350,42.57
STORE_2,HOBBIES_1_005,2351,42.57
STORE_2,HOBBIES_1_005,2401,42.57
STORE_2,HOBBIES_1_005,2402,42.57
STORE_2,HOBBIES_1_005,2403,42.57
STORE_2,HOBBIES_1_005,2404,42.57
STORE_2,HOBBIES_1_005,2405,52.25
STORE_2,HOBBIES_1_005,2406,52.25
STORE_2,HOBBIES_1_005,2407,52.25
STORE_2,HOBBIES_1_005,2408,52.25
STORE_2,HOBBIES_1_005,2409,52.25
STORE_2,HOBBIES_1_005,2410,52.25
STORE_2,HOBBIES_1_005,2411,52.25
STORE_2,HOBBIES_1_005,2412,52.25
STORE_2,HOBBIES_1_005,2413,52.25
STORE_2,HOBBIES_1_005,2414,52.25
STORE_2,HOBBIES_1_005,2415,52.25
STORE_2,HOBBIES_1_005,2416,52.25
STORE_2,HOBBIES_1_005,2417,38.78
STORE_2,HOBBIES_1_005,2418,38.78
STORE_2,HOBBIES_1_005,2419,38.78
STORE_2,HOBBIES_1_005,2420,38.78
STORE_2,HOBBIES_1_005,2421,38.78
STORE_2,HOBBIES_1_005,2422,38.78
STORE_2,HOBBIES_1_005,2423,38.78
STORE_2,HOBBIES_1_005,2424,38.78
STORE_2,HOBBIES_1_005,2425,38.78
STORE_2,HOBBIES_1_005,2426,38.78
STORE_2,HOBBIES_1_005,2427,38.78
STORE_2,HOBBIES_1_005,2428,38.78
STORE_2,HOBBIES_1_005,2429,38.78
STORE_2,HOBBIES_1_005,2430,38.78
STORE_2,HOBBIES_1_005,2431,38.78
STORE_2,HOBBIES_1_005,2432,38.78
STORE_2,HOBBIES_1_005,2433,38.78
STORE_2,HOBBIES_1_005,2434,48.26
STORE_2,HOBBIES_1_005,2435,48.26
STORE_2,HOBBIES_1_005,2436,48.26
STORE_2,HOBBIES_1_005,2437,48.26
STORE_2,HOBBIES_1_005,2438,48.26
STORE_2,HOBBIES_1_005,2439,48.26
STORE_2,HOBBIES_1_005,2440,48.26
STORE_2,HOBBIES_1_005,2441,48.26
STORE_2,HOBBIES_1_005,2442,48.27
STORE_2,HOBBIES_1_005,2443,48.27
STORE_2,HOBBIES_1_005,2444,48.27
STORE_2,HOBBIES_1_005,2445,48.27
STORE_2,HOBBIES_1_005,2446,48.27
STORE_2,HOBBIES_1_005,2447,48.27
STORE_2,HOBBIES_1_005,2448,48.27
STORE_2,HOBBIES_1_005,2449,48.27
STORE_2,HOBBIES_1_005,2450,48.27
STORE_2,HOBBIES_1_005,2451,48.27
STORE_2,HOBBIES_1_005,2452,48.27
STORE_2,HOBBIES_1_005,2501,48.27
STORE_2,HOBBIES_1_005,2502,48.27
STORE_2,HOBBIES_1_005,2503,48.27
STORE_2,HOBBIES_1_005,2504,48.27
STORE_2,HOBBIES_1_005,2505,48.27
STORE_2,HOBBIES_1_006,2252,52.26
STORE_2,HOBBIES_1_006,2201,52.26
STORE_2,HOBBIES_1_006,2202,52.26
STORE_2,HOBBIES_1_006,2203,52.26
STORE_2,HOBBIES_1_006,2204,52.26
STORE_2,HOBBIES_1_006,2205,52.26
STORE_2,HOBBIES_1_006,2206,52.26
STORE_2,HOBBIES_1_006,2207,52.26
STORE_2,HOBBIES_1_006,2208,52.26
STORE_2,HOBBIES_1_006,2209,52.26
STORE_2,HOBBIES_1_006,2210,52.26
STORE_2,HOBBIES_1_006,2211,52.26
STORE_2,HOBBIES_1_006,2212,52.26
STORE_2,HOBBIES_1_006,2213,52.26
STORE_2,HOBBIES_1_006,2214,52.26
STORE_2,HOBBIES_1_006,2215,52.26
STORE_2,HOBBIES_1_006,2216,52.26
STORE_2,HOBBIES_1_006,2217,52.26
STORE_2,HOBBIES_1_006,2218,52.26
STORE_2,HOBBIES_1_006,2219,52.26
STORE_2,HOBBIES_1_006,2220,52.26
STORE_2,HOBBIES_1_006,2221,52.26
STORE_2,HOBBIES_1_006,2222,52.26
STORE_2,HOBBIES_1_006,2223,45.47
STORE_2,HOBBIES_1_006,2224,45.47
STORE_2,HOBBIES_1_006,2225,45.47
STORE_2,HOBBIES_1_006,2226,45.47
STORE_2,HOBBIES_1_006,2227,45.47
STORE_2,HOBBIES_1_006,2228,45.47
STORE_2,HOBBIES_1_006,2229,45.47
STORE_2,HOBBIES_1_006,2230,45.47
STORE_2,HOBBIES_1_006,2231,49.88
STORE_2,HOBBIES_1_006,2232,53.35
STORE_2,HOBBIES_1_006,2233,53.35
STORE_2,HOBBIES_1_006,2234,53.35
STORE_2,HOBBIES_1_006,2235,53.35
STORE_2,HOBBIES_1_006,2236,53.35
STORE_2,HOBBIES_1_006,2237,53.35
STORE_2,HOBBIES_1_006,2238,53.35
STORE_2,HOBBIES_1_006,2239,53.35
STORE_2,HOBBIES_1_006,2240,53.35
STORE_2,HOBBIES_1_006,2241,53.35
STORE_2,HOBBIES_1_006,2242,52.97
STORE_2,HOBBIES_1_006,2243,52.97
STORE_2,HOBBIES_1_006,2244,52.97
STORE_2,HOBBIES_1_006,2245,52.97
STORE_2,HOBBIES_1_006,2246,52.97
STORE_2,HOBBIES_1_006,2247,52.97
STORE_2,HOBBIES_1_006,2248,52.97
STORE_2,HOBBIES_1_006,2249,52.97
STORE_2,HOBBIES_1_006,2250,52.97
STORE_2,HOBBIES_1_006,2251,52.97
STORE_2,HOBBIES_1_006,2352,52.97
STORE_2,HOBBIES_1_006,2301,52.97
STORE_2,HOBBIES_1_006,2302,52.97
STORE_2,HOBBIES_1_006,2303,52.97
STORE_2,HOBBIES_1_006,2304,52.97
STORE_2,HOBBIES_1_006,2305,52.97
STORE_2,HOBBIES_1_006,2306,52.97
STORE_2,HOBBIES_1_006,2307,52.97
STORE_2,HOBBIES_1_006,2308,52.97
STORE_2,HOBBIES_1_006,2309,52.97
STORE_2,HOBBIES_1_006,2310,52.97
STORE_2,HOBBIES_1_006,2311,52.97
STORE_2,HOBBIES_1_006,2312,52.97
STORE_2,HOBBIES_1_006,2313,52.97
STORE_2,HOBBIES_1_006,2314,52.97
STORE_2,HOBBIES_1_006,2315,52.97
STORE_2,HOBBIES_1_006,2316,52.97
STORE_2,HOBBIES_1_006,2317,52.97
STORE_2,HOBBIES_1_006,2318,52.97
STORE_2,HOBBIES_1_006,2319,52.97
STORE_2,HOBBIES_1_006,2320,52.97
STORE_2,HOBBIES_1_006,2321,52.97
STORE_2,HOBBIES_1_006,2322,52.97
STORE_2,HOBBIES_1_006,2323,52.97
STORE_2,HOBBIES_1_006,2324,52.97
STORE_2,HOBBIES_1_006,2325,52.97
STORE_2,HOBBIES_1_006,2326,52.97
STORE_2,HOBBIES_1_006,2327,52.97
STORE_2,HOBBIES_1_006,2328,52.97
STORE_2,HOBBIES_1_006,2329,52.97
STORE_2,HOBBIES_1_006,2330,52.97
STORE_2,HOBBIES_1_006,2331,52.97
STORE_2,HOBBIES_1_006,2332,52.97
STORE_2,HOBBIES_1_006,2333,52.97
STORE_2,HOBBIES_1_006,2334,52.97
STORE_2,HOBBIES_1_006,2335,52.97
STORE_2,HOBBIES_1_006,2336,52.97
STORE_2,HOBBIES_1_006,2337,52.97
STORE_2,HOBBIES_1_006,2338,52.97
STORE_2,HOBBIES_1_006,2339,52.97
STORE_2,HOBBIES_1_006,2340,52.97
STORE_2,HOBBIES_1_006,2341,52.97
STORE_2,HOBBIES_1_006,2342,52.97
STORE_2,HOBBIES_1_006,2343,52.97
STORE_2,HOBBIES_1_006,2344,52.97
STORE_2,HOBBIES_1_006,2345,52.97
STORE_2,HOBBIES_1_006,2346,52.97
STORE_2,HOBBIES_1_006,2347,52.97
STORE_2,HOBBIES_1_006,2348,52.97
STORE_2,HOBBIES_1_006,2349,52.97
STORE_2,HOBBIES_1_006,2350,52.97
STORE_2,HOBBIES_1_006,2351,52.97
STORE_2,HOBBIES_1_006,2401,52.97
STORE_2,HOBBIES_1_006,2402,52.97
STORE_2,HOBBIES_1_006,2403,52.97
STORE_2,HOBBIES_1_006,2404,52.97
STORE_2,HOBBIES_1_006,2405,52.97
STORE_2,HOBBIES_1_006,2406,52.97
STORE_2,HOBBIES_1_006,2407,52.97
STORE_2,HOBBIES_1_006,2408,52.97
STORE_2,HOBBIES_1_006,2409,52.97
STORE_2,HOBBIES_1_006,2410,52.97
STORE_2,HOBBIES_1_006,2411,52.97
STORE_2,HOBBIES_1_006,2412,52.97
STORE_2,HOBBIES_1_006,2413,52.97
STORE_2,HOBBIES_1_006,2414,52.97
STORE_2,HOBBIES_1_006,2415,52.97
STORE_2,HOBBIES_1_006,2416,52.97
STORE_2,HOBBIES_1_006,2417,52.97
STORE_2,HOBBIES_1_006,2418,52.97
STORE_2,HOBBIES_1_006,2419,52.97
STORE_2,HOBBIES_1_006,2420,52.97
STORE_2,HOBBIES_1_006,2421,52.97
STORE_2,HOBBIES_1_006,2422,52.97
STORE_2,HOBBIES_1_006,2423,52.97
STORE_2,HOBBIES_1_006,2424,52.97
STORE_2,HOBBIES_1_006,2425,52.97
STORE_2,HOBBIES_1_006,2426,52.97
STORE_2,HOBBIES_1_006,2427,52.97
STORE_2,HOBBIES_1_006,2428,52.97
STORE_2,HOBBIES_1_006,2429,52.97
STORE_2,HOBBIES_1_006,2430,52.97
STORE_2,HOBBIES_1_006,2431,52.97
STORE_2,HOBBIES_1_006,2432,52.97
STORE_2,HOBBIES_1_006,2433,52.97
STORE_2,HOBBIES_1_006,2434,52.97
STORE_2,HOBBIES_1_006,2435,52.97
STORE_2,HOBBIES_1_006,2436,52.97
STORE_2,HOBBIES_1_006,2437,52.97
STORE_2,HOBBIES_1_006,2438,52.97
STORE_2,HOBBIES_1_006,2439,52.97
STORE_2,HOBBIES_1_006,2440,52.97
STORE_2,HOBBIES_1_006,2441,52.97
STORE_2,HOBBIES_1_006,2442,52.97
STORE_2,HOBBIES_1_006,2443,52.97
STORE_2,HOBBIES_1_006,2444,52.97
STORE_2,HOBBIES_1_006,2445,52.97
STORE_2,HOBBIES_1_006,2446,52.97
STORE_2,HOBBIES_1_006,2447,52.97
STORE_2,HOBBIES_1_006,2448,52.97
STORE_2,HOBBIES_1_006,2449,52.97
STORE_2,HOBBIES_1_006,2450,52.97
STORE_2,HOBBIES_1_006,2451,52.97
STORE_2,HOBBIES_1_006,2452,52.97
STORE_2,HOBBIES_1_006,2501,52.97
STORE_2,HOBBIES_1_006,2502,52.97
STORE_2,HOBBIES_1_006,2503,52.97
STORE_2,HOBBIES_1_006,2504,52.97
STORE_2,HOBBIES_1_006,2505,52.97
STORE_2,HOBBIES_1_007,2252,14.52
STORE_2,HOBBIES_1_007,2201,14.52
STORE_2,HOBBIES_1_007,2202,14.52
STORE_2,HOBBIES_1_007,2203,14.52
STORE_2,HOBBIES_1_007,2204,14.52
STORE_2,HOBBIES_1_007,2205,14.52
STORE_2,HOBBIES_1_007,2206,14.52
STORE_2,HOBBIES_1_007,2207,14.52
STORE_2,HOBBIES_1_007,2208,14.52
STORE_2,HOBBIES_1_007,2209,14.52
STORE_2,HOBBIES_1_007,2210,14.52
STORE_2,HOBBIES_1_007,2211,14.52
STORE_2,HOBBIES_1_007,2212,14.52
STORE_2,HOBBIES_1_007,2213,14.52
STORE_2,HOBBIES_1_007,2214,14.52
STORE_2,HOBBIES_1_007,2215,14.52
STORE_2,HOBBIES_1_007,2216,14.52
STORE_2,HOBBIES_1_007,2217,14.52
STORE_2,HOBBIES_1_007,2218,14.52
STORE_2,HOBBIES_1_007,2219,14.52
STORE_2,HOBBIES_1_007,2220,14.52
STORE_2,HOBBIES_1_007,2221,14.52
STORE_2,HOBBIES_1_007,2222,14.52
STORE_2,HOBBIES_1_007,2223,14.52
STORE_2,HOBBIES_1_007,2224,14.52
STORE_2,HOBBIES_1_007,2225,14.52
STORE_2,HOBBIES_1_007,2226,14.52
STORE_2,HOBBIES_1_007,2227,14.52
STORE_2,HOBBIES_1_007,2228,14.52
STORE_2,HOBBIES_1_007,2229,14.52
STORE_2,HOBBIES_1_007,2230,14.52
STORE_2,HOBBIES_1_007,2231,14.52
STORE_2,HOBBIES_1_007,2232,14.52
STORE_2,HOBBIES_1_007,2233,14.52
STORE_2,HOBBIES_1_007,2234,14.52
STORE_2,HOBBIES_1_007,2235,14.52
STORE_2,HOBBIES_1_007,2236,14.52
STORE_2,HOBBIES_1_007,2237,14.52
STORE_2,HOBBIES_1_007,2238,14.52
STORE_2,HOBBIES_1_007,2239,14.52
STORE_2,HOBBIES_1_007,2240,14.52
STORE_2,HOBBIES_1_007,2241,14.52
STORE_2,HOBBIES_1_007,2242,14.52
STORE_2,HOBBIES_1_007,2243,14.52
STORE_2,HOBBIES_1_007,2244,14.52
STORE_2,HOBBIES_1_007,2245,14.52
STORE_2,HOBBIES_1_007,2246,14.52
STORE_2,HOBBIES_1_007,2247,14.52
STORE_2,HOBBIES_1_007,2248,14.52
STORE_2,HOBBIES_1_007,2249,14.52
STORE_2,HOBBIES_1_007,2250,14.52
STORE_2,HOBBIES_1_007,2251,14.52
STORE_2,HOBBIES_1_007,2352,14.52
STORE_2,HOBBIES_1_007,2301,14.52
STORE_2,HOBBIES_1_007,2302,14.52
STORE_2,HOBBIES_1_007,2303,14.52
STORE_2,HOBBIES_1_007,2304,14.52
STORE_2,HOBBIES_1_007,2305,11.29
STORE_2,HOBBIES_1_007,2306,11.29
STORE_2,HOBBIES_1_007,2307,11.29
STORE_2,HOBBIES_1_007,2308,11.29
STORE_2,HOBBIES_1_007,2309,11.29
STORE_2,HOBBIES_1_007,2310,11.29
STORE_2,HOBBIES_1_007,2311,11.29
STORE_2,HOBBIES_1_007,2312,11.29
STORE_2,HOBBIES_1_007,2313,11.29
STORE_2,HOBBIES_1_007,2314,11.29
STORE_2,HOBBIES_1_007,2315,11.29
STORE_2,HOBBIES_1_007,2316,11.29
STORE_2,HOBBIES_1_007,2317,11.29
STORE_2,HOBBIES_1_007,2318,11.29
STORE_2,HOBBIES_1_007,2319,11.29
STORE_2,HOBBIES_1_007,2320,11.29
STORE_2,HOBBIES_1_007,2321,11.29
STORE_2,HOBBIES_1_007,2322,11.29
STORE_2,HOBBIES_1_007,2323,11.29
STORE_2,HOBBIES_1_007,2324,11.29
STORE_2,HOBBIES_1_007,2325,11.29
STORE_2,HOBBIES_1_007,2326,11.29
STORE_2,HOBBIES_1_007,2327,11.29
STORE_2,HOBBIES_1_007,2328,11.29
STORE_2,HOBBIES_1_007,2329,11.29
STORE_2,HOBBIES_1_007,2330,11.29
STORE_2,HOBBIES_1_007,2331,11.29
STORE_2,HOBBIES_1_007,2332,11.29
STORE_2,HOBBIES_1_007,2333,11.29
STORE_2,HOBBIES_1_007,2334,11.29
STORE_2,HOBBIES_1_007,2335,11.29
STORE_2,HOBBIES_1_007,2336,11.29
STORE_2,HOBBIES_1_007,2337,11.29
STORE_2,HOBBIES_1_007,2338,11.29
STORE_2,HOBBIES_1_007,2339,11.29
STORE_2,HOBBIES_1_007,2340,11.29
STORE_2,HOBBIES_1_007,2341,11.29
STORE_2,HOBBIES_1_007,2342,11.29
STORE_2,HOBBIES_1_007,2343,11.29
STORE_2,HOBBIES_1_007,2344,11.29
STORE_2,HOBBIES_1_007,2345,11.29
STORE_2,HOBBIES_1_007,2346,11.29
STORE_2,HOBBIES_1_007,2347,11.29
STORE_2,HOBBIES_1_007,2348,11.29
STORE_2,HOBBIES_1_007,2349,11.29
STORE_2,HOBBIES_1_007,2350,16.52
STORE_2,HOBBIES_1_007,2351,16.52
STORE_2,HOBBIES_1_007,2401,16.52
STORE_2,HOBBIES_1_007,2402,16.52
STORE_2,HOBBIES_1_007,2403,16.52
STORE_2,HOBBIES_1_007,2404,16.52
STORE_2,HOBBIES_1_007,2405,16.52
STORE_2,HOBBIES_1_007,2406,16.52
STORE_2,HOBBIES_1_007,2407,16.52
STORE_2,HOBBIES_1_007,2408,16.52
STORE_2,HOBBIES_1_007,2409,16.52
STORE_2,HOBBIES_1_007,2410,15.0
STORE_2,HOBBIES_1_007,2411,15.0
STORE_2,HOBBIES_1_007,2412,15.0
STORE_2,HOBBIES_1_007,2413,15.0
STORE_2,HOBBIES_1_007,2414,15.0
STORE_2,HOBBIES_1_007,2415,15.0
STORE_2,HOBBIES_1_007,2416,15.0
STORE_2,HOBBIES_1_007,2417,15.0
STORE_2,HOBBIES_1_007,2418,15.0
STORE_2,HOBBIES_1_007,2419,15.0
STORE_2,HOBBIES_1_007,2420,15.0
STORE_2,HOBBIES_1_007,2421,15.0
STORE_2,HOBBIES_1_007,2422,15.0
STORE_2,HOBBIES_1_007,2423,15.0
STORE_2,HOBBIES_1_007,2424,15.0
STORE_2,HOBBIES_1_007,2425,15.0
STORE_2,HOBBIES_1_007,2426,15.0
STORE_2,HOBBIES_1_007,2427,12.4
STORE_2,HOBBIES_1_007,2428,12.4
STORE_2,HOBBIES_1_007,2429,12.4
STORE_2,HOBBIES_1_007,2430,12.4
STORE_2,HOBBIES_1_007,2431,12.4
STORE_2,HOBBIES_1_007,2432,12.4
STORE_2,HOBBIES_1_007,2433,12.4
STORE_2,HOBBIES_1_007,2434,12.4
STORE_2,HOBBIES_1_007,2435,12.4
STORE_2,HOBBIES_1_007,2436,12.4
STORE_2,HOBBIES_1_007,2437,12.4
STORE_2,HOBBIES_1_007,2438,12.4
STORE_2,HOBBIES_1_007,2439,12.4
STORE_2,HOBBIES_1_007,2440,12.4
STORE_2,HOBBIES_1_007,2441,12.4
STORE_2,HOBBIES_1_007,2442,12.4
STORE_2,HOBBIES_1_007,2443,12.4
STORE_2,HOBBIES_1_007,2444,12.4
STORE_2,HOBBIES_1_007,2445,12.4
STORE_2,HOBBIES_1_007,2446,12.4
STORE_2,HOBBIES_1_007,2447,12.4
STORE_2,HOBBIES_1_007,2448,12.4
STORE_2,HOBBIES_1_007,2449,12.4
STORE_2,HOBBIES_1_007,2450,12.4
STORE_2,HOBBIES_1_007,2451,12.4
STORE_2,HOBBIES_1_007,2452,12.4
STORE_2,HOBBIES_1_007,2501,12.4
STORE_2,HOBBIES_1_007,2502,12.4
STORE_2,HOBBIES_1_007,2503,12.4
STORE_2,HOBBIES_1_007,2504,12.4
STORE_2,HOBBIES_1_007,2505,12.4
STORE_2,HOBBIES_1_008,2252,47.2
STORE_2,HOBBIES_1_008,2201,47.2
STORE_2,HOBBIES_1_008,2202,47.2
STORE_2,HOBBIES_1_008,2203,47.2
STORE_2,HOBBIES_1_008,2204,47.2
STORE_2,HOBBIES_1_008,2205,47.2
STORE_2,HOBBIES_1_008,2206,47.2
STORE_2,HOBBIES_1_008,2207,47.2
STORE_2,HOBBIES_1_008,2208,47.2
STORE_2,HOBBIES_1_008,2209,47.2
STORE_2,HOBBIES_1_008,2210,47.2
STORE_2,HOBBIES_1_008,2211,47.2
STORE_2,HOBBIES_1_008,2212,47.2
STORE_2,HOBBIES_1_008,2213,47.2
STORE_2,HOBBIES_1_008,2214,49.04
STORE_2,HOBBIES_1_008,2215,49.04
STORE_2,HOBBIES_1_008,2216,49.04
STORE_2,HOBBIES_1_008,2217,49.04
STORE_2,HOBBIES_1_008,2218,49.04
STORE_2,HOBBIES_1_008,2219,49.04
STORE_2,HOBBIES_1_008,2220,49.04
STORE_2,HOBBIES_1_008,2221,48.4
STORE_2,HOBBIES_1_008,2222,48.4
STORE_2,HOBBIES_1_008,2223,48.4
STORE_2,HOBBIES_1_008,2224,48.4
STORE_2,HOBBIES_1_008,2225,48.4
STORE_2,HOBBIES_1_008,2226,48.4
STORE_2,HOBBIES_1_008,2227,48.4
STORE_2,HOBBIES_1_008,2228,48.4
STORE_2,HOBBIES_1_008,2229,48.4
STORE_2,HOBBIES_1_008,2230,48.4
STORE_2,HOBBIES_1_008,2231,48.4
STORE_2,HOBBIES_1_008,2232,48.4
STORE_2,HOBBIES_1_008,2233,48.4
STORE_2,HOBBIES_1_008,2234,48.4
STORE_2,HOBBIES_1_008,2235,48.4
STORE_2,HOBBIES_1_008,2236,48.4
STORE_2,HOBBIES_1_008,2237,48.4
STORE_2,HOBBIES_1_008,2238,48.4
STORE_2,HOBBIES_1_008,2239,48.4
STORE_2,HOBBIES_1_008,2240,48.4
STORE_2,HOBBIES_1_008,2241,48.4
STORE_2,HOBBIES_1_008,2242,48.4
STORE_2,HOBBIES_1_008,2243,48.4
STORE_2,HOBBIES_1_008,2244,48.4
STORE_2,HOBBIES_1_008,2245,48.4
STORE_2,HOBBIES_1_008,2246,48.4
STORE_2,HOBBIES_1_008,2247,48.4
STORE_2,HOBBIES_1_008,2248,48.4
STORE_2,HOBBIES_1_008,2249,48.4
STORE_2,HOBBIES_1_008,2250,48.4
STORE_2,HOBBIES_1_008,2251,48.4
STORE_2,HOBBIES_1_008,2352,48.4
STORE_2,HOBBIES_1_008,2301,48.4
STORE_2,HOBBIES_1_008,2302,48.4
STORE_2,HOBBIES_1_008,2303,48.4
STORE_2,HOBBIES_1_008,2304,48.4
STORE_2,HOBBIES_1_008,2305,48.4
STORE_2,HOBBIES_1_008,2306,52.49
STORE_2,HOBBIES_1_008,2307,52.49
STORE_2,HOBBIES_1_008,2308,52.49
STORE_2,HOBBIES_1_008,2309,52.49
STORE_2,HOBBIES_1_008,2310,52.49
STORE_2,HOBBIES_1_008,2311,52.49
STORE_2,HOBBIES_1_008,2312,52.49
STORE_2,HOBBIES_1_008,2313,52.49
STORE_2,HOBBIES_1_008,2314,52.49
STORE_2,HOBBIES_1_008,2315,52.49
STORE_2,HOBBIES_1_008,2316,52.49
STORE_2,HOBBIES_1_008,2317,52.49
STORE_2,HOBBIES_1_008,2318,52.49
STORE_2,HOBBIES_1_008,2319,52.49
STORE_2,HOBBIES_1_008,2320,52.49
STORE_2,HOBBIES_1_008,2321,52.49
STORE_2,HOBBIES_1_008,2322,52.49
STORE_2,HOBBIES_1_008,2323,52.49
STORE_2,HOBBIES_1_008,2324,52.49
STORE_2,HOBBIES_1_008,2325,52.49
STORE_2,HOBBIES_1_008,2326,52.49
STORE_2,HOBBIES_1_008,2327,52.49
STORE_2,HOBBIES_1_008,2328,52.49
STORE_2,HOBBIES_1_008,2329,52.49
STORE_2,HOBBIES_1_008,2330,52.49
STORE_2,HOBBIES_1_008,2331,52.49
STORE_2,HOBBIES_1_008,2332,52.49
STORE_2,HOBBIES_1_008,2333,52.49
STORE_2,HOBBIES_1_008,2334,52.49
STORE_2,HOBBIES_1_008,2335,52.49
STORE_2,HOBBIES_1_008,2336,52.49
STORE_2,HOBBIES_1_008,2337,52.49
STORE_2,HOBBIES_1_008,2338,52.49
STORE_2,HOBBIES_1_008,2339,52.49
STORE_2,HOBBIES_1_008,2340,52.49
STORE_2,HOBBIES_1_008,2341,52.49
STORE_2,HOBBIES_1_008,2342,52.49
STORE_2,HOBBIES_1_008,2343,52.49
STORE_2,HOBBIES_1_008,2344,52.49
STORE_2,HOBBIES_1_008,2345,52.49
STORE_2,HOBBIES_1_008,2346,52.49
STORE_2,HOBBIES_1_008,2347,52.49
STORE_2,HOBBIES_1_008,2348,52.49
STORE_2,HOBBIES_1_008,2349,52.49
STORE_2,HOBBIES_1_008,2350,52.49
STORE_2,HOBBIES_1_008,2351,52.49
STORE_2,HOBBIES_1_008,2401,52.49
STORE_2,HOBBIES_1_008,2402,52.49
STORE_2,HOBBIES_1_008,2403,52.49
STORE_2,HOBBIES_1_008,2404,52.49
STORE_2,HOBBIES_1_008,2405,52.49
STORE_2,HOBBIES_1_008,2406,52.49
STORE_2,HOBBIES_1_008,2407,52.49
STORE_2,HOBBIES_1_008,2408,52.49
STORE_2,HOBBIES_1_008,2409,51.25
STORE_2,HOBBIES_1_008,2410,51.25
STORE_2,HOBBIES_1_008,2411,51.25
STORE_2,HOBBIES_1_008,2412,51.25
STORE_2,HOBBIES_1_008,2413,51.25
STORE_2,HOBBIES_1_008,2414,51.25
STORE_2,HOBBIES_1_008,2415,51.25
STORE_2,HOBBIES_1_008,2416,51.25
STORE_2,HOBBIES_1_008,2417,51.25
STORE_2,HOBBIES_1_008,2418,51.25
STORE_2,HOBBIES_1_008,2419,51.25
STORE_2,HOBBIES_1_008,2420,51.25
STORE_2,HOBBIES_1_008,2421,51.25
STORE_2,HOBBIES_1_008,2422,51.25
STORE_2,HOBBIES_1_008,2423,51.25
STORE_2,HOBBIES_1_008,2424,51.25
STORE_2,HOBBIES_1_008,2425,51.25
STORE_2,HOBBIES_1_008,2426,51.25
STORE_2,HOBBIES_1_008,2427,51.25
STORE_2,HOBBIES_1_008,2428,51.25
STORE_2,HOBBIES_1_008,2429,51.25
STORE_2,HOBBIES_1_008,2430,36.08
STORE_2,HOBBIES_1_008,2431,36.08
STORE_2,HOBBIES_1_008,2432,36.08
STORE_2,HOBBIES_1_008,2433,36.08
STORE_2,HOBBIES_1_008,2434,36.08
STORE_2,HOBBIES_1_008,2435,36.08
STORE_2,HOBBIES_1_008,2436,36.08
STORE_2,HOBBIES_1_008,2437,36.08
STORE_2,HOBBIES_1_008,2438,36.08
STORE_2,HOBBIES_1_008,2439,36.08
STORE_2,HOBBIES_1_008,2440,36.08
STORE_2,HOBBIES_1_008,2441,36.08
STORE_2,HOBBIES_1_008,2442,36.08
STORE_2,HOBBIES_1_008,2443,36.08
STORE_2,HOBBIES_1_008,2444,36.08
STORE_2,HOBBIES_1_008,2445,36.08
STORE_2,HOBBIES_1_008,2446,36.08
STORE_2,HOBBIES_1_008,2447,36.08
STORE_2,HOBBIES_1_008,2448,36.08
STORE_2,HOBBIES_1_008,2449,36.08
STORE_2,HOBBIES_1_008,2450,36.08
STORE_2,HOBBIES_1_008,2451,36.08
STORE_2,HOBBIES_1_008,2452,36.08
STORE_2,HOBBIES_1_008,2501,39.77
STORE_2,HOBBIES_1_008,2502,39.77
STORE_2,HOBBIES_1_008,2503,39.77
STORE_2,HOBBIES_1_008,2504,39.77
STORE_2,HOBBIES_1_008,2505,39.77
STORE_2,HOBBIES_2_001,2252,15.38
STORE_2,HOBBIES_2_001,2201,15.38
STORE_2,HOBBIES_2_001,2202,15.38
STORE_2,HOBBIES_2_001,2203,15.38
STORE_2,HOBBIES_2_001,2204,15.38
STORE_2,HOBBIES_2_001,2205,15.38
STORE_2,HOBBIES_2_001,2206,15.38
STORE_2,HOBBIES_2_001,2207,15.38
STORE_2,HOBBIES_2_001,2208,15.38
STORE_2,HOBBIES_2_001,2209,15.38
STORE_2,HOBBIES_2_001,2210,15.38
STORE_2,HOBBIES_2_001,2211,15.38
STORE_2,HOBBIES_2_001,2212,15.38
STORE_2,HOBBIES_2_001,2213,15.38
STORE_2,HOBBIES_2_001,2214,15.38
STORE_2,HOBBIES_2_001,2215,15.38
STORE_2,HOBBIES_2_001,2216,15.38
STORE_2,HOBBIES_2_001,2217,15.38
STORE_2,HOBBIES_2_001,2218,15.38
STORE_2,HOBBIES_2_001,2219,15.38
STORE_2,HOBBIES_2_001,2220,15.38
STORE_2,HOBBIES_2_001,2221,15.38
STORE_2,HOBBIES_2_001,2222,15.38
STORE_2,HOBBIES_2_001,2223,15.38
STORE_2,HOBBIES_2_001,2224,15.38
STORE_2,HOBBIES_2_001,2225,15.38
STORE_2,HOBBIES_2_001,2226,15.38
STORE_2,HOBBIES_2_001,2227,15.38
STORE_2,HOBBIES_2_001,2228,15.38
STORE_2,HOBBIES_2_001,2229,15.38
STORE_2,HOBBIES_2_001,2230,15.38
STORE_2,HOBBIES_2_001,2231,15.38
STORE_2,HOBBIES_2_001,2232,15.38
STORE_2,HOBBIES_2_001,2233,15.38
STORE_2,HOBBIES_2_001,2234,15.38
STORE_2,HOBBIES_2_001,2235,15.38
STORE_2,HOBBIES_2_001,2236,15.38
STORE_2,HOBBIES_2_001,2237,15.38
STORE_2,HOBBIES_2_001,2238,15.38
STORE_2,HOBBIES_2_001,2239,15.38
STORE_2,HOBBIES_2_001,2240,15.38
STORE_2,HOBBIES_2_001,2241,15.38
STORE_2,HOBBIES_2_001,2242,15.38
STORE_2,HOBBIES_2_001,2243,15.38
STORE_2,HOBBIES_2_001,2244,15.38
STORE_2,HOBBIES_2_001,2245,15.38
STORE_2,HOBBIES_2_001,2246,15.38
STORE_2,HOBBIES_2_001,2247,15.38
STORE_2,HOBBIES_2_001,2248,15.38
STORE_2,HOBBIES_2_001,2249,15.38
STORE_2,HOBBIES_2_001,2250,15.38
STORE_2,HOBBIES_2_001,2251,15.38
STORE_2,HOBBIES_2_001,2352,15.38
STORE_2,HOBBIES_2_001,2301,15.38
STORE_2,HOBBIES_2_001,2302,15.38
STORE_2,HOBBIES_2_001,2303,15.38
STORE_2,HOBBIES_2_001,2304,15.38
STORE_2,HOBBIES_2_001,2305,15.38
STORE_2,HOBBIES_2_001,2306,15.38
STORE_2,HOBBIES_2_001,2307,15.38
STORE_2,HOBBIES_2_001,2308,15.38
STORE_2,HOBBIES_2_001,2309,15.38
STORE_2,HOBBIES_2_001,2310,15.38
STORE_2,HOBBIES_2_001,2311,15.38
STORE_2,HOBBIES_2_001,2312,15.38
STORE_2,HOBBIES_2_001,2313,15.38
STORE_2,HOBBIES_2_001,2314,15.38
STORE_2,HOBBIES_2_001,2315,15.38
STORE_2,HOBBIES_2_001,2316,15.38
STORE_2,HOBBIES_2_001,2317,15.38
STORE_2,HOBBIES_2_001,2318,15.38
STORE_2,HOBBIES_2_001,2319,15.38
STORE_2,HOBBIES_2_001,2320,15.38
STORE_2,HOBBIES_2_001,2321,15.38
STORE_2,HOBBIES_2_001,2322,15.38
STORE_2,HOBBIES_2_001,2323,15.38
STORE_2,HOBBIES_2_001,2324,16.91
STORE_2,HOBBIES_2_001,2325,16.91
STORE_2,HOBBIES_2_001,2326,16.91
STORE_2,HOBBIES_2_001,2327,16.91
STORE_2,HOBBIES_2_001,2328,16.91
STORE_2,HOBBIES_2_001,2329,16.91
STORE_2,HOBBIES_2_001,2330,16.91
STORE_2,HOBBIES_2_001,2331,16.91
STORE_2,HOBBIES_2_001,2332,16.91
STORE_2,HOBBIES_2_001,2333,16.91
STORE_2,HOBBIES_2_001,2334,16.91
STORE_2,HOBBIES_2_001,2335,16.91
STORE_2,HOBBIES_2_001,2336,16.91
STORE_2,HOBBIES_2_001,2337,16.91
STORE_2,HOBBIES_2_001,2338,16.91
STORE_2,HOBBIES_2_001,2339,16.91
STORE_2,HOBBIES_2_001,2340,16.91
STORE_2,HOBBIES_2_001,2341,16.91
STORE_2,HOBBIES_2_001,2342,16.91
STORE_2,HOBBIES_2_001,2343,16.91
STORE_2,HOBBIES_2_001,2344,16.91
STORE_2,HOBBIES_2_001,2345,16.91
STORE_2,HOBBIES_2_001,2346,16.91
STORE_2,HOBBIES_2_001,2347,16.91
STORE_2,HOBBIES_2_001,2348,16.91
STORE_2,HOBBIES_2_001,2349,16.91
STORE_2,HOBBIES_2_001,2350,16.91
STORE_2,HOBBIES_2_001,2351,16.91
STORE_2,HOBBIES_2_001,2401,16.91
STORE_2,HOBBIES_2_001,2402,16.91
STORE_2,HOBBIES_2_001,2403,16.91
STORE_2,HOBBIES_2_001,2404,16.91
STORE_2,HOBBIES_2_001,2405,16.91
STORE_2,HOBBIES_2_001,2406,16.91
STORE_2,HOBBIES_2_001,2407,16.91
STORE_2,HOBBIES_2_001,2408,17.37
STORE_2,HOBBIES_2_001,2409,17.37
STORE_2,HOBBIES_2_001,2410,17.37
STORE_2,HOBBIES_2_001,2411,17.37
STORE_2,HOBBIES_2_001,2412,17.37
STORE_2,HOBBIES_2_001,2413,17.37
STORE_2,HOBBIES_2_001,2414,17.37
STORE_2,HOBBIES_2_001,2415,17.37
STORE_2,HOBBIES_2_001,2416,17.37
STORE_2,HOBBIES_2_001,2417,17.37
STORE_2,HOBBIES_2_001,2418,17.37
STORE_2,HOBBIES_2_001,2419,17.37
STORE_2,HOBBIES_2_001,2420,17.37
STORE_2,HOBBIES_2_001,2421,17.37
STORE_2,HOBBIES_2_001,2422,17.37
STORE_2,HOBBIES_2_001,2423,17.37
STORE_2,HOBBIES_2_001,2424,17.37
STORE_2,HOBBIES_2_001,2425,17.37
STORE_2,HOBBIES_2_001,2426,17.37
STORE_2,HOBBIES_2_001,2427,17.37
STORE_2,HOBBIES_2_001,2428,17.37
STORE_2,HOBBIES_2_001,2429,17.37
STORE_2,HOBBIES_2_001,2430,17.37
STORE_2,HOBBIES_2_001,2431,17.37
STORE_2,HOBBIES_2_001,2432,14.19
STORE_2,HOBBIES_2_001,2433,14.19
STORE_2,HOBBIES_2_001,2434,14.19
STORE_2,HOBBIES_2_001,2435,14.19
STORE_2,HOBBIES_2_001,2436,14.19
STORE_2,HOBBIES_2_001,2437,14.19
STORE_2,HOBBIES_2_001,2438,14.19
STORE_2,HOBBIES_2_001,2439,14.19
STORE_2,HOBBIES_2_001,2440,14.19
STORE_2,HOBBIES_2_001,2441,14.19
STORE_2,HOBBIES_2_001,2442,14.19
STORE_2,HOBBIES_2_001,2443,14.19
STORE_2,HOBBIES_2_001,2444,14.19
STORE_2,HOBBIES_2_001,2445,14.19
STORE_2,HOBBIES_2_001,2446,14.19
STORE_2,HOBBIES_2_001,2447,14.19
STORE_2,HOBBIES_2_001,2448,14.19
STORE_2,HOBBIES_2_001,2449,14.19
STORE_2,HOBBIES_2_001,2450,14.97
STORE_2,HOBBIES_2_001,2451,14.97
STORE_2,HOBBIES_2_001,2452,14.97
STORE_2,HOBBIES_2_001,2501,14.97
STORE_2,HOBBIES_2_001,2502,14.97
STORE_2,HOBBIES_2_001,2503,14.97
STORE_2,HOBBIES_2_001,2504,14.97
STORE_2,HOBBIES_2_001,2505,14.97
STORE_2,HOBBIES_2_002,2252,57.59
STORE_2,HOBBIES_2_002,2201,57.59
STORE_2,HOBBIES_2_002,2202,57.59
STORE_2,HOBBIES_2_002,2203,57.59
STORE_2,HOBBIES_2_002,2204,62.37
STORE_2,HOBBIES_2_002,2205,62.37
STORE_2,HOBBIES_2_002,2206,62.37
STORE_2,HOBBIES_2_002,2207,62.37
STORE_2,HOBBIES_2_002,2208,62.37
STORE_2,HOBBIES_2_002,2209,62.37
STORE_2,HOBBIES_2_002,2210,62.37
STORE_2,HOBBIES_2_002,2211,62.37
STORE_2,HOBBIES_2_002,2212,62.37
STORE_2,HOBBIES_2_002,2213,62.37
STORE_2,HOBBIES_2_002,2214,62.37
STORE_2,HOBBIES_2_002,2215,62.37
STORE_2,HOBBIES_2_002,2216,62.37
STORE_2,HOBBIES_2_002,2217,62.37
STORE_2,HOBBIES_2_002,2218,62.37
STORE_2,HOBBIES_2_002,2219,62.37
STORE_2,HOBBIES_2_002,2220,62.37
STORE_2,HOBBIES_2_002,2221,62.37
STORE_2,HOBBIES_2_002,2222,62.37
STORE_2,HOBBIES_2_002,2223,62.37
STORE_2,HOBBIES_2_002,2224,62.37
STORE_2,HOBBIES_2_002,2225,62.37
STORE_2,HOBBIES_2_002,2226,62.37
STORE_2,HOBBIES_2_002,2227,62.37
STORE_2,HOBBIES_2_002,2228,62.37
STORE_2,HOBBIES_2_002,2229,62.37
STORE_2,HOBBIES_2_002,2230,62.37
STORE_2,HOBBIES_2_002,2231,62.37
STORE_2,HOBBIES_2_002,2232,62.37
STORE_2,HOBBIES_2_002,2233,62.37
STORE_2,HOBBIES_2_002,2234,62.37
STORE_2,HOBBIES_2_002,2235,62.37
STORE_2,HOBBIES_2_002,2236,62.37
STORE_2,HOBBIES_2_002,2237,62.37
STORE_2,HOBBIES_2_002,2238,62.37
STORE_2,HOBBIES_2_002,2239,62.37
STORE_2,HOBBIES_2_002,2240,62.37
STORE_2,HOBBIES_2_002,2241,62.37
STORE_2,HOBBIES_2_002,2242,62.37
STORE_2,HOBBIES_2_002,2243,62.37
STORE_2,HOBBIES_2_002,2244,62.37
STORE_2,HOBBIES_2_002,2245,62.37
STORE_2,HOBBIES_2_002,2246,62.37
STORE_2,HOBBIES_2_002,2247,62.37
STORE_2,HOBBIES_2_002,2248,62.37
STORE_2,HOBBIES_2_002,2249,62.37
STORE_2,HOBBIES_2_002,2250,62.37
STORE_2,HOBBIES_2_002,2251,62.37
STORE_2,HOBBIES_2_002,2352,62.37
STORE_2,HOBBIES_2_002,2301,62.37
STORE_2,HOBBIES_2_002,2302,62.37
STORE_2,HOBBIES_2_002,2303,62.37
STORE_2,HOBBIES_2_002,2304,62.37
STORE_2,HOBBIES_2_002,2305,62.37
STORE_2,HOBBIES_2_002,2306,62.37
STORE_2,HOBBIES_2_002,2307,62.37
STORE_2,HOBBIES_2_002,2308,62.37
STORE_2,HOBBIES_2_002,2309,62.37
STORE_2,HOBBIES_2_002,2310,62.37
STORE_2,HOBBIES_2_002,2311,62.37
STORE_2,HOBBIES_2_002,2312,62.37
STORE_2,HOBBIES_2_002,2313,62.37
STORE_2,HOBBIES_2_002,2314,62.37
STORE_2,HOBBIES_2_002,2315,62.37
STORE_2,HOBBIES_2_002,2316,62.37
STORE_2,HOBBIES_2_002,2317,62.37
STORE_2,HOBBIES_2_002,2318,62.37
STORE_2,HOBBIES_2_002,2319,62.37
STORE_2,HOBBIES_2_002,2320,62.37
STORE_2,HOBBIES_2_002,2321,62.37
STORE_2,HOBBIES_2_002,2322,62.37
STORE_2,HOBBIES_2_002,2323,62.37
STORE_2,HOBBIES_2_002,2324,62.37
STORE_2,HOBBIES_2_002,2325,62.37
STORE_2,HOBBIES_2_002,2326,62.37
STORE_2,HOBBIES_2_002,2327,62.37
STORE_2,HOBBIES_2_002,2328,62.37
STORE_2,HOBBIES_2_002,2329,62.37
STORE_2,HOBBIES_2_002,2330,62.37
STORE_2,HOBBIES_2_002,2331,62.37
STORE_2,HOBBIES_2_002,2332,62.37
STORE_2,HOBBIES_2_002,2333,45.14
STORE_2,HOBBIES_2_002,2334,45.14
STORE_2,HOBBIES_2_002,2335,45.14
STORE_2,HOBBIES_2_002,2336,45.14
STORE_2,HOBBIES_2_002,2337,45.14
STORE_2,HOBBIES_2_002,2338,45.14
STORE_2,HOBBIES_2_002,2339,45.14
STORE_2,HOBBIES_2_002,2340,51.96
STORE_2,HOBBIES_2_002,2341,51.96
STORE_2,HOBBIES_2_002,2342,51.96
STORE_2,HOBBIES_2_002,2343,51.96
STORE_2,HOBBIES_2_002,2344,51.96
STORE_2,HOBBIES_2_002,2345,51.96
STORE_2,HOBBIES_2_002,2346,51.96
STORE_2,HOBBIES_2_002,2347,51.96
STORE_2,HOBBIES_2_002,2348,51.96
STORE_2,HOBBIES_2_002,2349,51.96
STORE_2,HOBBIES_2_002,2350,51.96
STORE_2,HOBBIES_2_002,2351,51.96
STORE_2,HOBBIES_2_002,2401,51.96
STORE_2,HOBBIES_2_002,2402,51.96
STORE_2,HOBBIES_2_002,2403,51.96
STORE_2,HOBBIES_2_002,2404,51.96
STORE_2,HOBBIES_2_002,2405,51.96
STORE_2,HOBBIES_2_002,2406,51.96
STORE_2,HOBBIES_2_002,2407,51.96
STORE_2,HOBBIES_2_002,2408,51.96
STORE_2,HOBBIES_2_002,2409,51.96
STORE_2,HOBBIES_2_002,2410,51.96
STORE_2,HOBBIES_2_002,2411,58.94
STORE_2,HOBBIES_2_002,2412,58.94
STORE_2,HOBBIES_2_002,2413,58.94
STORE_2,HOBBIES_2_002,2414,58.94
STORE_2,HOBBIES_2_002,2415,58.94
STORE_2,HOBBIES_2_002,2416,58.94
STORE_2,HOBBIES_2_002,2417,58.94
STORE_2,HOBBIES_2_002,2418,58.94
STORE_2,HOBBIES_2_002,2419,58.94
STORE_2,HOBBIES_2_002,2420,58.94
STORE_2,HOBBIES_2_002,2421,58.94
STORE_2,HOBBIES_2_002,2422,58.94
STORE_2,HOBBIES_2_002,2423,58.94
STORE_2,HOBBIES_2_002,2424,58.94
STORE_2,HOBBIES_2_002,2425,58.94
STORE_2,HOBBIES_2_002,2426,58.94
STORE_2,HOBBIES_2_002,2427,58.94
STORE_2,HOBBIES_2_002,2428,58.94
STORE_2,HOBBIES_2_002,2429,58.94
STORE_2,HOBBIES_2_002,2430,58.94
STORE_2,HOBBIES_2_002,2431,58.94
STORE_2,HOBBIES_2_002,2432,58.94
STORE_2,HOBBIES_2_002,2433,58.94
STORE_2,HOBBIES_2_002,2434,58.94
STORE_2,HOBBIES_2_002,2435,58.94
STORE_2,HOBBIES_2_002,2436,58.94
STORE_2,HOBBIES_2_002,2437,58.94
STORE_2,HOBBIES_2_002,2438,58.94
STORE_2,HOBBIES_2_002,2439,58.94
STORE_2,HOBBIES_2_002,2440,58.94
STORE_2,HOBBIES_2_002,2441,58.94
STORE_2,HOBBIES_2_002,2442,58.94
STORE_2,HOBBIES_2_002,2443,58.94
STORE_2,HOBBIES_2_002,2444,58.94
STORE_2,HOBBIES_2_002,2445,58.94
STORE_2,HOBBIES_2_002,2446,58.94
STORE_2,HOBBIES_2_002,2447,58.94
STORE_2,HOBBIES_2_002,2448,58.94
STORE_2,HOBBIES_2_002,2449,58.94
STORE_2,HOBBIES_2_002,2450,58.94
STORE_2,HOBBIES_2_002,2451,58.94
STORE_2,HOBBIES_2_002,2452,58.94
STORE_2,HOBBIES_2_002,2501,58.94
STORE_2,HOBBIES_2_002,2502,58.94
STORE_2,HOBBIES_2_002,2503,58.94
STORE_2,HOBBIES_2_002,2504,58.94
STORE_2,HOBBIES_2_002,2505,58.94
STORE_2,HOBBIES_2_003,2252,38.86
STORE_2,HOBBIES_2_003,2201,38.86
STORE_2,HOBBIES_2_003,2202,38.86
STORE_2,HOBBIES_2_003,2203,38.86
STORE_2,HOBBIES_2_003,2204,38.86
STORE_2,HOBBIES_2_003,2205,38.86
STORE_2,HOBBIES_2_003,2206,38.86
STORE_2,HOBBIES_2_003,2207,38.86
STORE_2,HOBBIES_2_003,2208,38.86
STORE_2,HOBBIES_2_003,2209,38.86
STORE_2,HOBBIES_2_003,2210,38.86
STORE_2,HOBBIES_2_003,2211,38.86
STORE_2,HOBBIES_2_003,2212,38.86
STORE_2,HOBBIES_2_003,2213,38.86
STORE_2,HOBBIES_2_003,2214,38.86
STORE_2,HOBBIES_2_003,2215,38.86
STORE_2,HOBBIES_2_003,2216,38.86
STORE_2,HOBBIES_2_003,2217,38.86
STORE_2,HOBBIES_2_003,2218,38.86
STORE_2,HOBBIES_2_003,2219,38.86
STORE_2,HOBBIES_2_003,2220,38.86
STORE_2,HOBBIES_2_003,2221,38.86
STORE_2,HOBBIES_2_003,2222,38.86
STORE_2,HOBBIES_2_003,2223,38.86
STORE_2,HOBBIES_2_003,2224,38.86
STORE_2,HOBBIES_2_003,2225,38.86
STORE_2,HOBBIES_2_003,2226,38.86
STORE_2,HOBBIES_2_003,2227,38.86
STORE_2,HOBBIES_2_003,2228,38.86
STORE_2,HOBBIES_2_003,2229,38.86
STORE_2,HOBBIES_2_003,2230,38.86
STORE_2,HOBBIES_2_003,2231,38.86
STORE_2,HOBBIES_2_003,2232,38.86
STORE_2,HOBBIES_2_003,2233,38.86
STORE_2,HOBBIES_2_003,2234,38.86
STORE_2,HOBBIES_2_003,2235,38.86
STORE_2,HOBBIES_2_003,2236,38.86
STORE_2,HOBBIES_2_003,2237,38.86
STORE_2,HOBBIES_2_003,2238,38.86
STORE_2,HOBBIES_2_003,2239,38.86
STORE_2,HOBBIES_2_003,2240,38.86
STORE_2,HOBBIES_2_003,2241,38.86
STORE_2,HOBBIES_2_003,2242,38.86
STORE_2,HOBBIES_2_003,2243,38.86
STORE_2,HOBBIES_2_003,2244,38.86
STORE_2,HOBBIES_2_003,2245,38.86
STORE_2,HOBBIES_2_003,2246,38.86
STORE_2,HOBBIES_2_003,2247,38.86
STORE_2,HOBBIES_2_003,2248,38.86
STORE_2,HOBBIES_2_003,2249,38.86
STORE_2,HOBBIES_2_003,2250,38.86
STORE_2,HOBBIES_2_003,2251,38.86
STORE_2,HOBBIES_2_003,2352,38.86
STORE_2,HOBBIES_2_003,2301,38.86
STORE_2,HOBBIES_2_003,2302,35.79
STORE_2,HOBBIES_2_003,2303,35.79
STORE_2,HOBBIES_2_003,2304,35.79
STORE_2,HOBBIES_2_003,2305,35.79
STORE_2,HOBBIES_2_003,2306,35.79
STORE_2,HOBBIES_2_003,2307,35.79
STORE_2,HOBBIES_2_003,2308,34.21
STORE_2,HOBBIES_2_003,2309,34.21
STORE_2,HOBBIES_2_003,2310,34.21
STORE_2,HOBBIES_2_003,2311,34.21
STORE_2,HOBBIES_2_003,2312,34.21
STORE_2,HOBBIES_2_003,2313,34.21
STORE_2,HOBBIES_2_003,2314,34.21
STORE_2,HOBBIES_2_003,2315,34.21
STORE_2,HOBBIES_2_003,2316,34.21
STORE_2,HOBBIES_2_003,2317,34.21
STORE_2,HOBBIES_2_003,2318,34.21
STORE_2,HOBBIES_2_003,2319,34.21
STORE_2,HOBBIES_2_003,2320,30.03
STORE_2,HOBBIES_2_003,2321,30.03
STORE_2,HOBBIES_2_003,2322,30.03
STORE_2,HOBBIES_2_003,2323,30.03
STORE_2,HOBBIES_2_003,2324,30.03
STORE_2,HOBBIES_2_003,2325,30.03
STORE_2,HOBBIES_2_003,2326,30.03
STORE_2,HOBBIES_2_003,2327,30.03
STORE_2,HOBBIES_2_003,2328,36.13
STORE_2,HOBBIES_2_003,2329,36.13
STORE_2,HOBBIES_2_003,2330,36.13
STORE_2,HOBBIES_2_003,2331,36.13
STORE_2,HOBBIES_2_003,2332,43.26
STORE_2,HOBBIES_2_003,2333,43.26
STORE_2,HOBBIES_2_003,2334,36.26
STORE_2,HOBBIES_2_003,2335,36.26
STORE_2,HOBBIES_2_003,2336,36.26
STORE_2,HOBBIES_2_003,2337,36.26
STORE_2,HOBBIES_2_003,2338,36.26
STORE_2,HOBBIES_2_003,2339,36.26
STORE_2,HOBBIES_2_003,2340,36.26
STORE_2,HOBBIES_2_003,2341,36.26
STORE_2,HOBBIES_2_003,2342,36.26
STORE_2,HOBBIES_2_003,2343,36.26
STORE_2,HOBBIES_2_003,2344,36.26
STORE_2,HOBBIES_2_003,2345,36.26
STORE_2,HOBBIES_2_003,2346,36.26
STORE_2,HOBBIES_2_003,2347,36.26
STORE_2,HOBBIES_2_003,2348,36.26
STORE_2,HOBBIES_2_003,2349,36.26
STORE_2,HOBBIES_2_003,2350,36.26
STORE_2,HOBBIES_2_003,2351,36.26
STORE_2,HOBBIES_2_003,2401,36.26
STORE_2,HOBBIES_2_003,2402,36.26
STORE_2,HOBBIES_2_003,2403,36.26
STORE_2,HOBBIES_2_003,2404,36.26
STORE_2,HOBBIES_2_003,2405,36.26
STORE_2,HOBBIES_2_003,2406,36.26
STORE_2,HOBBIES_2_003,2407,36.26
STORE_2,HOBBIES_2_003,2408,36.26
STORE_2,HOBBIES_2_003,2409,36.26
STORE_2,HOBBIES_2_003,2410,36.26
STORE_2,HOBBIES_2_003,2411,36.26
STORE_2,HOBBIES_2_003,2412,36.26
STORE_2,HOBBIES_2_003,2413,36.26
STORE_2,HOBBIES_2_003,2414,36.26
STORE_2,HOBBIES_2_003,2415,36.26
STORE_2,HOBBIES_2_003,2416,36.26
STORE_2,HOBBIES_2_003,2417,36.26
STORE_2,HOBBIES_2_003,2418,36.26
STORE_2,HOBBIES_2_003,2419,36.26
STORE_2,HOBBIES_2_003,2420,36.26
STORE_2,HOBBIES_2_003,2421,36.26
STORE_2,HOBBIES_2_003,2422,36.26
STORE_2,HOBBIES_2_003,2423,36.26
STORE_2,HOBBIES_2_003,2424,36.26
STORE_2,HOBBIES_2_003,2425,36.26
STORE_2,HOBBIES_2_003,2426,36.26
STORE_2,HOBBIES_2_003,2427,36.26
STORE_2,HOBBIES_2_003,2428,36.26
STORE_2,HOBBIES_2_003,2429,36.26
STORE_2,HOBBIES_2_003,2430,36.26
STORE_2,HOBBIES_2_003,2431,36.26
STORE_2,HOBBIES_2_003,2432,36.26
STORE_2,HOBBIES_2_003,2433,36.26
STORE_2,HOBBIES_2_003,2434,36.26
STORE_2,HOBBIES_2_003,2435,36.26
STORE_2,HOBBIES_2_003,2436,31.92
STORE_2,HOBBIES_2_003,2437,31.92
STORE_2,HOBBIES_2_003,2438,31.92
STORE_2,HOBBIES_2_003,2439,31.92
STORE_2,HOBBIES_2_003,2440,31.92
STORE_2,HOBBIES_2_003,2441,31.92
STORE_2,HOBBIES_2_003,2442,31.92
STORE_2,HOBBIES_2_003,2443,31.92
STORE_2,HOBBIES_2_003,2444,31.92
STORE_2,HOBBIES_2_003,2445,31.92
STORE_2,HOBBIES_2_003,2446,31.92
STORE_2,HOBBIES_2_003,2447,31.92
STORE_2,HOBBIES_2_003,2448,31.92
STORE_2,HOBBIES_2_003,2449,31.92
STORE_2,HOBBIES_2_003,2450,31.92
STORE_2,HOBBIES_2_003,2451,31.92
STORE_2,HOBBIES_2_003,2452,31.92
STORE_2,HOBBIES_2_003,2501,31.92
STORE_2,HOBBIES_2_003,2502,31.92
STORE_2,HOBBIES_2_003,2503,31.92
STORE_2,HOBBIES_2_003,2504,31.92
STORE_2,HOBBIES_2_003,2505,31.92
STORE_2,HOBBIES_2_004,2252,25.46
STORE_2,HOBBIES_2_004,2201,25.46
STORE_2,HOBBIES_2_004,2202,25.46
STORE_2,HOBBIES_2_004,2203,25.46
STORE_2,HOBBIES_2_004,2204,25.46
STORE_2,HOBBIES_2_004,2205,25.46
STORE_2,HOBBIES_2_004,2206,25.46
STORE_2,HOBBIES_2_004,2207,25.46
STORE_2,HOBBIES_2_004,2208,25.46
STORE_2,HOBBIES_2_004,2209,25.46
STORE_2,HOBBIES_2_004,2210,25.46
STORE_2,HOBBIES_2_004,2211,25.46
STORE_2,HOBBIES_2_004,2212,36.26
STORE_2,HOBBIES_2_004,2213,36.26
STORE_2,HOBBIES_2_004,2214,36.26
STORE_2,HOBBIES_2_004,2215,34.48
STORE_2,HOBBIES_2_004,2216,34.48
STORE_2,HOBBIES_2_004,2217,34.48
STORE_2,HOBBIES_2_004,2218,34.48
STORE_2,HOBBIES_2_004,2219,34.48
STORE_2,HOBBIES_2_004,2220,34.48
STORE_2,HOBBIES_2_004,2221,34.48
STORE_2,HOBBIES_2_004,2222,34.48
STORE_2,HOBBIES_2_004,2223,34.48
STORE_2,HOBBIES_2_004,2224,34.48
STORE_2,HOBBIES_2_004,2225,34.48
STORE_2,HOBBIES_2_004,2226,34.48
STORE_2,HOBBIES_2_004,2227,34.48
STORE_2,HOBBIES_2_004,2228,34.48
STORE_2,HOBBIES_2_004,2229,34.48
STORE_2,HOBBIES_2_004,2230,34.48
STORE_2,HOBBIES_2_004,2231,34.48
STORE_2,HOBBIES_2_004,2232,34.48
STORE_2,HOBBIES_2_004,2233,34.48
STORE_2,HOBBIES_2_004,2234,34.48
STORE_2,HOBBIES_2_004,2235,34.48
STORE_2,HOBBIES_2_004,2236,34.48
STORE_2,HOBBIES_2_004,2237,34.48
STORE_2,HOBBIES_2_004,2238,34.48
STORE_2,HOBBIES_2_004,2239,34.48
STORE_2,HOBBIES_2_004,2240,34.48
STORE_2,HOBBIES_2_004,2241,34.48
STORE_2,HOBBIES_2_004,2242,34.48
STORE_2,HOBBIES_2_004,2243,34.48
STORE_2,HOBBIES_2_004,2244,34.48
STORE_2,HOBBIES_2_004,2245,34.48
STORE_2,HOBBIES_2_004,2246,34.48
STORE_2,HOBBIES_2_004,2247,34.48
STORE_2,HOBBIES_2_004,2248,34.48
STORE_2,HOBBIES_2_004,2249,34.48
STORE_2,HOBBIES_2_004,2250,34.48
STORE_2,HOBBIES_2_004,2251,34.48
STORE_2,HOBBIES_2_004,2352,34.48
STORE_2,HOBBIES_2_004,2301,34.48
STORE_2,HOBBIES_2_004,2302,34.48
STORE_2,HOBBIES_2_004,2303,34.48
STORE_2,HOBBIES_2_004,2304,34.48
STORE_2,HOBBIES_2_004,2305,34.48
STORE_2,HOBBIES_2_004,2306,34.48
STORE_2,HOBBIES_2_004,2307,34.48
STORE_2,HOBBIES_2_004,2308,34.48
STORE_2,HOBBIES_2_004,2309,34.48
STORE_2,HOBBIES_2_004,2310,34.48
STORE_2,HOBBIES_2_004,2311,34.48
STORE_2,HOBBIES_2_004,2312,34.48
STORE_2,HOBBIES_2_004,2313,34.48
STORE_2,HOBBIES_2_004,2314,34.48
STORE_2,HOBBIES_2_004,2315,34.48
STORE_2,HOBBIES_2_004,2316,34.48
STORE_2,HOBBIES_2_004,2317,34.48
STORE_2,HOBBIES_2_004,2318,34.48
STORE_2,HOBBIES_2_004,2319,34.48
STORE_2,HOBBIES_2_004,2320,34.48
STORE_2,HOBBIES_2_004,2321,34.48
STORE_2,HOBBIES_2_004,2322,34.48
STORE_2,HOBBIES_2_004,2323,25.86
STORE_2,HOBBIES_2_004,2324,25.86
STORE_2,HOBBIES_2_004,2325,25.86
STORE_2,HOBBIES_2_004,2326,25.86
STORE_2,HOBBIES_2_004,2327,25.86
STORE_2,HOBBIES_2_004,2328,25.86
STORE_2,HOBBIES_2_004,2329,25.86
STORE_2,HOBBIES_2_004,2330,25.86
STORE_2,HOBBIES_2_004,2331,25.86
STORE_2,HOBBIES_2_004,2332,25.86
STORE_2,HOBBIES_2_004,2333,25.86
STORE_2,HOBBIES_2_004,2334,25.86
STORE_2,HOBBIES_2_004,2335,25.86
STORE_2,HOBBIES_2_004,2336,25.86
STORE_2,HOBBIES_2_004,2337,25.86
STORE_2,HOBBIES_2_004,2338,25.86
STORE_2,HOBBIES_2_004,2339,25.86
STORE_2,HOBBIES_2_004,2340,25.86
STORE_2,HOBBIES_2_004,2341,25.86
STORE_2,HOBBIES_2_004,2342,25.86
STORE_2,HOBBIES_2_004,2343,25.86
STORE_2,HOBBIES_2_004,2344,25.86
STORE_2,HOBBIES_2_004,2345,25.86
STORE_2,HOBBIES_2_004,2346,25.86
STORE_2,HOBBIES_2_004,2347,25.86
STORE_2,HOBBIES_2_004,2348,25.86
STORE_2,HOBBIES_2_004,2349,25.86
STORE_2,HOBBIES_2_004,2350,25.86
STORE_2,HOBBIES_2_004,2351,25.86
STORE_2,HOBBIES_2_004,2401,25.86
STORE_2,HOBBIES_2_004,2402,25.86
STORE_2,HOBBIES_2_004,2403,25.86
STORE_2,HOBBIES_2_004,2404,25.86
STORE_2,HOBBIES_2_004,2405,25.86
STORE_2,HOBBIES_2_004,2406,25.86
STORE_2,HOBBIES_2_004,2407,25.86
STORE_2,HOBBIES_2_004,2408,25.86
STORE_2,HOBBIES_2_004,2409,25.86
STORE_2,HOBBIES_2_004,2410,25.86
STORE_2,HOBBIES_2_004,2411,25.86
STORE_2,HOBBIES_2_004,2412,25.86
STORE_2,HOBBIES_2_004,2413,25.86
STORE_2,HOBBIES_2_004,2414,25.86
STORE_2,HOBBIES_2_004,2415,25.86
STORE_2,HOBBIES_2_004,2416,25.86
STORE_2,HOBBIES_2_004,2417,25.86
STORE_2,HOBBIES_2_004,2418,25.86
STORE_2,HOBBIES_2_004,2419,25.86
STORE_2,HOBBIES_2_004,2420,25.86
STORE_2,HOBBIES_2_004,2421,25.86
STORE_2,HOBBIES_2_004,2422,25.86
STORE_2,HOBBIES_2_004,2423,25.86
STORE_2,HOBBIES_2_004,2424,25.86
STORE_2,HOBBIES_2_004,2425,25.86
STORE_2,HOBBIES_2_004,2426,25.86
STORE_2,HOBBIES_2_004,2427,25.86
STORE_2,HOBBIES_2_004,2428,25.86
STORE_2,HOBBIES_2_004,2429,25.86
STORE_2,HOBBIES_2_004,2430,25.86
STORE_2,HOBBIES_2_004,2431,26.48
STORE_2,HOBBIES_2_004,2432,29.91
STORE_2,HOBBIES_2_004,2433,29.91
STORE_2,HOBBIES_2_004,2434,29.91
STORE_2,HOBBIES_2_004,2435,29.91
STORE_2,HOBBIES_2_004,2436,29.91
STORE_2,HOBBIES_2_004,2437,29.91
STORE_2,HOBBIES_2_004,2438,29.91
STORE_2,HOBBIES_2_004,2439,29.91
STORE_2,HOBBIES_2_004,2440,29.91
STORE_2,HOBBIES_2_004,2441,29.91
STORE_2,HOBBIES_2_004,2442,29.91
STORE_2,HOBBIES_2_004,2443,29.91
STORE_2,HOBBIES_2_004,2444,29.91
STORE_2,HOBBIES_2_004,2445,29.91
STORE_2,HOBBIES_2_004,2446,29.91
STORE_2,HOBBIES_2_004,2447,29.91
STORE_2,HOBBIES_2_004,2448,29.91
STORE_2,HOBBIES_2_004,2449,29.91
STORE_2,HOBBIES_2_004,2450,29.91
STORE_2,HOBBIES_2_004,2451,29.91
STORE_2,HOBBIES_2_004,2452,29.91
STORE_2,HOBBIES_2_004,2501,29.91
STORE_2,HOBBIES_2_004,2502,29.91
STORE_2,HOBBIES_2_004,2503,29.91
STORE_2,HOBBIES_2_004,2504,29.91
STORE_2,HOBBIES_2_004,2505,29.91
STORE_2,HOBBIES_2_005,2252,28.07
STORE_2,HOBBIES_2_005,2201,28.07
STORE_2,HOBBIES_2_005,2202,28.07
STORE_2,HOBBIES_2_005,2203,28.07
STORE_2,HOBBIES_2_005,2204,28.07
STORE_2,HOBBIES_2_005,2205,28.07
STORE_2,HOBBIES_2_005,2206,28.07
STORE_2,HOBBIES_2_005,2207,28.07
STORE_2,HOBBIES_2_005,2208,28.07
STORE_2,HOBBIES_2_005,2209,28.07
STORE_2,HOBBIES_2_005,2210,28.07
STORE_2,HOBBIES_2_005,2211,28.07
STORE_2,HOBBIES_2_005,2212,28.07
STORE_2,HOBBIES_2_005,2213,28.07
STORE_2,HOBBIES_2_005,2214,28.07
STORE_2,HOBBIES_2_005,2215,28.07
STORE_2,HOBBIES_2_005,2216,28.07
STORE_2,HOBBIES_2_005,2217,28.07
STORE_2,HOBBIES_2_005,2218,28.07
STORE_2,HOBBIES_2_005,2219,28.07
STORE_2,HOBBIES_2_005,2220,28.07
STORE_2,HOBBIES_2_005,2221,28.07
STORE_2,HOBBIES_2_005,2222,28.07
STORE_2,HOBBIES_2_005,2223,28.07
STORE_2,HOBBIES_2_005,2224,28.07
STORE_2,HOBBIES_2_005,2225,28.07
STORE_2,HOBBIES_2_005,2226,28.07
STORE_2,HOBBIES_2_005,2227,28.07
STORE_2,HOBBIES_2_005,2228,28.07
STORE_2,HOBBIES_2_005,2229,28.07
STORE_2,HOBBIES_2_005,2230,28.07
STORE_2,HOBBIES_2_005,2231,28.07
STORE_2,HOBBIES_2_005,2232,28.07
STORE_2,HOBBIES_2_005,2233,28.07
STORE_2,HOBBIES_2_005,2234,28.07
STORE_2,HOBBIES_2_005,2235,28.07
STORE_2,HOBBIES_2_005,2236,28.07
STORE_2,HOBBIES_2_005,2237,28.07
STORE_2,HOBBIES_2_005,2238,28.07
STORE_2,HOBBIES_2_005,2239,28.07
STORE_2,HOBBIES_2_005,2240,28.07
STORE_2,HOBBIES_2_005,2241,28.07
STORE_2,HOBBIES_2_005,2242,28.07
STORE_2,HOBBIES_2_005,2243,28.07
STORE_2,HOBBIES_2_005,2244,28.07
STORE_2,HOBBIES_2_005,2245,28.07
STORE_2,HOBBIES_2_005,2246,28.07
STORE_2,HOBBIES_2_005,2247,22.03
STORE_2,HOBBIES_2_005,2248,24.35
STORE_2,HOBBIES_2_005,2249,24.35
STORE_2,HOBBIES_2_005,2250,24.35
STORE_2,HOBBIES_2_005,2251,24.35
STORE_2,HOBBIES_2_005,2352,24.35
STORE_2,HOBBIES_2_005,2301,24.35
STORE_2,HOBBIES_2_005,2302,30.48
STORE_2,HOBBIES_2_005,2303,30.48
STORE_2,HOBBIES_2_005,2304,30.48
STORE_2,HOBBIES_2_005,2305,30.48
STORE_2,HOBBIES_2_005,2306,30.48
STORE_2,HOBBIES_2_005,2307,30.48
STORE_2,HOBBIES_2_005,2308,30.48
STORE_2,HOBBIES_2_005,2309,30.48
STORE_2,HOBBIES_2_005,2310,30.48
STORE_2,HOBBIES_2_005,2311,30.48
STORE_2,HOBBIES_2_005,2312,30.48
STORE_2,HOBBIES_2_005,2313,30.48
STORE_2,HOBBIES_2_005,2314,30.48
STORE_2,HOBBIES_2_005,2315,30.48
STORE_2,HOBBIES_2_005,2316,30.48
STORE_2,HOBBIES_2_005,2317,30.48
STORE_2,HOBBIES_2_005,2318,30.48
STORE_2,HOBBIES_2_005,2319,30.48
STORE_2,HOBBIES_2_005,2320,30.48
STORE_2,HOBBIES_2_005,2321,30.48
STORE_2,HOBBIES_2_005,2322,30.48
STORE_2,HOBBIES_2_005,2323,30.48
STORE_2,HOBBIES_2_005,2324,30.48
STORE_2,HOBBIES_2_005,2325,30.48
STORE_2,HOBBIES_2_005,2326,30.48
STORE_2,HOBBIES_2_005,2327,30.48
STORE_2,HOBBIES_2_005,2328,30.48
STORE_2,HOBBIES_2_005,2329,30.48
STORE_2,HOBBIES_2_005,2330,30.48
STORE_2,HOBBIES_2_005,2331,30.48
STORE_2,HOBBIES_2_005,2332,30.48
STORE_2,HOBBIES_2_005,2333,30.48
STORE_2,HOBBIES_2_005,2334,30.48
STORE_2,HOBBIES_2_005,2335,30.48
STORE_2,HOBBIES_2_005,2336,30.48
STORE_2,HOBBIES_2_005,2337,30.48
STORE_2,HOBBIES_2_005,2338,30.48
STORE_2,HOBBIES_2_005,2339,30.48
STORE_2,HOBBIES_2_005,2340,30.48
STORE_2,HOBBIES_2_005,2341,30.48
STORE_2,HOBBIES_2_005,2342,30.48
STORE_2,HOBBIES_2_005,2343,30.48
STORE_2,HOBBIES_2_005,2344,30.48
STORE_2,HOBBIES_2_005,2345,30.48
STORE_2,HOBBIES_2_005,2346,30.48
STORE_2,HOBBIES_2_005,2347,30.48
STORE_2,HOBBIES_2_005,2348,30.48
STORE_2,HOBBIES_2_005,2349,30.48
STORE_2,HOBBIES_2_005,2350,30.48
STORE_2,HOBBIES_2_005,2351,30.48
STORE_2,HOBBIES_2_005,2401,30.48
STORE_2,HOBBIES_2_005,2402,30.48
STORE_2,HOBBIES_2_005,2403,30.48
STORE_2,HOBBIES_2_005,2404,24.73
STORE_2,HOBBIES_2_005,2405,24.73
STORE_2,HOBBIES_2_005,2406,24.73
STORE_2,HOBBIES_2_005,2407,24.73
STORE_2,HOBBIES_2_005,2408,24.73
STORE_2,HOBBIES_2_005,2409,24.73
STORE_2,HOBBIES_2_005,2410,24.73
STORE_2,HOBBIES_2_005,2411,24.73
STORE_2,HOBBIES_2_005,2412,24.73
STORE_2,HOBBIES_2_005,2413,24.73
STORE_2,HOBBIES_2_005,2414,24.73
STORE_2,HOBBIES_2_005,2415,24.73
STORE_2,HOBBIES_2_005,2416,24.73
STORE_2,HOBBIES_2_005,2417,24.73
STORE_2,HOBBIES_2_005,2418,24.73
STORE_2,HOBBIES_2_005,2419,24.73
STORE_2,HOBBIES_2_005,2420,24.73
STORE_2,HOBBIES_2_005,2421,24.73
STORE_2,HOBBIES_2_005,2422,24.73
STORE_2,HOBBIES_2_005,2423,24.73
STORE_2,HOBBIES_2_005,2424,24.73
STORE_2,HOBBIES_2_005,2425,24.73
STORE_2,HOBBIES_2_005,2426,24.73
STORE_2,HOBBIES_2_005,2427,24.73
STORE_2,HOBBIES_2_005,2428,24.73
STORE_2,HOBBIES_2_005,2429,24.73
STORE_2,HOBBIES_2_005,2430,24.73
STORE_2,HOBBIES_2_005,2431,24.73
STORE_2,HOBBIES_2_005,2432,24.73
STORE_2,HOBBIES_2_005,2433,24.73
STORE_2,HOBBIES_2_005,2434,24.73
STORE_2,HOBBIES_2_005,2435,24.73
STORE_2,HOBBIES_2_005,2436,24.73
STORE_2,HOBBIES_2_005,2437,24.73
STORE_2,HOBBIES_2_005,2438,24.73
STORE_2,HOBBIES_2_005,2439,24.73
STORE_2,HOBBIES_2_005,2440,24.73
STORE_2,HOBBIES_2_005,2441,24.73
STORE_2,HOBBIES_2_005,2442,24.73
STORE_2,HOBBIES_2_005,2443,24.73
STORE_2,HOBBIES_2_005,2444,24.73
STORE_2,HOBBIES_2_005,2445,24.73
STORE_2,HOBBIES_2_005,2446,24.73
STORE_2,HOBBIES_2_005,2447,24.73
STORE_2,HOBBIES_2_005,2448,24.73
STORE_2,HOBBIES_2_005,2449,24.73
STORE_2,HOBBIES_2_005,2450,24.73
STORE_2,HOBBIES_2_005,2451,24.73
STORE_2,HOBBIES_2_005,2452,24.73
STORE_2,HOBBIES_2_005,2501,24.73
STORE_2,HOBBIES_2_005,2502,24.73
STORE_2,HOBBIES_2_005,2503,24.73
STORE_2,HOBBIES_2_005,2504,24.73
STORE_2,HOBBIES_2_005,2505,26.47
STORE_2,HOBBIES_2_006,2252,13.69
STORE_2,HOBBIES_2_006,2201,13.69
STORE_2,HOBBIES_2_006,2202,13.69
STORE_2,HOBBIES_2_006,2203,13.69
STORE_2,HOBBIES_2_006,2204,13.69
STORE_2,HOBBIES_2_006,2205,13.69
STORE_2,HOBBIES_2_006,2206,13.69
STORE_2,HOBBIES_2_006,2207,13.69
STORE_2,HOBBIES_2_006,2208,13.69
STORE_2,HOBBIES_2_006,2209,13.69
STORE_2,HOBBIES_2_006,2210,13.69
STORE_2,HOBBIES_2_006,2211,13.69
STORE_2,HOBBIES_2_006,2212,13.69
STORE_2,HOBBIES_2_006,2213,13.69
STORE_2,HOBBIES_2_006,2214,13.69
STORE_2,HOBBIES_2_006,2215,13.69
STORE_2,HOBBIES_2_006,2216,13.69
STORE_2,HOBBIES_2_006,2217,13.69
STORE_2,HOBBIES_2_006,2218,13.69
STORE_2,HOBBIES_2_006,2219,13.69
STORE_2,HOBBIES_2_006,2220,13.69
STORE_2,HOBBIES_2_006,2221,13.69
STORE_2,HOBBIES_2_006,2222,13.69
STORE_2,HOBBIES_2_006,2223,13.69
STORE_2,HOBBIES_2_006,2224,13.69
STORE_2,HOBBIES_2_006,2225,13.69
STORE_2,HOBBIES_2_006,2226,13.69
STORE_2,HOBBIES_2_006,2227,13.69
STORE_2,HOBBIES_2_006,2228,13.69
STORE_2,HOBBIES_2_006,2229,13.69
STORE_2,HOBBIES_2_006,2230,13.69
STORE_2,HOBBIES_2_006,2231,13.69
STORE_2,HOBBIES_2_006,2232,13.69
STORE_2,HOBBIES_2_006,2233,13.69
STORE_2,HOBBIES_2_006,2234,13.69
STORE_2,HOBBIES_2_006,2235,13.69
STORE_2,HOBBIES_2_006,2236,13.69
STORE_2,HOBBIES_2_006,2237,11.36
STORE_2,HOBBIES_2_006,2238,12.09
STORE_2,HOBBIES_2_006,2239,12.09
STORE_2,HOBBIES_2_006,2240,12.09
STORE_2,HOBBIES_2_006,2241,12.09
STORE_2,HOBBIES_2_006,2242,12.09
STORE_2,HOBBIES_2_006,2243,12.09
STORE_2,HOBBIES_2_006,2244,12.09
STORE_2,HOBBIES_2_006,2245,12.09
STORE_2,HOBBIES_2_006,2246,12.09
STORE_2,HOBBIES_2_006,2247,12.09
STORE_2,HOBBIES_2_006,2248,12.09
STORE_2,HOBBIES_2_006,2249,12.09
STORE_2,HOBBIES_2_006,2250,12.09
STORE_2,HOBBIES_2_006,2251,12.09
STORE_2,HOBBIES_2_006,2352,12.09
STORE_2,HOBBIES_2_006,2301,12.09
STORE_2,HOBBIES_2_006,2302,12.09
STORE_2,HOBBIES_2_006,2303,12.09
STORE_2,HOBBIES_2_006,2304,12.09
STORE_2,HOBBIES_2_006,2305,12.09
STORE_2,HOBBIES_2_006,2306,12.09
STORE_2,HOBBIES_2_006,2307,12.09
STORE_2,HOBBIES_2_006,2308,12.09
STORE_2,HOBBIES_2_006,2309,12.09
STORE_2,HOBBIES_2_006,2310,12.09
STORE_2,HOBBIES_2_006,2311,12.09
STORE_2,HOBBIES_2_006,2312,12.09
STORE_2,HOBBIES_2_006,2313,12.09
STORE_2,HOBBIES_2_006,2314,12.09
STORE_2,HOBBIES_2_006,2315,12.09
STORE_2,HOBBIES_2_006,2316,12.09
STORE_2,HOBBIES_2_006,2317,12.09
STORE_2,HOBBIES_2_006,2318,12.09
STORE_2,HOBBIES_2_006,2319,12.09
STORE_2,HOBBIES_2_006,2320,12.09
STORE_2,HOBBIES_2_006,2321,12.09
STORE_2,HOBBIES_2_006,2322,12.09
STORE_2,HOBBIES_2_006,2323,12.09
STORE_2,HOBBIES_2_006,2324,12.09
STORE_2,HOBBIES_2_006,2325,12.09
STORE_2,HOBBIES_2_006,2326,12.09
STORE_2,HOBBIES_2_006,2327,12.09
STORE_2,HOBBIES_2_006,2328,12.09
STORE_2,HOBBIES_2_006,2329,12.09
STORE_2,HOBBIES_2_006,2330,12.09
STORE_2,HOBBIES_2_006,2331,12.09
STORE_2,HOBBIES_2_006,2332,12.09
STORE_2,HOBBIES_2_006,2333,12.09
STORE_2,HOBBIES_2_006,2334,12.09
STORE_2,HOBBIES_2_006,2335,12.09
STORE_2,HOBBIES_2_006,2336,12.09
STORE_2,HOBBIES_2_006,2337,12.58
STORE_2,HOBBIES_2_006,2338,12.58
STORE_2,HOBBIES_2_006,2339,12.58
STORE_2,HOBBIES_2_006,2340,12.58
STORE_2,HOBBIES_2_006,2341,12.58
STORE_2,HOBBIES_2_006,2342,12.58
STORE_2,HOBBIES_2_006,2343,12.58
STORE_2,HOBBIES_2_006,2344,12.58
STORE_2,HOBBIES_2_006,2345,12.58
STORE_2,HOBBIES_2_006,2346,12.58
STORE_2,HOBBIES_2_006,2347,12.58
STORE_2,HOBBIES_2_006,2348,12.58
STORE_2,HOBBIES_2_006,2349,12.58
STORE_2,HOBBIES_2_006,2350,12.58
STORE_2,HOBBIES_2_006,2351,12.58
STORE_2,HOBBIES_2_006,2401,12.58
STORE_2,HOBBIES_2_006,2402,12.58
STORE_2,HOBBIES_2_006,2403,12.58
STORE_2,HOBBIES_2_006,2404,12.58
STORE_2,HOBBIES_2_006,2405,12.58
STORE_2,HOBBIES_2_006,2406,13.32
STORE_2,HOBBIES_2_006,2407,13.32
STORE_2,HOBBIES_2_006,2408,13.32
STORE_2,HOBBIES_2_006,2409,13.32
STORE_2,HOBBIES_2_006,2410,13.32
STORE_2,HOBBIES_2_006,2411,13.32
STORE_2,HOBBIES_2_006,2412,13.32
STORE_2,HOBBIES_2_006,2413,13.32
STORE_2,HOBBIES_2_006,2414,13.32
STORE_2,HOBBIES_2_006,2415,13.32
STORE_2,HOBBIES_2_006,2416,13.32
STORE_2,HOBBIES_2_006,2417,13.32
STORE_2,HOBBIES_2_006,2418,13.32
STORE_2,HOBBIES_2_006,2419,13.32
STORE_2,HOBBIES_2_006,2420,13.32
STORE_2,HOBBIES_2_006,2421,13.32
STORE_2,HOBBIES_2_006,2422,13.32
STORE_2,HOBBIES_2_006,2423,13.32
STORE_2,HOBBIES_2_006,2424,13.32
STORE_2,HOBBIES_2_006,2425,13.32
STORE_2,HOBBIES_2_006,2426,13.32
STORE_2,HOBBIES_2_006,2427,13.32
STORE_2,HOBBIES_2_006,2428,13.32
STORE_2,HOBBIES_2_006,2429,13.32
STORE_2,HOBBIES_2_006,2430,13.32
STORE_2,HOBBIES_2_006,2431,13.32
STORE_2,HOBBIES_2_006,2432,13.32
STORE_2,HOBBIES_2_006,2433,13.43
STORE_2,HOBBIES_2_006,2434,15.34
STORE_2,HOBBIES_2_006,2435,15.34
STORE_2,HOBBIES_2_006,2436,15.34
STORE_2,HOBBIES_2_006,2437,10.8
STORE_2,HOBBIES_2_006,2438,10.8
STORE_2,HOBBIES_2_006,2439,10.8
STORE_2,HOBBIES_2_006,2440,10.8
STORE_2,HOBBIES_2_006,2441,10.8
STORE_2,HOBBIES_2_006,2442,10.8
STORE_2,HOBBIES_2_006,2443,10.8
STORE_2,HOBBIES_2_006,2444,10.8
STORE_2,HOBBIES_2_006,2445,10.8
STORE_2,HOBBIES_2_006,2446,10.8
STORE_2,HOBBIES_2_006,2447,10.8
STORE_2,HOBBIES_2_006,2448,10.8
STORE_2,HOBBIES_2_006,2449,10.8
STORE_2,HOBBIES_2_006,2450,10.8
STORE_2,HOBBIES_2_006,2451,10.8
STORE_2,HOBBIES_2_006,2452,10.8
STORE_2,HOBBIES_2_006,2501,10.8
STORE_2,HOBBIES_2_006,2502,10.8
STORE_2,HOBBIES_2_006,2503,10.8
STORE_2,HOBBIES_2_006,2504,10.8
STORE_2,HOBBIES_2_006,2505,10.8
STORE_2,HOBBIES_2_007,2252,49.08
STORE_2,HOBBIES_2_007,2201,49.08
STORE_2,HOBBIES_2_007,2202,49.08
STORE_2,HOBBIES_2_007,2203,49.08
STORE_2,HOBBIES_2_007,2204,49.08
STORE_2,HOBBIES_2_007,2205,49.08
STORE_2,HOBBIES_2_007,2206,49.08
STORE_2,HOBBIES_2_007,2207,49.08
STORE_2,HOBBIES_2_007,2208,49.08
STORE_2,HOBBIES_2_007,2209,40.1
STORE_2,HOBBIES_2_007,2210,40.1
STORE_2,HOBBIES_2_007,2211,40.1
STORE_2,HOBBIES_2_007,2212,40.1
STORE_2,HOBBIES_2_007,2213,40.1
STORE_2,HOBBIES_2_007,2214,40.1
STORE_2,HOBBIES_2_007,2215,40.1
STORE_2,HOBBIES_2_007,2216,40.1
STORE_2,HOBBIES_2_007,2217,40.1
STORE_2,HOBBIES_2_007,2218,40.1
STORE_2,HOBBIES_2_007,2219,40.1
STORE_2,HOBBIES_2_007,2220,40.1
STORE_2,HOBBIES_2_007,2221,40.1
STORE_2,HOBBIES_2_007,2222,40.1
STORE_2,HOBBIES_2_007,2223,40.1
STORE_2,HOBBIES_2_007,2224,40.1
STORE_2,HOBBIES_2_007,2225,40.1
STORE_2,HOBBIES_2_007,2226,40.1
STORE_2,HOBBIES_2_007,2227,40.1
STORE_2,HOBBIES_2_007,2228,40.1
STORE_2,HOBBIES_2_007,2229,40.1
STORE_2,HOBBIES_2_007,2230,40.1
STORE_2,HOBBIES_2_007,2231,47.46
STORE_2,HOBBIES_2_007,2232,47.46
STORE_2,HOBBIES_2_007,2233,47.46
STORE_2,HOBBIES_2_007,2234,47.46
STORE_2,HOBBIES_2_007,2235,47.46
STORE_2,HOBBIES_2_007,2236,47.46
STORE_2,HOBBIES_2_007,2237,47.46
STORE_2,HOBBIES_2_007,2238,47.46
STORE_2,HOBBIES_2_007,2239,47.46
STORE_2,HOBBIES_2_007,2240,47.46
STORE_2,HOBBIES_2_007,2241,47.46
STORE_2,HOBBIES_2_007,2242,47.46
STORE_2,HOBBIES_2_007,2243,51.82
STORE_2,HOBBIES_2_007,2244,51.82
STORE_2,HOBBIES_2_007,2245,51.82
STORE_2,HOBBIES_2_007,2246,51.82
STORE_2,HOBBIES_2_007,2247,51.82
STORE_2,HOBBIES_2_007,2248,51.82
STORE_2,HOBBIES_2_007,2249,51.82
STORE_2,HOBBIES_2_007,2250,51.82
STORE_2,HOBBIES_2_007,2251,51.82
STORE_2,HOBBIES_2_007,2352,51.82
STORE_2,HOBBIES_2_007,2301,51.82
STORE_2,HOBBIES_2_007,2302,51.82
STORE_2,HOBBIES_2_007,2303,51.82
STORE_2,HOBBIES_2_007,2304,51.82
STORE_2,HOBBIES_2_007,2305,51.82
STORE_2,HOBBIES_2_007,2306,51.82
STORE_2,HOBBIES_2_007,2307,51.82
STORE_2,HOBBIES_2_007,2308,51.82
STORE_2,HOBBIES_2_007,2309,51.82
STORE_2,HOBBIES_2_007,2310,51.82
STORE_2,HOBBIES_2_007,2311,51.82
STORE_2,HOBBIES_2_007,2312,51.82
STORE_2,HOBBIES_2_007,2313,51.82
STORE_2,HOBBIES_2_007,2314,51.82
STORE_2,HOBBIES_2_007,2315,51.82
STORE_2,HOBBIES_2_007,2316,51.82
STORE_2,HOBBIES_2_007,2317,51.82
STORE_2,HOBBIES_2_007,2318,51.82
STORE_2,HOBBIES_2_007,2319,51.82
STORE_2,HOBBIES_2_007,2320,51.82
STORE_2,HOBBIES_2_007,2321,51.82
STORE_2,HOBBIES_2_007,2322,51.82
STORE_2,HOBBIES_2_007,2323,51.82
STORE_2,HOBBIES_2_007,2324,41.18
STORE_2,HOBBIES_2_007,2325,41.18
STORE_2,HOBBIES_2_007,2326,41.18
STORE_2,HOBBIES_2_007,2327,41.18
STORE_2,HOBBIES_2_007,2328,41.18
STORE_2,HOBBIES_2_007,2329,41.18
STORE_2,HOBBIES_2_007,2330,41.18
STORE_2,HOBBIES_2_007,2331,41.18
STORE_2,HOBBIES_2_007,2332,41.18
STORE_2,HOBBIES_2_007,2333,41.18
STORE_2,HOBBIES_2_007,2334,41.18
STORE_2,HOBBIES_2_007,2335,41.18
STORE_2,HOBBIES_2_007,2336,41.18
STORE_2,HOBBIES_2_007,2337,41.18
STORE_2,HOBBIES_2_007,2338,41.18
STORE_2,HOBBIES_2_007,2339,41.18
STORE_2,HOBBIES_2_007,2340,41.18
STORE_2,HOBBIES_2_007,2341,41.18
STORE_2,HOBBIES_2_007,2342,41.18
STORE_2,HOBBIES_2_007,2343,41.18
STORE_2,HOBBIES_2_007,2344,47.06
STORE_2,HOBBIES_2_007,2345,47.06
STORE_2,HOBBIES_2_007,2346,47.06
STORE_2,HOBBIES_2_007,2347,47.06
STORE_2,HOBBIES_2_007,2348,47.06
STORE_2,HOBBIES_2_007,2349,47.06
STORE_2,HOBBIES_2_007,2350,47.06
STORE_2,HOBBIES_2_007,2351,47.06
STORE_2,HOBBIES_2_007,2401,47.06
STORE_2,HOBBIES_2_007,2402,47.06
STORE_2,HOBBIES_2_007,2403,46.37
STORE_2,HOBBIES_2_007,2404,46.37
STORE_2,HOBBIES_2_007,2405,46.37
STORE_2,HOBBIES_2_007,2406,46.37
STORE_2,HOBBIES_2_007,2407,46.37
STORE_2,HOBBIES_2_007,2408,46.37
STORE_2,HOBBIES_2_007,2409,46.37
STORE_2,HOBBIES_2_007,2410,46.37
STORE_2,HOBBIES_2_007,2411,46.37
STORE_2,HOBBIES_2_007,2412,46.37
STORE_2,HOBBIES_2_007,2413,46.37
STORE_2,HOBBIES_2_007,2414,46.37
STORE_2,HOBBIES_2_007,2415,46.37
STORE_2,HOBBIES_2_007,2416,46.37
STORE_2,HOBBIES_2_007,2417,46.37
STORE_2,HOBBIES_2_007,2418,46.37
STORE_2,HOBBIES_2_007,2419,46.37
STORE_2,HOBBIES_2_007,2420,46.37
STORE_2,HOBBIES_2_007,2421,46.37
STORE_2,HOBBIES_2_007,2422,46.37
STORE_2,HOBBIES_2_007,2423,46.37
STORE_2,HOBBIES_2_007,2424,46.37
STORE_2,HOBBIES_2_007,2425,46.37
STORE_2,HOBBIES_2_007,2426,46.37
STORE_2,HOBBIES_2_007,2427,46.37
STORE_2,HOBBIES_2_007,2428,46.37
STORE_2,HOBBIES_2_007,2429,46.37
STORE_2,HOBBIES_2_007,2430,46.37
STORE_2,HOBBIES_2_007,2431,46.37
STORE_2,HOBBIES_2_007,2432,46.37
STORE_2,HOBBIES_2_007,2433,46.37
STORE_2,HOBBIES_2_007,2434,46.37
STORE_2,HOBBIES_2_007,2435,46.37
STORE_2,HOBBIES_2_007,2436,51.0
STORE_2,HOBBIES_2_007,2437,51.0
STORE_2,HOBBIES_2_007,2438,51.0
STORE_2,HOBBIES_2_007,2439,51.0
STORE_2,HOBBIES_2_007,2440,51.0
STORE_2,HOBBIES_2_007,2441,51.0
STORE_2,HOBBIES_2_007,2442,51.0
STORE_2,HOBBIES_2_007,2443,51.0
STORE_2,HOBBIES_2_007,2444,51.0
STORE_2,HOBBIES_2_007,2445,51.0
STORE_2,HOBBIES_2_007,2446,51.0
STORE_2,HOBBIES_2_007,2447,51.0
STORE_2,HOBBIES_2_007,2448,51.0
STORE_2,HOBBIES_2_007,2449,51.0
STORE_2,HOBBIES_2_007,2450,51.0
STORE_2,HOBBIES_2_007,2451,51.0
STORE_2,HOBBIES_2_007,2452,51.0
STORE_2,HOBBIES_2_007,2501,51.0
STORE_2,HOBBIES_2_007,2502,51.0
STORE_2,HOBBIES_2_007,2503,51.0
STORE_2,HOBBIES_2_007,2504,51.0
STORE_2,HOBBIES_2_007,2505,51.0
STORE_2,HOBBIES_2_008,2252,35.56
STORE_2,HOBBIES_2_008,2201,35.56
STORE_2,HOBBIES_2_008,2202,35.56
STORE_2,HOBBIES_2_008,2203,35.56
STORE_2,HOBBIES_2_008,2204,35.56
STORE_2,HOBBIES_2_008,2205,35.56
STORE_2,HOBBIES_2_008,2206,35.56
STORE_2,HOBBIES_2_008,2207,35.56
STORE_2,HOBBIES_2_008,2208,35.56
STORE_2,HOBBIES_2_008,2209,35.56
STORE_2,HOBBIES_2_008,2210,35.56
STORE_2,HOBBIES_2_008,2211,35.56
STORE_2,HOBBIES_2_008,2212,35.56
STORE_2,HOBBIES_2_008,2213,35.56
STORE_2,HOBBIES_2_008,2214,35.56
STORE_2,HOBBIES_2_008,2215,31.61
STORE_2,HOBBIES_2_008,2216,31.61
STORE_2,HOBBIES_2_008,2217,31.61
STORE_2,HOBBIES_2_008,2218,31.61
STORE_2,HOBBIES_2_008,2219,31.61
STORE_2,HOBBIES_2_008,2220,31.61
STORE_2,HOBBIES_2_008,2221,31.61
STORE_2,HOBBIES_2_008,2222,31.61
STORE_2,HOBBIES_2_008,2223,31.61
STORE_2,HOBBIES_2_008,2224,31.61
STORE_2,HOBBIES_2_008,2225,31.61
STORE_2,HOBBIES_2_008,2226,31.61
STORE_2,HOBBIES_2_008,2227,31.61
STORE_2,HOBBIES_2_008,2228,31.61
STORE_2,HOBBIES_2_008,2229,31.61
STORE_2,HOBBIES_2_008,2230,31.61
STORE_2,HOBBIES_2_008,2231,39.03
STORE_2,HOBBIES_2_008,2232,39.03
STORE_2,HOBBIES_2_008,2233,39.03
STORE_2,HOBBIES_2_008,2234,39.03
STORE_2,HOBBIES_2_008,2235,39.03
STORE_2,HOBBIES_2_008,2236,39.03
STORE_2,HOBBIES_2_008,2237,39.03
STORE_2,HOBBIES_2_008,2238,39.03
STORE_2,HOBBIES_2_008,2239,39.03
STORE_2,HOBBIES_2_008,2240,39.03
STORE_2,HOBBIES_2_008,2241,39.03
STORE_2,HOBBIES_2_008,2242,39.03
STORE_2,HOBBIES_2_008,2243,39.03
STORE_2,HOBBIES_2_008,2244,39.03
STORE_2,HOBBIES_2_008,2245,39.03
STORE_2,HOBBIES_2_008,2246,39.03
STORE_2,HOBBIES_2_008,2247,39.03
STORE_2,HOBBIES_2_008,2248,39.03
STORE_2,HOBBIES_2_008,2249,39.03
STORE_2,HOBBIES_2_008,2250,39.03
STORE_2,HOBBIES_2_008,2251,39.03
STORE_2,HOBBIES_2_008,2352,39.03
STORE_2,HOBBIES_2_008,2301,39.03
STORE_2,HOBBIES_2_008,2302,39.03
STORE_2,HOBBIES_2_008,2303,39.03
STORE_2,HOBBIES_2_008,2304,39.03
STORE_2,HOBBIES_2_008,2305,39.03
STORE_2,HOBBIES_2_008,2306,39.03
STORE_2,HOBBIES_2_008,2307,39.03
STORE_2,HOBBIES_2_008,2308,39.03
STORE_2,HOBBIES_2_008,2309,39.03
STORE_2,HOBBIES_2_008,2310,39.03
STORE_2,HOBBIES_2_008,2311,39.03
STORE_2,HOBBIES_2_008,2312,39.03
STORE_2,HOBBIES_2_008,2313,39.3
STORE_2,HOBBIES_2_008,2314,39.3
STORE_2,HOBBIES_2_008,2315,39.3
STORE_2,HOBBIES_2_008,2316,39.3
STORE_2,HOBBIES_2_008,2317,39.3
STORE_2,HOBBIES_2_008,2318,39.3
STORE_2,HOBBIES_2_008,2319,39.3
STORE_2,HOBBIES_2_008,2320,39.3
STORE_2,HOBBIES_2_008,2321,39.3
STORE_2,HOBBIES_2_008,2322,39.3
STORE_2,HOBBIES_2_008,2323,39.3
STORE_2,HOBBIES_2_008,2324,39.3
STORE_2,HOBBIES_2_008,2325,39.3
STORE_2,HOBBIES_2_008,2326,39.3
STORE_2,HOBBIES_2_008,2327,39.3
STORE_2,HOBBIES_2_008,2328,39.3
STORE_2,HOBBIES_2_008,2329,39.3
STORE_2,HOBBIES_2_008,2330,39.3
STORE_2,HOBBIES_2_008,2331,39.3
STORE_2,HOBBIES_2_008,2332,39.3
STORE_2,HOBBIES_2_008,2333,39.3
STORE_2,HOBBIES_2_008,2334,39.3
STORE_2,HOBBIES_2_008,2335,39.3
STORE_2,HOBBIES_2_008,2336,39.3
STORE_2,HOBBIES_2_008,2337,39.3
STORE_2,HOBBIES_2_008,2338,39.3
STORE_2,HOBBIES_2_008,2339,39.3
STORE_2,HOBBIES_2_008,2340,39.3
STORE_2,HOBBIES_2_008,2341,39.3
STORE_2,HOBBIES_2_008,2342,39.3
STORE_2,HOBBIES_2_008,2343,39.3
STORE_2,HOBBIES_2_008,2344,39.3
STORE_2,HOBBIES_2_008,2345,32.75
STORE_2,HOBBIES_2_008,2346,32.75
STORE_2,HOBBIES_2_008,2347,32.75
STORE_2,HOBBIES_2_008,2348,32.75
STORE_2,HOBBIES_2_008,2349,32.75
STORE_2,HOBBIES_2_008,2350,32.75
STORE_2,HOBBIES_2_008,2351,32.75
STORE_2,HOBBIES_2_008,2401,32.75
STORE_2,HOBBIES_2_008,2402,32.75
STORE_2,HOBBIES_2_008,2403,32.75
STORE_2,HOBBIES_2_008,2404,34.21
STORE_2,HOBBIES_2_008,2405,34.21
STORE_2,HOBBIES_2_008,2406,34.21
STORE_2,HOBBIES_2_008,2407,34.21
STORE_2,HOBBIES_2_008,2408,34.21
STORE_2,HOBBIES_2_008,2409,34.21
STORE_2,HOBBIES_2_008,2410,34.21
STORE_2,HOBBIES_2_008,2411,34.21
STORE_2,HOBBIES_2_008,2412,34.21
STORE_2,HOBBIES_2_008,2413,34.21
STORE_2,HOBBIES_2_008,2414,34.21
STORE_2,HOBBIES_2_008,2415,34.21
STORE_2,HOBBIES_2_008,2416,34.21
STORE_2,HOBBIES_2_008,2417,34.21
STORE_2,HOBBIES_2_008,2418,34.21
STORE_2,HOBBIES_2_008,2419,34.21
STORE_2,HOBBIES_2_008,2420,34.21
STORE_2,HOBBIES_2_008,2421,34.21
STORE_2,HOBBIES_2_008,2422,34.21
STORE_2,HOBBIES_2_008,2423,34.21
STORE_2,HOBBIES_2_008,2424,34.21
STORE_2,HOBBIES_2_008,2425,34.21
STORE_2,HOBBIES_2_008,2426,34.21
STORE_2,HOBBIES_2_008,2427,34.21
STORE_2,HOBBIES_2_008,2428,34.21
STORE_2,HOBBIES_2_008,2429,34.21
STORE_2,HOBBIES_2_008,2430,34.21
STORE_2,HOBBIES_2_008,2431,34.21
STORE_2,HOBBIES_2_008,2432,34.21
STORE_2,HOBBIES_2_008,2433,34.21
STORE_2,HOBBIES_2_008,2434,34.21
STORE_2,HOBBIES_2_008,2435,34.21
STORE_2,HOBBIES_2_008,2436,34.21
STORE_2,HOBBIES_2_008,2437,34.21
STORE_2,HOBBIES_2_008,2438,34.21
STORE_2,HOBBIES_2_008,2439,40.62
STORE_2,HOBBIES_2_008,2440,40.62
STORE_2,HOBBIES_2_008,2441,40.62
STORE_2,HOBBIES_2_008,2442,40.62
STORE_2,HOBBIES_2_008,2443,40.62
STORE_2,HOBBIES_2_008,2444,40.62
STORE_2,HOBBIES_2_008,2445,40.62
STORE_2,HOBBIES_2_008,2446,40.62
STORE_2,HOBBIES_2_008,2447,40.62
STORE_2,HOBBIES_2_008,2448,40.62
STORE_2,HOBBIES_2_008,2449,40.62
STORE_2,HOBBIES_2_008,2450,40.62
STORE_2,HOBBIES_2_008,2451,40.62
STORE_2,HOBBIES_2_008,2452,40.62
STORE_2,HOBBIES_2_008,2501,40.62
STORE_2,HOBBIES_2_008,2502,40.62
STORE_2,HOBBIES_2_008,2503,40.62
STORE_2,HOBBIES_2_008,2504,40.62
STORE_2,HOBBIES_2_008,2505,40.62
STORE_2,HOUSEHOLD_1_001,2252,58.4
STORE_2,HOUSEHOLD_1_001,2201,58.4
STORE_2,HOUSEHOLD_1_001,2202,58.4
STORE_2,HOUSEHOLD_1_001,2203,58.4
STORE_2,HOUSEHOLD_1_001,2204,58.4
STORE_2,HOUSEHOLD_1_001,2205,58.4
STORE_2,HOUSEHOLD_1_001,2206,58.4
STORE_2,HOUSEHOLD_1_001,2207,58.4
STORE_2,HOUSEHOLD_1_001,2208,58.4
STORE_2,HOUSEHOLD_1_001,2209,58.4
STORE_2,HOUSEHOLD_1_001,2210,58.4
STORE_2,HOUSEHOLD_1_001,2211,58.4
STORE_2,HOUSEHOLD_1_001,2212,58.4
STORE_2,HOUSEHOLD_1_001,2213,58.4
STORE_2,HOUSEHOLD_1_001,2214,58.4
STORE_2,HOUSEHOLD_1_001,2215,58.4
STORE_2,HOUSEHOLD_1_001,2216,62.94
STORE_2,HOUSEHOLD_1_001,2217,62.94
STORE_2,HOUSEHOLD_1_001,2218,62.94
STORE_2,HOUSEHOLD_1_001,2219,62.94
STORE_2,HOUSEHOLD_1_001,2220,62.94
STORE_2,HOUSEHOLD_1_001,2221,62.94
STORE_2,HOUSEHOLD_1_001,2222,62.94
STORE_2,HOUSEHOLD_1_001,2223,62.94
STORE_2,HOUSEHOLD_1_001,2224,62.94
STORE_2,HOUSEHOLD_1_001,2225,62.94
STORE_2,HOUSEHOLD_1_001,2226,62.94
STORE_2,HOUSEHOLD_1_001,2227,62.94
STORE_2,HOUSEHOLD_1_001,2228,62.94
STORE_2,HOUSEHOLD_1_001,2229,62.94
STORE_2,HOUSEHOLD_1_001,2230,62.94
STORE_2,HOUSEHOLD_1_001,2231,62.94
STORE_2,HOUSEHOLD_1_001,2232,62.94
STORE_2,HOUSEHOLD_1_001,2233,62.94
STORE_2,HOUSEHOLD_1_001,2234,62.94
STORE_2,HOUSEHOLD_1_001,2235,62.94
STORE_2,HOUSEHOLD_1_001,2236,62.94
STORE_2,HOUSEHOLD_1_001,2237,62.94
STORE_2,HOUSEHOLD_1_001,2238,62.94
STORE_2,HOUSEHOLD_1_001,2239,62.94
STORE_2,HOUSEHOLD_1_001,2240,62.94
STORE_2,HOUSEHOLD_1_001,2241,62.94
STORE_2,HOUSEHOLD_1_001,2242,62.94
STORE_2,HOUSEHOLD_1_001,2243,62.94
STORE_2,HOUSEHOLD_1_001,2244,62.94
STORE_2,HOUSEHOLD_1_001,2245,62.94
STORE_2,HOUSEHOLD_1_001,2246,62.94
STORE_2,HOUSEHOLD_1_001,2247,55.5
STORE_2,HOUSEHOLD_1_001,2248,55.5
STORE_2,HOUSEHOLD_1_001,2249,55.5
STORE_2,HOUSEHOLD_1_001,2250,55.5
STORE_2,HOUSEHOLD_1_001,2251,55.5
STORE_2,HOUSEHOLD_1_001,2352,55.5
STORE_2,HOUSEHOLD_1_001,2301,55.5
STORE_2,HOUSEHOLD_1_001,2302,55.5
STORE_2,HOUSEHOLD_1_001,2303,55.5
STORE_2,HOUSEHOLD_1_001,2304,55.5
STORE_2,HOUSEHOLD_1_001,2305,55.5
STORE_2,HOUSEHOLD_1_001,2306,55.5
STORE_2,HOUSEHOLD_1_001,2307,55.5
STORE_2,HOUSEHOLD_1_001,2308,55.5
STORE_2,HOUSEHOLD_1_001,2309,55.5
STORE_2,HOUSEHOLD_1_001,2310,65.12
STORE_2,HOUSEHOLD_1_001,2311,65.12
STORE_2,HOUSEHOLD_1_001,2312,65.12
STORE_2,HOUSEHOLD_1_001,2313,65.12
STORE_2,HOUSEHOLD_1_001,2314,65.12
STORE_2,HOUSEHOLD_1_001,2315,65.12
STORE_2,HOUSEHOLD_1_001,2316,65.12
STORE_2,HOUSEHOLD_1_001,2317,65.12
STORE_2,HOUSEHOLD_1_001,2318,65.12
STORE_2,HOUSEHOLD_1_001,2319,65.12
STORE_2,HOUSEHOLD_1_001,2320,65.12
STORE_2,HOUSEHOLD_1_001,2321,65.12
STORE_2,HOUSEHOLD_1_001,2322,65.12
STORE_2,HOUSEHOLD_1_001,2323,65.12
STORE_2,HOUSEHOLD_1_001,2324,65.12
STORE_2,HOUSEHOLD_1_001,2325,65.12
STORE_2,HOUSEHOLD_1_001,2326,65.12
STORE_2,HOUSEHOLD_1_001,2327,65.12
STORE_2,HOUSEHOLD_1_001,2328,65.12
STORE_2,HOUSEHOLD_1_001,2329,65.12
STORE_2,HOUSEHOLD_1_001,2330,65.12
STORE_2,HOUSEHOLD_1_001,2331,65.12
STORE_2,HOUSEHOLD_1_001,2332,65.12
STORE_2,HOUSEHOLD_1_001,2333,65.12
STORE_2,HOUSEHOLD_1_001,2334,65.12
STORE_2,HOUSEHOLD_1_001,2335,65.12
STORE_2,HOUSEHOLD_1_001,2336,65.12
STORE_2,HOUSEHOLD_1_001,2337,65.12
STORE_2,HOUSEHOLD_1_001,2338,65.12
STORE_2,HOUSEHOLD_1_001,2339,65.12
STORE_2,HOUSEHOLD_1_001,2340,52.33
STORE_2,HOUSEHOLD_1_001,2341,52.33
STORE_2,HOUSEHOLD_1_001,2342,46.21
STORE_2,HOUSEHOLD_1_001,2343,46.21
STORE_2,HOUSEHOLD_1_001,2344,46.21
STORE_2,HOUSEHOLD_1_001,2345,46.21
STORE_2,HOUSEHOLD_1_001,2346,46.21
STORE_2,HOUSEHOLD_1_001,2347,46.21
STORE_2,HOUSEHOLD_1_001,2348,46.21
STORE_2,HOUSEHOLD_1_001,2349,46.21
STORE_2,HOUSEHOLD_1_001,2350,46.21
STORE_2,HOUSEHOLD_1_001,2351,46.21
STORE_2,HOUSEHOLD_1_001,2401,46.21
STORE_2,HOUSEHOLD_1_001,2402,46.21
STORE_2,HOUSEHOLD_1_001,2403,46.21
STORE_2,HOUSEHOLD_1_001,2404,46.21
STORE_2,HOUSEHOLD_1_001,2405,46.21
STORE_2,HOUSEHOLD_1_001,2406,46.21
STORE_2,HOUSEHOLD_1_001,2407,46.21
STORE_2,HOUSEHOLD_1_001,2408,46.21
STORE_2,HOUSEHOLD_1_001,2409,46.21
STORE_2,HOUSEHOLD_1_001,2410,46.21
STORE_2,HOUSEHOLD_1_001,2411,46.21
STORE_2,HOUSEHOLD_1_001,2412,46.21
STORE_2,HOUSEHOLD_1_001,2413,46.21
STORE_2,HOUSEHOLD_1_001,2414,46.21
STORE_2,HOUSEHOLD_1_001,2415,46.21
STORE_2,HOUSEHOLD_1_001,2416,46.21
STORE_2,HOUSEHOLD_1_001,2417,46.21
STORE_2,HOUSEHOLD_1_001,2418,46.21
STORE_2,HOUSEHOLD_1_001,2419,46.21
STORE_2,HOUSEHOLD_1_001,2420,46.21
STORE_2,HOUSEHOLD_1_001,2421,46.21
STORE_2,HOUSEHOLD_1_001,2422,46.21
STORE_2,HOUSEHOLD_1_001,2423,46.21
STORE_2,HOUSEHOLD_1_001,2424,46.21
STORE_2,HOUSEHOLD_1_001,2425,46.21
STORE_2,HOUSEHOLD_1_001,2426,46.21
STORE_2,HOUSEHOLD_1_001,2427,46.21
STORE_2,HOUSEHOLD_1_001,2428,46.21
STORE_2,HOUSEHOLD_1_001,2429,46.21
STORE_2,HOUSEHOLD_1_001,2430,46.21
STORE_2,HOUSEHOLD_1_001,2431,46.21
STORE_2,HOUSEHOLD_1_001,2432,46.21
STORE_2,HOUSEHOLD_1_001,2433,46.21
STORE_2,HOUSEHOLD_1_001,2434,46.21
STORE_2,HOUSEHOLD_1_001,2435,46.21
STORE_2,HOUSEHOLD_1_001,2436,46.21
STORE_2,HOUSEHOLD_1_001,2437,46.21
STORE_2,HOUSEHOLD_1_001,2438,46.21
STORE_2,HOUSEHOLD_1_001,2439,46.21
STORE_2,HOUSEHOLD_1_001,2440,46.21
STORE_2,HOUSEHOLD_1_001,2441,46.21
STORE_2,HOUSEHOLD_1_001,2442,46.21
STORE_2,HOUSEHOLD_1_001,2443,46.21
STORE_2,HOUSEHOLD_1_001,2444,46.21
STORE_2,HOUSEHOLD_1_001,2445,46.21
STORE_2,HOUSEHOLD_1_001,2446,46.21
STORE_2,HOUSEHOLD_1_001,2447,46.21
STORE_2,HOUSEHOLD_1_001,2448,46.21
STORE_2,HOUSEHOLD_1_001,2449,46.21
STORE_2,HOUSEHOLD_1_001,2450,46.21
STORE_2,HOUSEHOLD_1_001,2451,46.21
STORE_2,HOUSEHOLD_1_001,2452,46.21
STORE_2,HOUSEHOLD_1_001,2501,46.21
STORE_2,HOUSEHOLD_1_001,2502,57.01
STORE_2,HOUSEHOLD_1_001,2503,57.01
STORE_2,HOUSEHOLD_1_001,2504,58.27
STORE_2,HOUSEHOLD_1_001,2505,58.27
STORE_2,HOUSEHOLD_1_002,2252,55.47
STORE_2,HOUSEHOLD_1_002,2201,55.47
STORE_2,HOUSEHOLD_1_002,2202,55.47
STORE_2,HOUSEHOLD_1_002,2203,55.47
STORE_2,HOUSEHOLD_1_002,2204,55.47
STORE_2,HOUSEHOLD_1_002,2205,55.47
STORE_2,HOUSEHOLD_1_002,2206,55.47
STORE_2,HOUSEHOLD_1_002,2207,55.47
STORE_2,HOUSEHOLD_1_002,2208,55.47
STORE_2,HOUSEHOLD_1_002,2209,55.47
STORE_2,HOUSEHOLD_1_002,2210,55.47
STORE_2,HOUSEHOLD_1_002,2211,55.47
STORE_2,HOUSEHOLD_1_002,2212,55.47
STORE_2,HOUSEHOLD_1_002,2213,55.47
STORE_2,HOUSEHOLD_1_002,2214,55.47
STORE_2,HOUSEHOLD_1_002,2215,55.47
STORE_2,HOUSEHOLD_1_002,2216,55.47
STORE_2,HOUSEHOLD_1_002,2217,55.47
STORE_2,HOUSEHOLD_1_002,2218,48.44
STORE_2,HOUSEHOLD_1_002,2219,48.44
STORE_2,HOUSEHOLD_1_002,2220,48.44
STORE_2,HOUSEHOLD_1_002,2221,48.44
STORE_2,HOUSEHOLD_1_002,2222,48.44
STORE_2,HOUSEHOLD_1_002,2223,48.44
STORE_2,HOUSEHOLD_1_002,2224,48.44
STORE_2,HOUSEHOLD_1_002,2225,48.44
STORE_2,HOUSEHOLD_1_002,2226,48.44
STORE_2,HOUSEHOLD_1_002,2227,48.44
STORE_2,HOUSEHOLD_1_002,2228,48.44
STORE_2,HOUSEHOLD_1_002,2229,48.44
STORE_2,HOUSEHOLD_1_002,2230,48.44
STORE_2,HOUSEHOLD_1_002,2231,48.44
STORE_2,HOUSEHOLD_1_002,2232,48.44
STORE_2,HOUSEHOLD_1_002,2233,48.44
STORE_2,HOUSEHOLD_1_002,2234,48.44
STORE_2,HOUSEHOLD_1_002,2235,48.44
STORE_2,HOUSEHOLD_1_002,2236,48.44
STORE_2,HOUSEHOLD_1_002,2237,48.44
STORE_2,HOUSEHOLD_1_002,2238,49.44
STORE_2,HOUSEHOLD_1_002,2239,49.44
STORE_2,HOUSEHOLD_1_002,2240,49.44
STORE_2,HOUSEHOLD_1_002,2241,49.44
STORE_2,HOUSEHOLD_1_002,2242,49.44
STORE_2,HOUSEHOLD_1_002,2243,49.44
STORE_2,HOUSEHOLD_1_002,2244,49.44
STORE_2,HOUSEHOLD_1_002,2245,49.44
STORE_2,HOUSEHOLD_1_002,2246,49.44
STORE_2,HOUSEHOLD_1_002,2247,49.44
STORE_2,HOUSEHOLD_1_002,2248,49.44
STORE_2,HOUSEHOLD_1_002,2249,49.44
STORE_2,HOUSEHOLD_1_002,2250,49.44
STORE_2,HOUSEHOLD_1_002,2251,49.44
STORE_2,HOUSEHOLD_1_002,2352,49.44
STORE_2,HOUSEHOLD_1_002,2301,49.44
STORE_2,HOUSEHOLD_1_002,2302,49.44
STORE_2,HOUSEHOLD_1_002,2303,49.44
STORE_2,HOUSEHOLD_1_002,2304,49.44
STORE_2,HOUSEHOLD_1_002,2305,49.44
STORE_2,HOUSEHOLD_1_002,2306,49.44
STORE_2,HOUSEHOLD_1_002,2307,49.44
STORE_2,HOUSEHOLD_1_002,2308,49.44
STORE_2,HOUSEHOLD_1_002,2309,49.44
STORE_2,HOUSEHOLD_1_002,2310,49.44
STORE_2,HOUSEHOLD_1_002,2311,49.44
STORE_2,HOUSEHOLD_1_002,2312,49.44
STORE_2,HOUSEHOLD_1_002,2313,49.44
STORE_2,HOUSEHOLD_1_002,2314,49.44
STORE_2,HOUSEHOLD_1_002,2315,49.44
STORE_2,HOUSEHOLD_1_002,2316,49.44
STORE_2,HOUSEHOLD_1_002,2317,49.44
STORE_2,HOUSEHOLD_1_002,2318,49.44
STORE_2,HOUSEHOLD_1_002,2319,49.44
STORE_2,HOUSEHOLD_1_002,2320,49.44
STORE_2,HOUSEHOLD_1_002,2321,49.44
STORE_2,HOUSEHOLD_1_002,2322,49.44
STORE_2,HOUSEHOLD_1_002,2323,49.44
STORE_2,HOUSEHOLD_1_002,2324,49.44
STORE_2,HOUSEHOLD_1_002,2325,49.44
STORE_2,HOUSEHOLD_1_002,2326,49.44
STORE_2,HOUSEHOLD_1_002,2327,56.25
STORE_2,HOUSEHOLD_1_002,2328,56.25
STORE_2,HOUSEHOLD_1_002,2329,56.25
STORE_2,HOUSEHOLD_1_002,2330,52.89
STORE_2,HOUSEHOLD_1_002,2331,52.89
STORE_2,HOUSEHOLD_1_002,2332,52.89
STORE_2,HOUSEHOLD_1_002,2333,52.89
STORE_2,HOUSEHOLD_1_002,2334,59.12
STORE_2,HOUSEHOLD_1_002,2335,59.12
STORE_2,HOUSEHOLD_1_002,2336,59.12
STORE_2,HOUSEHOLD_1_002,2337,59.12
STORE_2,HOUSEHOLD_1_002,2338,59.12
STORE_2,HOUSEHOLD_1_002,2339,59.12
STORE_2,HOUSEHOLD_1_002,2340,59.12
STORE_2,HOUSEHOLD_1_002,2341,59.12
STORE_2,HOUSEHOLD_1_002,2342,59.12
STORE_2,HOUSEHOLD_1_002,2343,59.12
STORE_2,HOUSEHOLD_1_002,2344,59.12
STORE_2,HOUSEHOLD_1_002,2345,59.12
STORE_2,HOUSEHOLD_1_002,2346,59.12
STORE_2,HOUSEHOLD_1_002,2347,59.12
STORE_2,HOUSEHOLD_1_002,2348,59.12
STORE_2,HOUSEHOLD_1_002,2349,59.12
STORE_2,HOUSEHOLD_1_002,2350,59.12
STORE_2,HOUSEHOLD_1_002,2351,59.12
STORE_2,HOUSEHOLD_1_002,2401,59.12
STORE_2,HOUSEHOLD_1_002,2402,59.12
STORE_2,HOUSEHOLD_1_002,2403,59.12
STORE_2,HOUSEHOLD_1_002,2404,59.12
STORE_2,HOUSEHOLD_1_002,2405,59.12
STORE_2,HOUSEHOLD_1_002,2406,59.12
STORE_2,HOUSEHOLD_1_002,2407,59.12
STORE_2,HOUSEHOLD_1_002,2408,59.12
STORE_2,HOUSEHOLD_1_002,2409,59.12
STORE_2,HOUSEHOLD_1_002,2410,59.12
STORE_2,HOUSEHOLD_1_002,2411,59.12
STORE_2,HOUSEHOLD_1_002,2412,59.12
STORE_2,HOUSEHOLD_1_002,2413,59.12
STORE_2,HOUSEHOLD_1_002,2414,59.12
STORE_2,HOUSEHOLD_1_002,2415,59.12
STORE_2,HOUSEHOLD_1_002,2416,59.12
STORE_2,HOUSEHOLD_1_002,2417,59.12
STORE_2,HOUSEHOLD_1_002,2418,59.12
STORE_2,HOUSEHOLD_1_002,2419,59.12
STORE_2,HOUSEHOLD_1_002,2420,59.12
STORE_2,HOUSEHOLD_1_002,2421,59.12
STORE_2,HOUSEHOLD_1_002,2422,59.12
STORE_2,HOUSEHOLD_1_002,2423,59.12
STORE_2,HOUSEHOLD_1_002,2424,59.12
STORE_2,HOUSEHOLD_1_002,2425,59.12
STORE_2,HOUSEHOLD_1_002,2426,59.12
STORE_2,HOUSEHOLD_1_002,2427,59.12
STORE_2,HOUSEHOLD_1_002,2428,59.12
STORE_2,HOUSEHOLD_1_002,2429,59.12
STORE_2,HOUSEHOLD_1_002,2430,59.12
STORE_2,HOUSEHOLD_1_002,2431,59.12
STORE_2,HOUSEHOLD_1_002,2432,59.12
STORE_2,HOUSEHOLD_1_002,2433,59.12
STORE_2,HOUSEHOLD_1_002,2434,59.12
STORE_2,HOUSEHOLD_1_002,2435,59.12
STORE_2,HOUSEHOLD_1_002,2436,59.12
STORE_2,HOUSEHOLD_1_002,2437,59.12
STORE_2,HOUSEHOLD_1_002,2438,59.12
STORE_2,HOUSEHOLD_1_002,2439,59.12
STORE_2,HOUSEHOLD_1_002,2440,59.12
STORE_2,HOUSEHOLD_1_002,2441,59.12
STORE_2,HOUSEHOLD_1_002,2442,59.12
STORE_2,HOUSEHOLD_1_002,2443,59.12
STORE_2,HOUSEHOLD_1_002,2444,59.12
STORE_2,HOUSEHOLD_1_002,2445,59.12
STORE_2,HOUSEHOLD_1_002,2446,59.12
STORE_2,HOUSEHOLD_1_002,2447,59.12
STORE_2,HOUSEHOLD_1_002,2448,59.12
STORE_2,HOUSEHOLD_1_002,2449,59.12
STORE_2,HOUSEHOLD_1_002,2450,59.12
STORE_2,HOUSEHOLD_1_002,2451,59.12
STORE_2,HOUSEHOLD_1_002,2452,59.12
STORE_2,HOUSEHOLD_1_002,2501,59.12
STORE_2,HOUSEHOLD_1_002,2502,59.12
STORE_2,HOUSEHOLD_1_002,2503,59.12
STORE_2,HOUSEHOLD_1_002,2504,59.12
STORE_2,HOUSEHOLD_1_002,2505,59.12
STORE_2,HOUSEHOLD_1_003,2252,11.81
STORE_2,HOUSEHOLD_1_003,2201,11.81
STORE_2,HOUSEHOLD_1_003,2202,11.81
STORE_2,HOUSEHOLD_1_003,2203,11.81
STORE_2,HOUSEHOLD_1_003,2204,11.81
STORE_2,HOUSEHOLD_1_003,2205,11.81
STORE_2,HOUSEHOLD_1_003,2206,11.81
STORE_2,HOUSEHOLD_1_003,2207,11.81
STORE_2,HOUSEHOLD_1_003,2208,11.81
STORE_2,HOUSEHOLD_1_003,2209,11.81
STORE_2,HOUSEHOLD_1_003,2210,11.81
STORE_2,HOUSEHOLD_1_003,2211,11.81
STORE_2,HOUSEHOLD_1_003,2212,11.81
STORE_2,HOUSEHOLD_1_003,2213,11.81
STORE_2,HOUSEHOLD_1_003,2214,11.81
STORE_2,HOUSEHOLD_1_003,2215,11.81
STORE_2,HOUSEHOLD_1_003,2216,11.81
STORE_2,HOUSEHOLD_1_003,2217,11.81
STORE_2,HOUSEHOLD_1_003,2218,11.81
STORE_2,HOUSEHOLD_1_003,2219,11.81
STORE_2,HOUSEHOLD_1_003,2220,11.81
STORE_2,HOUSEHOLD_1_003,2221,11.81
STORE_2,HOUSEHOLD_1_003,2222,11.81
STORE_2,HOUSEHOLD_1_003,2223,11.81
STORE_2,HOUSEHOLD_1_003,2224,11.81
STORE_2,HOUSEHOLD_1_003,2225,11.81
STORE_2,HOUSEHOLD_1_003,2226,11.81
STORE_2,HOUSEHOLD_1_003,2227,11.81
STORE_2,HOUSEHOLD_1_003,2228,11.81
STORE_2,HOUSEHOLD_1_003,2229,11.81
STORE_2,HOUSEHOLD_1_003,2230,11.81
STORE_2,HOUSEHOLD_1_003,2231,11.81
STORE_2,HOUSEHOLD_1_003,2232,11.81
STORE_2,HOUSEHOLD_1_003,2233,11.64
STORE_2,HOUSEHOLD_1_003,2234,11.64
STORE_2,HOUSEHOLD_1_003,2235,11.64
STORE_2,HOUSEHOLD_1_003,2236,11.64
STORE_2,HOUSEHOLD_1_003,2237,11.64
STORE_2,HOUSEHOLD_1_003,2238,11.64
STORE_2,HOUSEHOLD_1_003,2239,11.64
STORE_2,HOUSEHOLD_1_003,2240,11.64
STORE_2,HOUSEHOLD_1_003,2241,11.64
STORE_2,HOUSEHOLD_1_003,2242,11.64
STORE_2,HOUSEHOLD_1_003,2243,11.64
STORE_2,HOUSEHOLD_1_003,2244,11.64
STORE_2,HOUSEHOLD_1_003,2245,11.64
STORE_2,HOUSEHOLD_1_003,2246,11.64
STORE_2,HOUSEHOLD_1_003,2247,11.64
STORE_2,HOUSEHOLD_1_003,2248,11.64
STORE_2,HOUSEHOLD_1_003,2249,11.64
STORE_2,HOUSEHOLD_1_003,2250,11.64
STORE_2,HOUSEHOLD_1_003,2251,11.64
STORE_2,HOUSEHOLD_1_003,2352,11.64
STORE_2,HOUSEHOLD_1_003,2301,11.64
STORE_2,HOUSEHOLD_1_003,2302,11.64
STORE_2,HOUSEHOLD_1_003,2303,11.64
STORE_2,HOUSEHOLD_1_003,2304,11.64
STORE_2,HOUSEHOLD_1_003,2305,11.64
STORE_2,HOUSEHOLD_1_003,2306,11.64
STORE_2,HOUSEHOLD_1_003,2307,11.64
STORE_2,HOUSEHOLD_1_003,2308,11.64
STORE_2,HOUSEHOLD_1_003,2309,11.64
STORE_2,HOUSEHOLD_1_003,2310,11.64
STORE_2,HOUSEHOLD_1_003,2311,11.64
STORE_2,HOUSEHOLD_1_003,2312,10.04
STORE_2,HOUSEHOLD_1_003,2313,10.04
STORE_2,HOUSEHOLD_1_003,2314,10.04
STORE_2,HOUSEHOLD_1_003,2315,10.04
STORE_2,HOUSEHOLD_1_003,2316,10.04
STORE_2,HOUSEHOLD_1_003,2317,10.04
STORE_2,HOUSEHOLD_1_003,2318,10.04
STORE_2,HOUSEHOLD_1_003,2319,10.04
STORE_2,HOUSEHOLD_1_003,2320,10.04
STORE_2,HOUSEHOLD_1_003,2321,10.04
STORE_2,HOUSEHOLD_1_003,2322,10.04
STORE_2,HOUSEHOLD_1_003,2323,10.04
STORE_2,HOUSEHOLD_1_003,2324,10.04
STORE_2,HOUSEHOLD_1_003,2325,10.04
STORE_2,HOUSEHOLD_1_003,2326,10.04
STORE_2,HOUSEHOLD_1_003,2327,10.04
STORE_2,HOUSEHOLD_1_003,2328,10.04
STORE_2,HOUSEHOLD_1_003,2329,10.04
STORE_2,HOUSEHOLD_1_003,2330,10.04
STORE_2,HOUSEHOLD_1_003,2331,10.04
STORE_2,HOUSEHOLD_1_003,2332,10.04
STORE_2,HOUSEHOLD_1_003,2333,11.42
STORE_2,HOUSEHOLD_1_003,2334,11.42
STORE_2,HOUSEHOLD_1_003,2335,11.42
STORE_2,HOUSEHOLD_1_003,2336,9.02
STORE_2,HOUSEHOLD_1_003,2337,9.02
STORE_2,HOUSEHOLD_1_003,2338,9.02
STORE_2,HOUSEHOLD_1_003,2339,9.02
STORE_2,HOUSEHOLD_1_003,2340,9.02
STORE_2,HOUSEHOLD_1_003,2341,9.02
STORE_2,HOUSEHOLD_1_003,2342,9.02
STORE_2,HOUSEHOLD_1_003,2343,11.49
STORE_2,HOUSEHOLD_1_003,2344,11.49
STORE_2,HOUSEHOLD_1_003,2345,11.49
STORE_2,HOUSEHOLD_1_003,2346,11.49
STORE_2,HOUSEHOLD_1_003,2347,11.49
STORE_2,HOUSEHOLD_1_003,2348,11.49
STORE_2,HOUSEHOLD_1_003,2349,11.49
STORE_2,HOUSEHOLD_1_003,2350,11.49
STORE_2,HOUSEHOLD_1_003,2351,11.49
STORE_2,HOUSEHOLD_1_003,2401,11.74
STORE_2,HOUSEHOLD_1_003,2402,11.74
STORE_2,HOUSEHOLD_1_003,2403,11.74
STORE_2,HOUSEHOLD_1_003,2404,11.74
STORE_2,HOUSEHOLD_1_003,2405,11.74
STORE_2,HOUSEHOLD_1_003,2406,11.74
STORE_2,HOUSEHOLD_1_003,2407,11.74
STORE_2,HOUSEHOLD_1_003,2408,11.74
STORE_2,HOUSEHOLD_1_003,2409,11.74
STORE_2,HOUSEHOLD_1_003,2410,11.74
STORE_2,HOUSEHOLD_1_003,2411,11.45
STORE_2,HOUSEHOLD_1_003,2412,11.45
STORE_2,HOUSEHOLD_1_003,2413,11.45
STORE_2,HOUSEHOLD_1_003,2414,11.45
STORE_2,HOUSEHOLD_1_003,2415,11.45
STORE_2,HOUSEHOLD_1_003,2416,11.45
STORE_2,HOUSEHOLD_1_003,2417,11.45
STORE_2,HOUSEHOLD_1_003,2418,11.45
STORE_2,HOUSEHOLD_1_003,2419,11.45
STORE_2,HOUSEHOLD_1_003,2420,11.45
STORE_2,HOUSEHOLD_1_003,2421,11.45
STORE_2,HOUSEHOLD_1_003,2422,11.45
STORE_2,HOUSEHOLD_1_003,2423,11.45
STORE_2,HOUSEHOLD_1_003,2424,11.45
STORE_2,HOUSEHOLD_1_003,2425,11.45
STORE_2,HOUSEHOLD_1_003,2426,10.8
STORE_2,HOUSEHOLD_1_003,2427,10.8
STORE_2,HOUSEHOLD_1_003,2428,12.86
STORE_2,HOUSEHOLD_1_003,2429,12.86
STORE_2,HOUSEHOLD_1_003,2430,12.86
STORE_2,HOUSEHOLD_1_003,2431,12.86
STORE_2,HOUSEHOLD_1_003,2432,12.86
STORE_2,HOUSEHOLD_1_003,2433,12.86
STORE_2,HOUSEHOLD_1_003,2434,12.86
STORE_2,HOUSEHOLD_1_003,2435,12.86
STORE_2,HOUSEHOLD_1_003,2436,12.86
STORE_2,HOUSEHOLD_1_003,2437,12.86
STORE_2,HOUSEHOLD_1_003,2438,11.73
STORE_2,HOUSEHOLD_1_003,2439,11.73
STORE_2,HOUSEHOLD_1_003,2440,11.73
STORE_2,HOUSEHOLD_1_003,2441,11.73
STORE_2,HOUSEHOLD_1_003,2442,11.73
STORE_2,HOUSEHOLD_1_003,2443,11.73
STORE_2,HOUSEHOLD_1_003,2444,11.73
STORE_2,HOUSEHOLD_1_003,2445,11.73
STORE_2,HOUSEHOLD_1_003,2446,11.73
STORE_2,HOUSEHOLD_1_003,2447,11.73
STORE_2,HOUSEHOLD_1_003,2448,11.73
STORE_2,HOUSEHOLD_1_003,2449,11.73
STORE_2,HOUSEHOLD_1_003,2450,11.73
STORE_2,HOUSEHOLD_1_003,2451,11.73
STORE_2,HOUSEHOLD_1_003,2452,11.73
STORE_2,HOUSEHOLD_1_003,2501,11.73
STORE_2,HOUSEHOLD_1_003,2502,11.73
STORE_2,HOUSEHOLD_1_003,2503,11.73
STORE_2,HOUSEHOLD_1_003,2504,11.73
STORE_2,HOUSEHOLD_1_003,2505,11.73
STORE_2,HOUSEHOLD_1_004,2252,7.22
STORE_2,HOUSEHOLD_1_004,2201,7.22
STORE_2,HOUSEHOLD_1_004,2202,7.57
STORE_2,HOUSEHOLD_1_004,2203,7.57
STORE_2,HOUSEHOLD_1_004,2204,7.57
STORE_2,HOUSEHOLD_1_004,2205,7.57
STORE_2,HOUSEHOLD_1_004,2206,7.73
STORE_2,HOUSEHOLD_1_004,2207,7.73
STORE_2,HOUSEHOLD_1_004,2208,7.73
STORE_2,HOUSEHOLD_1_004,2209,7.73
STORE_2,HOUSEHOLD_1_004,2210,7.73
STORE_2,HOUSEHOLD_1_004,2211,7.73
STORE_2,HOUSEHOLD_1_004,2212,7.73
STORE_2,HOUSEHOLD_1_004,2213,7.73
STORE_2,HOUSEHOLD_1_004,2214,7.73
STORE_2,HOUSEHOLD_1_004,2215,7.73
STORE_2,HOUSEHOLD_1_004,2216,7.73
STORE_2,HOUSEHOLD_1_004,2217,7.73
STORE_2,HOUSEHOLD_1_004,2218,7.73
STORE_2,HOUSEHOLD_1_004,2219,7.73
STORE_2,HOUSEHOLD_1_004,2220,7.2
STORE_2,HOUSEHOLD_1_004,2221,7.2
STORE_2,HOUSEHOLD_1_004,2222,7.2
STORE_2,HOUSEHOLD_1_004,2223,7.2
STORE_2,HOUSEHOLD_1_004,2224,7.2
STORE_2,HOUSEHOLD_1_004,2225,7.2
STORE_2,HOUSEHOLD_1_004,2226,7.2
STORE_2,HOUSEHOLD_1_004,2227,7.2
STORE_2,HOUSEHOLD_1_004,2228,7.2
STORE_2,HOUSEHOLD_1_004,2229,7.2
STORE_2,HOUSEHOLD_1_004,2230,7.2
STORE_2,HOUSEHOLD_1_004,2231,8.24
STORE_2,HOUSEHOLD_1_004,2232,8.24
STORE_2,HOUSEHOLD_1_004,2233,8.24
STORE_2,HOUSEHOLD_1_004,2234,8.24
STORE_2,HOUSEHOLD_1_004,2235,8.24
STORE_2,HOUSEHOLD_1_004,2236,8.24
STORE_2,HOUSEHOLD_1_004,2237,8.24
STORE_2,HOUSEHOLD_1_004,2238,8.24
STORE_2,HOUSEHOLD_1_004,2239,8.24
STORE_2,HOUSEHOLD_1_004,2240,8.24
STORE_2,HOUSEHOLD_1_004,2241,8.24
STORE_2,HOUSEHOLD_1_004,2242,7.9
STORE_2,HOUSEHOLD_1_004,2243,7.9
STORE_2,HOUSEHOLD_1_004,2244,7.9
STORE_2,HOUSEHOLD_1_004,2245,7.9
STORE_2,HOUSEHOLD_1_004,2246,7.9
STORE_2,HOUSEHOLD_1_004,2247,7.9
STORE_2,HOUSEHOLD_1_004,2248,7.9
STORE_2,HOUSEHOLD_1_004,2249,7.9
STORE_2,HOUSEHOLD_1_004,2250,7.9
STORE_2,HOUSEHOLD_1_004,2251,7.9
STORE_2,HOUSEHOLD_1_004,2352,7.9
STORE_2,HOUSEHOLD_1_004,2301,7.9
STORE_2,HOUSEHOLD_1_004,2302,7.9
STORE_2,HOUSEHOLD_1_004,2303,7.9
STORE_2,HOUSEHOLD_1_004,2304,7.9
STORE_2,HOUSEHOLD_1_004,2305,7.9
STORE_2,HOUSEHOLD_1_004,2306,7.9
STORE_2,HOUSEHOLD_1_004,2307,7.9
STORE_2,HOUSEHOLD_1_004,2308,7.9
STORE_2,HOUSEHOLD_1_004,2309,7.9
STORE_2,HOUSEHOLD_1_004,2310,7.9
STORE_2,HOUSEHOLD_1_004,2311,7.9
STORE_2,HOUSEHOLD_1_004,2312,7.9
STORE_2,HOUSEHOLD_1_004,2313,7.9
STORE_2,HOUSEHOLD_1_004,2314,7.9
STORE_2,HOUSEHOLD_1_004,2315,7.9
STORE_2,HOUSEHOLD_1_004,2316,7.9
STORE_2,HOUSEHOLD_1_004,2317,7.9
STORE_2,HOUSEHOLD_1_004,2318,7.9
STORE_2,HOUSEHOLD_1_004,2319,7.9
STORE_2,HOUSEHOLD_1_004,2320,7.9
STORE_2,HOUSEHOLD_1_004,2321,7.9
STORE_2,HOUSEHOLD_1_004,2322,7.9
STORE_2,HOUSEHOLD_1_004,2323,7.9
STORE_2,HOUSEHOLD_1_004,2324,7.9
STORE_2,HOUSEHOLD_1_004,2325,7.9
STORE_2,HOUSEHOLD_1_004,2326,7.9
STORE_2,HOUSEHOLD_1_004,2327,7.9
STORE_2,HOUSEHOLD_1_004,2328,7.9
STORE_2,HOUSEHOLD_1_004,2329,7.9
STORE_2,HOUSEHOLD_1_004,2330,7.9
STORE_2,HOUSEHOLD_1_004,2331,7.9
STORE_2,HOUSEHOLD_1_004,2332,7.9
STORE_2,HOUSEHOLD_1_004,2333,7.9
STORE_2,HOUSEHOLD_1_004,2334,7.88
STORE_2,HOUSEHOLD_1_004,2335,7.88
STORE_2,HOUSEHOLD_1_004,2336,7.88
STORE_2,HOUSEHOLD_1_004,2337,7.88
STORE_2,HOUSEHOLD_1_004,2338,7.36
STORE_2,HOUSEHOLD_1_004,2339,7.36
STORE_2,HOUSEHOLD_1_004,2340,7.36
STORE_2,HOUSEHOLD_1_004,2341,7.36
STORE_2,HOUSEHOLD_1_004,2342,7.36
STORE_2,HOUSEHOLD_1_004,2343,7.36
STORE_2,HOUSEHOLD_1_004,2344,7.36
STORE_2,HOUSEHOLD_1_004,2345,7.36
STORE_2,HOUSEHOLD_1_004,2346,7.11
STORE_2,HOUSEHOLD_1_004,2347,7.11
STORE_2,HOUSEHOLD_1_004,2348,7.11
STORE_2,HOUSEHOLD_1_004,2349,7.11
STORE_2,HOUSEHOLD_1_004,2350,8.3
STORE_2,HOUSEHOLD_1_004,2351,8.3
STORE_2,HOUSEHOLD_1_004,2401,8.3
STORE_2,HOUSEHOLD_1_004,2402,8.3
STORE_2,HOUSEHOLD_1_004,2403,8.3
STORE_2,HOUSEHOLD_1_004,2404,8.3
STORE_2,HOUSEHOLD_1_004,2405,8.3
STORE_2,HOUSEHOLD_1_004,2406,8.3
STORE_2,HOUSEHOLD_1_004,2407,8.3
STORE_2,HOUSEHOLD_1_004,2408,8.3
STORE_2,HOUSEHOLD_1_004,2409,8.3
STORE_2,HOUSEHOLD_1_004,2410,8.3
STORE_2,HOUSEHOLD_1_004,2411,8.05
STORE_2,HOUSEHOLD_1_004,2412,8.05
STORE_2,HOUSEHOLD_1_004,2413,8.05
STORE_2,HOUSEHOLD_1_004,2414,8.05
STORE_2,HOUSEHOLD_1_004,2415,8.05
STORE_2,HOUSEHOLD_1_004,2416,8.05
STORE_2,HOUSEHOLD_1_004,2417,8.05
STORE_2,HOUSEHOLD_1_004,2418,8.05
STORE_2,HOUSEHOLD_1_004,2419,5.57
STORE_2,HOUSEHOLD_1_004,2420,5.57
STORE_2,HOUSEHOLD_1_004,2421,5.57
STORE_2,HOUSEHOLD_1_004,2422,5.57
STORE_2,HOUSEHOLD_1_004,2423,5.57
STORE_2,HOUSEHOLD_1_004,2424,5.57
STORE_2,HOUSEHOLD_1_004,2425,5.57
STORE_2,HOUSEHOLD_1_004,2426,5.57
STORE_2,HOUSEHOLD_1_004,2427,5.57
STORE_2,HOUSEHOLD_1_004,2428,5.57
STORE_2,HOUSEHOLD_1_004,2429,7.52
STORE_2,HOUSEHOLD_1_004,2430,7.52
STORE_2,HOUSEHOLD_1_004,2431,7.52
STORE_2,HOUSEHOLD_1_004,2432,7.52
STORE_2,HOUSEHOLD_1_004,2433,7.52
STORE_2,HOUSEHOLD_1_004,2434,7.52
STORE_2,HOUSEHOLD_1_004,2435,7.52
STORE_2,HOUSEHOLD_1_004,2436,7.52
STORE_2,HOUSEHOLD_1_004,2437,7.52
STORE_2,HOUSEHOLD_1_004,2438,7.52
STORE_2,HOUSEHOLD_1_004,2439,7.52
STORE_2,HOUSEHOLD_1_004,2440,7.52
STORE_2,HOUSEHOLD_1_004,2441,7.52
STORE_2,HOUSEHOLD_1_004,2442,7.52
STORE_2,HOUSEHOLD_1_004,2443,7.52
STORE_2,HOUSEHOLD_1_004,2444,7.54
STORE_2,HOUSEHOLD_1_004,2445,7.54
STORE_2,HOUSEHOLD_1_004,2446,7.54
STORE_2,HOUSEHOLD_1_004,2447,7.54
STORE_2,HOUSEHOLD_1_004,2448,7.54
STORE_2,HOUSEHOLD_1_004,2449,7.54
STORE_2,HOUSEHOLD_1_004,2450,7.54
STORE_2,HOUSEHOLD_1_004,2451,7.54
STORE_2,HOUSEHOLD_1_004,2452,7.54
STORE_2,HOUSEHOLD_1_004,2501,7.54
STORE_2,HOUSEHOLD_1_004,2502,7.54
STORE_2,HOUSEHOLD_1_004,2503,7.54
STORE_2,HOUSEHOLD_1_004,2504,7.54
STORE_2,HOUSEHOLD_1_004,2505,7.54
STORE_2,HOUSEHOLD_1_005,2252,6.14
STORE_2,HOUSEHOLD_1_005,2201,6.14
STORE_2,HOUSEHOLD_1_005,2202,6.14
STORE_2,HOUSEHOLD_1_005,2203,6.14
STORE_2,HOUSEHOLD_1_005,2204,6.14
STORE_2,HOUSEHOLD_1_005,2205,6.14
STORE_2,HOUSEHOLD_1_005,2206,6.14
STORE_2,HOUSEHOLD_1_005,2207,6.14
STORE_2,HOUSEHOLD_1_005,2208,6.14
STORE_2,HOUSEHOLD_1_005,2209,6.14
STORE_2,HOUSEHOLD_1_005,2210,6.14
STORE_2,HOUSEHOLD_1_005,2211,6.14
STORE_2,HOUSEHOLD_1_005,2212,6.14
STORE_2,HOUSEHOLD_1_005,2213,6.14
STORE_2,HOUSEHOLD_1_005,2214,6.14
STORE_2,HOUSEHOLD_1_005,2215,6.14
STORE_2,HOUSEHOLD_1_005,2216,6.14
STORE_2,HOUSEHOLD_1_005,2217,6.14
STORE_2,HOUSEHOLD_1_005,2218,6.14
STORE_2,HOUSEHOLD_1_005,2219,6.14
STORE_2,HOUSEHOLD_1_005,2220,6.14
STORE_2,HOUSEHOLD_1_005,2221,6.14
STORE_2,HOUSEHOLD_1_005,2222,6.14
STORE_2,HOUSEHOLD_1_005,2223,6.14
STORE_2,HOUSEHOLD_1_005,2224,6.14
STORE_2,HOUSEHOLD_1_005,2225,6.14
STORE_2,HOUSEHOLD_1_005,2226,6.14
STORE_2,HOUSEHOLD_1_005,2227,6.14
STORE_2,HOUSEHOLD_1_005,2228,6.14
STORE_2,HOUSEHOLD_1_005,2229,6.14
STORE_2,HOUSEHOLD_1_005,2230,6.14
STORE_2,HOUSEHOLD_1_005,2231,5.65
STORE_2,HOUSEHOLD_1_005,2232,5.65
STORE_2,HOUSEHOLD_1_005,2233,5.65
STORE_2,HOUSEHOLD_1_005,2234,5.65
STORE_2,HOUSEHOLD_1_005,2235,5.65
STORE_2,HOUSEHOLD_1_005,2236,5.65
STORE_2,HOUSEHOLD_1_005,2237,5.65
STORE_2,HOUSEHOLD_1_005,2238,5.65
STORE_2,HOUSEHOLD_1_005,2239,5.65
STORE_2,HOUSEHOLD_1_005,2240,5.65
STORE_2,HOUSEHOLD_1_005,2241,5.65
STORE_2,HOUSEHOLD_1_005,2242,5.65
STORE_2,HOUSEHOLD_1_005,2243,5.65
STORE_2,HOUSEHOLD_1_005,2244,5.65
STORE_2,HOUSEHOLD_1_005,2245,5.65
STORE_2,HOUSEHOLD_1_005,2246,5.65
STORE_2,HOUSEHOLD_1_005,2247,5.65
STORE_2,HOUSEHOLD_1_005,2248,5.65
STORE_2,HOUSEHOLD_1_005,2249,5.65
STORE_2,HOUSEHOLD_1_005,2250,5.65
STORE_2,HOUSEHOLD_1_005,2251,5.65
STORE_2,HOUSEHOLD_1_005,2352,5.65
STORE_2,HOUSEHOLD_1_005,2301,5.65
STORE_2,HOUSEHOLD_1_005,2302,5.65
STORE_2,HOUSEHOLD_1_005,2303,6.0
STORE_2,HOUSEHOLD_1_005,2304,6.0
STORE_2,HOUSEHOLD_1_005,2305,6.0
STORE_2,HOUSEHOLD_1_005,2306,6.0
STORE_2,HOUSEHOLD_1_005,2307,6.0
STORE_2,HOUSEHOLD_1_005,2308,6.0
STORE_2,HOUSEHOLD_1_005,2309,6.0
STORE_2,HOUSEHOLD_1_005,2310,6.0
STORE_2,HOUSEHOLD_1_005,2311,6.0
STORE_2,HOUSEHOLD_1_005,2312,6.0
STORE_2,HOUSEHOLD_1_005,2313,6.0
STORE_2,HOUSEHOLD_1_005,2314,6.0
STORE_2,HOUSEHOLD_1_005,2315,6.0
STORE_2,HOUSEHOLD_1_005,2316,6.0
STORE_2,HOUSEHOLD_1_005,2317,6.43
STORE_2,HOUSEHOLD_1_005,2318,6.43
STORE_2,HOUSEHOLD_1_005,2319,6.43
STORE_2,HOUSEHOLD_1_005,2320,6.43
STORE_2,HOUSEHOLD_1_005,2321,6.43
STORE_2,HOUSEHOLD_1_005,2322,6.43
STORE_2,HOUSEHOLD_1_005,2323,6.43
STORE_2,HOUSEHOLD_1_005,2324,6.43
STORE_2,HOUSEHOLD_1_005,2325,6.43
STORE_2,HOUSEHOLD_1_005,2326,6.43
STORE_2,HOUSEHOLD_1_005,2327,6.43
STORE_2,HOUSEHOLD_1_005,2328,6.43
STORE_2,HOUSEHOLD_1_005,2329,6.43
STORE_2,HOUSEHOLD_1_005,2330,6.43
STORE_2,HOUSEHOLD_1_005,2331,6.82
STORE_2,HOUSEHOLD_1_005,2332,6.82
STORE_2,HOUSEHOLD_1_005,2333,6.82
STORE_2,HOUSEHOLD_1_005,2334,6.82
STORE_2,HOUSEHOLD_1_005,2335,6.82
STORE_2,HOUSEHOLD_1_005,2336,6.82
STORE_2,HOUSEHOLD_1_005,2337,6.82
STORE_2,HOUSEHOLD_1_005,2338,6.82
STORE_2,HOUSEHOLD_1_005,2339,6.82
STORE_2,HOUSEHOLD_1_005,2340,6.82
STORE_2,HOUSEHOLD_1_005,2341,5.3
STORE_2,HOUSEHOLD_1_005,2342,5.3
STORE_2,HOUSEHOLD_1_005,2343,5.3
STORE_2,HOUSEHOLD_1_005,2344,5.3
STORE_2,HOUSEHOLD_1_005,2345,5.3
STORE_2,HOUSEHOLD_1_005,2346,5.3
STORE_2,HOUSEHOLD_1_005,2347,5.3
STORE_2,HOUSEHOLD_1_005,2348,5.3
STORE_2,HOUSEHOLD_1_005,2349,5.3
STORE_2,HOUSEHOLD_1_005,2350,5.3
STORE_2,HOUSEHOLD_1_005,2351,5.3
STORE_2,HOUSEHOLD_1_005,2401,5.3
STORE_2,HOUSEHOLD_1_005,2402,5.3
STORE_2,HOUSEHOLD_1_005,2403,5.3
STORE_2,HOUSEHOLD_1_005,2404,5.3
STORE_2,HOUSEHOLD_1_005,2405,5.3
STORE_2,HOUSEHOLD_1_005,2406,5.3
STORE_2,HOUSEHOLD_1_005,2407,5.3
STORE_2,HOUSEHOLD_1_005,2408,5.3
STORE_2,HOUSEHOLD_1_005,2409,5.3
STORE_2,HOUSEHOLD_1_005,2410,5.3
STORE_2,HOUSEHOLD_1_005,2411,5.3
STORE_2,HOUSEHOLD_1_005,2412,5.3
STORE_2,HOUSEHOLD_1_005,2413,5.3
STORE_2,HOUSEHOLD_1_005,2414,5.3
STORE_2,HOUSEHOLD_1_005,2415,5.3
STORE_2,HOUSEHOLD_1_005,2416,5.3
STORE_2,HOUSEHOLD_1_005,2417,5.3
STORE_2,HOUSEHOLD_1_005,2418,5.3
STORE_2,HOUSEHOLD_1_005,2419,5.3
STORE_2,HOUSEHOLD_1_005,2420,5.3
STORE_2,HOUSEHOLD_1_005,2421,5.3
STORE_2,HOUSEHOLD_1_005,2422,5.3
STORE_2,HOUSEHOLD_1_005,2423,5.12
STORE_2,HOUSEHOLD_1_005,2424,5.12
STORE_2,HOUSEHOLD_1_005,2425,5.12
STORE_2,HOUSEHOLD_1_005,2426,5.12
STORE_2,HOUSEHOLD_1_005,2427,5.12
STORE_2,HOUSEHOLD_1_005,2428,5.12
STORE_2,HOUSEHOLD_1_005,2429,5.12
STORE_2,HOUSEHOLD_1_005,2430,5.12
STORE_2,HOUSEHOLD_1_005,2431,5.12
STORE_2,HOUSEHOLD_1_005,2432,5.12
STORE_2,HOUSEHOLD_1_005,2433,5.12
STORE_2,HOUSEHOLD_1_005,2434,5.12
STORE_2,HOUSEHOLD_1_005,2435,5.12
STORE_2,HOUSEHOLD_1_005,2436,5.12
STORE_2,HOUSEHOLD_1_005,2437,5.12
STORE_2,HOUSEHOLD_1_005,2438,5.12
STORE_2,HOUSEHOLD_1_005,2439,5.12
STORE_2,HOUSEHOLD_1_005,2440,5.12
STORE_2,HOUSEHOLD_1_005,2441,5.12
STORE_2,HOUSEHOLD_1_005,2442,5.12
STORE_2,HOUSEHOLD_1_005,2443,5.12
STORE_2,HOUSEHOLD_1_005,2444,5.12
STORE_2,HOUSEHOLD_1_005,2445,5.12
STORE_2,HOUSEHOLD_1_005,2446,5.12
STORE_2,HOUSEHOLD_1_005,2447,5.12
STORE_2,HOUSEHOLD_1_005,2448,5.12
STORE_2,HOUSEHOLD_1_005,2449,5.12
STORE_2,HOUSEHOLD_1_005,2450,5.12
STORE_2,HOUSEHOLD_1_005,2451,5.12
STORE_2,HOUSEHOLD_1_005,2452,5.12
STORE_2,HOUSEHOLD_1_005,2501,5.12
STORE_2,HOUSEHOLD_1_005,2502,5.12
STORE_2,HOUSEHOLD_1_005,2503,5.12
STORE_2,HOUSEHOLD_1_005,2504,5.12
STORE_2,HOUSEHOLD_1_005,2505,5.12
STORE_2,HOUSEHOLD_1_006,2252,6.46
STORE_2,HOUSEHOLD_1_006,2201,6.46
STORE_2,HOUSEHOLD_1_006,2202,6.46
STORE_2,HOUSEHOLD_1_006,2203,6.46
STORE_2,HOUSEHOLD_1_006,2204,6.46
STORE_2,HOUSEHOLD_1_006,2205,6.46
STORE_2,HOUSEHOLD_1_006,2206,6.46
STORE_2,HOUSEHOLD_1_006,2207,6.46
STORE_2,HOUSEHOLD_1_006,2208,6.46
STORE_2,HOUSEHOLD_1_006,2209,6.46
STORE_2,HOUSEHOLD_1_006,2210,6.46
STORE_2,HOUSEHOLD_1_006,2211,6.46
STORE_2,HOUSEHOLD_1_006,2212,6.46
STORE_2,HOUSEHOLD_1_006,2213,6.46
STORE_2,HOUSEHOLD_1_006,2214,6.46
STORE_2,HOUSEHOLD_1_006,2215,6.46
STORE_2,HOUSEHOLD_1_006,2216,6.46
STORE_2,HOUSEHOLD_1_006,2217,6.46
STORE_2,HOUSEHOLD_1_006,2218,6.46
STORE_2,HOUSEHOLD_1_006,2219,6.46
STORE_2,HOUSEHOLD_1_006,2220,6.46
STORE_2,HOUSEHOLD_1_006,2221,6.46
STORE_2,HOUSEHOLD_1_006,2222,6.46
STORE_2,HOUSEHOLD_1_006,2223,6.46
STORE_2,HOUSEHOLD_1_006,2224,6.46
STORE_2,HOUSEHOLD_1_006,2225,6.46
STORE_2,HOUSEHOLD_1_006,2226,6.46
STORE_2,HOUSEHOLD_1_006,2227,6.46
STORE_2,HOUSEHOLD_1_006,2228,6.46
STORE_2,HOUSEHOLD_1_006,2229,6.46
STORE_2,HOUSEHOLD_1_006,2230,6.46
STORE_2,HOUSEHOLD_1_006,2231,6.46
STORE_2,HOUSEHOLD_1_006,2232,6.46
STORE_2,HOUSEHOLD_1_006,2233,6.46
STORE_2,HOUSEHOLD_1_006,2234,6.46
STORE_2,HOUSEHOLD_1_006,2235,6.46
STORE_2,HOUSEHOLD_1_006,2236,6.46
STORE_2,HOUSEHOLD_1_006,2237,6.46
STORE_2,HOUSEHOLD_1_006,2238,6.46
STORE_2,HOUSEHOLD_1_006,2239,6.46
STORE_2,HOUSEHOLD_1_006,2240,6.46
STORE_2,HOUSEHOLD_1_006,2241,6.46
STORE_2,HOUSEHOLD_1_006,2242,6.46
STORE_2,HOUSEHOLD_1_006,2243,6.46
STORE_2,HOUSEHOLD_1_006,2244,6.46
STORE_2,HOUSEHOLD_1_006,2245,6.46
STORE_2,HOUSEHOLD_1_006,2246,6.46
STORE_2,HOUSEHOLD_1_006,2247,6.46
STORE_2,HOUSEHOLD_1_006,2248,6.46
STORE_2,HOUSEHOLD_1_006,2249,6.46
STORE_2,HOUSEHOLD_1_006,2250,6.46
STORE_2,HOUSEHOLD_1_006,2251,6.46
STORE_2,HOUSEHOLD_1_006,2352,4.83
STORE_2,HOUSEHOLD_1_006,2301,4.83
STORE_2,HOUSEHOLD_1_006,2302,4.83
STORE_2,HOUSEHOLD_1_006,2303,4.83
STORE_2,HOUSEHOLD_1_006,2304,4.83
STORE_2,HOUSEHOLD_1_006,2305,4.83
STORE_2,HOUSEHOLD_1_006,2306,4.83
STORE_2,HOUSEHOLD_1_006,2307,4.83
STORE_2,HOUSEHOLD_1_006,2308,4.83
STORE_2,HOUSEHOLD_1_006,2309,4.83
STORE_2,HOUSEHOLD_1_006,2310,4.83
STORE_2,HOUSEHOLD_1_006,2311,4.83
STORE_2,HOUSEHOLD_1_006,2312,4.83
STORE_2,HOUSEHOLD_1_006,2313,4.83
STORE_2,HOUSEHOLD_1_006,2314,4.83
STORE_2,HOUSEHOLD_1_006,2315,4.83
STORE_2,HOUSEHOLD_1_006,2316,4.83
STORE_2,HOUSEHOLD_1_006,2317,6.36
STORE_2,HOUSEHOLD_1_006,2318,6.36
STORE_2,HOUSEHOLD_1_006,2319,6.36
STORE_2,HOUSEHOLD_1_006,2320,6.36
STORE_2,HOUSEHOLD_1_006,2321,6.36
STORE_2,HOUSEHOLD_1_006,2322,7.12
STORE_2,HOUSEHOLD_1_006,2323,7.12
STORE_2,HOUSEHOLD_1_006,2324,7.12
STORE_2,HOUSEHOLD_1_006,2325,7.12
STORE_2,HOUSEHOLD_1_006,2326,7.12
STORE_2,HOUSEHOLD_1_006,2327,7.12
STORE_2,HOUSEHOLD_1_006,2328,7.12
STORE_2,HOUSEHOLD_1_006,2329,7.12
STORE_2,HOUSEHOLD_1_006,2330,7.12
STORE_2,HOUSEHOLD_1_006,2331,7.12
STORE_2,HOUSEHOLD_1_006,2332,7.12
STORE_2,HOUSEHOLD_1_006,2333,7.12
STORE_2,HOUSEHOLD_1_006,2334,7.12
STORE_2,HOUSEHOLD_1_006,2335,7.12
STORE_2,HOUSEHOLD_1_006,2336,7.12
STORE_2,HOUSEHOLD_1_006,2337,7.12
STORE_2,HOUSEHOLD_1_006,2338,7.12
STORE_2,HOUSEHOLD_1_006,2339,7.12
STORE_2,HOUSEHOLD_1_006,2340,7.12
STORE_2,HOUSEHOLD_1_006,2341,7.12
STORE_2,HOUSEHOLD_1_006,2342,5.76
STORE_2,HOUSEHOLD_1_006,2343,5.76
STORE_2,HOUSEHOLD_1_006,2344,5.76
STORE_2,HOUSEHOLD_1_006,2345,5.76
STORE_2,HOUSEHOLD_1_006,2346,5.76
STORE_2,HOUSEHOLD_1_006,2347,5.76
STORE_2,HOUSEHOLD_1_006,2348,5.76
STORE_2,HOUSEHOLD_1_006,2349,5.2
STORE_2,HOUSEHOLD_1_006,2350,5.2
STORE_2,HOUSEHOLD_1_006,2351,5.2
STORE_2,HOUSEHOLD_1_006,2401,5.2
STORE_2,HOUSEHOLD_1_006,2402,5.2
STORE_2,HOUSEHOLD_1_006,2403,5.2
STORE_2,HOUSEHOLD_1_006,2404,5.2
STORE_2,HOUSEHOLD_1_006,2405,6.9
STORE_2,HOUSEHOLD_1_006,2406,6.9
STORE_2,HOUSEHOLD_1_006,2407,6.9
STORE_2,HOUSEHOLD_1_006,2408,6.9
STORE_2,HOUSEHOLD_1_006,2409,6.9
STORE_2,HOUSEHOLD_1_006,2410,6.9
STORE_2,HOUSEHOLD_1_006,2411,6.9
STORE_2,HOUSEHOLD_1_006,2412,6.9
STORE_2,HOUSEHOLD_1_006,2413,6.9
STORE_2,HOUSEHOLD_1_006,2414,6.9
STORE_2,HOUSEHOLD_1_006,2415,6.9
STORE_2,HOUSEHOLD_1_006,2416,6.9
STORE_2,HOUSEHOLD_1_006,2417,6.9
STORE_2,HOUSEHOLD_1_006,2418,6.9
STORE_2,HOUSEHOLD_1_006,2419,6.9
STORE_2,HOUSEHOLD_1_006,2420,6.9
STORE_2,HOUSEHOLD_1_006,2421,6.9
STORE_2,HOUSEHOLD_1_006,2422,6.9
STORE_2,HOUSEHOLD_1_006,2423,6.9
STORE_2,HOUSEHOLD_1_006,2424,6.9
STORE_2,HOUSEHOLD_1_006,2425,6.9
STORE_2,HOUSEHOLD_1_006,2426,6.9
STORE_2,HOUSEHOLD_1_006,2427,6.9
STORE_2,HOUSEHOLD_1_006,2428,6.9
STORE_2,HOUSEHOLD_1_006,2429,6.9
STORE_2,HOUSEHOLD_1_006,2430,6.9
STORE_2,HOUSEHOLD_1_006,2431,6.9
STORE_2,HOUSEHOLD_1_006,2432,6.9
STORE_2,HOUSEHOLD_1_006,2433,6.9
STORE_2,HOUSEHOLD_1_006,2434,6.9
STORE_2,HOUSEHOLD_1_006,2435,6.9
STORE_2,HOUSEHOLD_1_006,2436,6.9
STORE_2,HOUSEHOLD_1_006,2437,6.9
STORE_2,HOUSEHOLD_1_006,2438,6.9
STORE_2,HOUSEHOLD_1_006,2439,6.9
STORE_2,HOUSEHOLD_1_006,2440,6.9
STORE_2,HOUSEHOLD_1_006,2441,6.9
STORE_2,HOUSEHOLD_1_006,2442,6.9
STORE_2,HOUSEHOLD_1_006,2443,6.9
STORE_2,HOUSEHOLD_1_006,2444,6.9
STORE_2,HOUSEHOLD_1_006,2445,6.9
STORE_2,HOUSEHOLD_1_006,2446,6.9
STORE_2,HOUSEHOLD_1_006,2447,6.9
STORE_2,HOUSEHOLD_1_006,2448,6.9
STORE_2,HOUSEHOLD_1_006,2449,6.9
STORE_2,HOUSEHOLD_1_006,2450,6.9
STORE_2,HOUSEHOLD_1_006,2451,6.9
STORE_2,HOUSEHOLD_1_006,2452,6.9
STORE_2,HOUSEHOLD_1_006,2501,6.9
STORE_2,HOUSEHOLD_1_006,2502,6.9
STORE_2,HOUSEHOLD_1_006,2503,6.9
STORE_2,HOUSEHOLD_1_006,2504,6.9
STORE_2,HOUSEHOLD_1_006,2505,6.9
STORE_2,HOUSEHOLD_1_007,2252,40.25
STORE_2,HOUSEHOLD_1_007,2201,40.25
STORE_2,HOUSEHOLD_1_007,2202,40.25
STORE_2,HOUSEHOLD_1_007,2203,40.25
STORE_2,HOUSEHOLD_1_007,2204,40.25
STORE_2,HOUSEHOLD_1_007,2205,40.25
STORE_2,HOUSEHOLD_1_007,2206,40.25
STORE_2,HOUSEHOLD_1_007,2207,40.25
STORE_2,HOUSEHOLD_1_007,2208,40.25
STORE_2,HOUSEHOLD_1_007,2209,40.25
STORE_2,HOUSEHOLD_1_007,2210,40.25
STORE_2,HOUSEHOLD_1_007,2211,40.25
STORE_2,HOUSEHOLD_1_007,2212,40.25
STORE_2,HOUSEHOLD_1_007,2213,40.25
STORE_2,HOUSEHOLD_1_007,2214,40.25
STORE_2,HOUSEHOLD_1_007,2215,40.25
STORE_2,HOUSEHOLD_1_007,2216,40.25
STORE_2,HOUSEHOLD_1_007,2217,40.25
STORE_2,HOUSEHOLD_1_007,2218,40.25
STORE_2,HOUSEHOLD_1_007,2219,40.25
STORE_2,HOUSEHOLD_1_007,2220,40.25
STORE_2,HOUSEHOLD_1_007,2221,40.25
STORE_2,HOUSEHOLD_1_007,2222,40.25
STORE_2,HOUSEHOLD_1_007,2223,40.25
STORE_2,HOUSEHOLD_1_007,2224,52.22
STORE_2,HOUSEHOLD_1_007,2225,52.22
STORE_2,HOUSEHOLD_1_007,2226,52.22
STORE_2,HOUSEHOLD_1_007,2227,51.62
STORE_2,HOUSEHOLD_1_007,2228,51.62
STORE_2,HOUSEHOLD_1_007,2229,51.62
STORE_2,HOUSEHOLD_1_007,2230,51.62
STORE_2,HOUSEHOLD_1_007,2231,51.62
STORE_2,HOUSEHOLD_1_007,2232,51.62
STORE_2,HOUSEHOLD_1_007,2233,51.62
STORE_2,HOUSEHOLD_1_007,2234,51.62
STORE_2,HOUSEHOLD_1_007,2235,51.62
STORE_2,HOUSEHOLD_1_007,2236,51.62
STORE_2,HOUSEHOLD_1_007,2237,51.62
STORE_2,HOUSEHOLD_1_007,2238,51.62
STORE_2,HOUSEHOLD_1_007,2239,51.62
STORE_2,HOUSEHOLD_1_007,2240,51.62
STORE_2,HOUSEHOLD_1_007,2241,51.62
STORE_2,HOUSEHOLD_1_007,2242,51.62
STORE_2,HOUSEHOLD_1_007,2243,51.62
STORE_2,HOUSEHOLD_1_007,2244,51.62
STORE_2,HOUSEHOLD_1_007,2245,51.62
STORE_2,HOUSEHOLD_1_007,2246,51.62
STORE_2,HOUSEHOLD_1_007,2247,51.62
STORE_2,HOUSEHOLD_1_007,2248,51.62
STORE_2,HOUSEHOLD_1_007,2249,51.62
STORE_2,HOUSEHOLD_1_007,2250,51.62
STORE_2,HOUSEHOLD_1_007,2251,51.62
STORE_2,HOUSEHOLD_1_007,2352,51.62
STORE_2,HOUSEHOLD_1_007,2301,51.62
STORE_2,HOUSEHOLD_1_007,2302,51.62
STORE_2,HOUSEHOLD_1_007,2303,51.62
STORE_2,HOUSEHOLD_1_007,2304,42.78
STORE_2,HOUSEHOLD_1_007,2305,42.78
STORE_2,HOUSEHOLD_1_007,2306,42.78
STORE_2,HOUSEHOLD_1_007,2307,42.78
STORE_2,HOUSEHOLD_1_007,2308,42.78
STORE_2,HOUSEHOLD_1_007,2309,42.78
STORE_2,HOUSEHOLD_1_007,2310,42.78
STORE_2,HOUSEHOLD_1_007,2311,42.78
STORE_2,HOUSEHOLD_1_007,2312,42.78
STORE_2,HOUSEHOLD_1_007,2313,42.78
STORE_2,HOUSEHOLD_1_007,2314,42.78
STORE_2,HOUSEHOLD_1_007,2315,42.78
STORE_2,HOUSEHOLD_1_007,2316,42.78
STORE_2,HOUSEHOLD_1_007,2317,42.78
STORE_2,HOUSEHOLD_1_007,2318,42.78
STORE_2,HOUSEHOLD_1_007,2319,42.78
STORE_2,HOUSEHOLD_1_007,2320,42.78
STORE_2,HOUSEHOLD_1_007,2321,42.78
STORE_2,HOUSEHOLD_1_007,2322,42.78
STORE_2,HOUSEHOLD_1_007,2323,42.78
STORE_2,HOUSEHOLD_1_007,2324,42.78
STORE_2,HOUSEHOLD_1_007,2325,42.78
STORE_2,HOUSEHOLD_1_007,2326,42.78
STORE_2,HOUSEHOLD_1_007,2327,42.78
STORE_2,HOUSEHOLD_1_007,2328,42.78
STORE_2,HOUSEHOLD_1_007,2329,42.78
STORE_2,HOUSEHOLD_1_007,2330,42.78
STORE_2,HOUSEHOLD_1_007,2331,42.78
STORE_2,HOUSEHOLD_1_007,2332,42.78
STORE_2,HOUSEHOLD_1_007,2333,42.78
STORE_2,HOUSEHOLD_1_007,2334,42.78
STORE_2,HOUSEHOLD_1_007,2335,42.78
STORE_2,HOUSEHOLD_1_007,2336,42.78
STORE_2,HOUSEHOLD_1_007,2337,42.78
STORE_2,HOUSEHOLD_1_007,2338,42.78
STORE_2,HOUSEHOLD_1_007,2339,42.78
STORE_2,HOUSEHOLD_1_007,2340,42.78
STORE_2,HOUSEHOLD_1_007,2341,42.78
STORE_2,HOUSEHOLD_1_007,2342,42.78
STORE_2,HOUSEHOLD_1_007,2343,42.78
STORE_2,HOUSEHOLD_1_007,2344,42.78
STORE_2,HOUSEHOLD_1_007,2345,42.78
STORE_2,HOUSEHOLD_1_007,2346,42.78
STORE_2,HOUSEHOLD_1_007,2347,42.78
STORE_2,HOUSEHOLD_1_007,2348,42.78
STORE_2,HOUSEHOLD_1_007,2349,42.78
STORE_2,HOUSEHOLD_1_007,2350,42.78
STORE_2,HOUSEHOLD_1_007,2351,42.78
STORE_2,HOUSEHOLD_1_007,2401,42.78
STORE_2,HOUSEHOLD_1_007,2402,42.78
STORE_2,HOUSEHOLD_1_007,2403,42.78
STORE_2,HOUSEHOLD_1_007,2404,42.78
STORE_2,HOUSEHOLD_1_007,2405,42.78
STORE_2,HOUSEHOLD_1_007,2406,42.78
STORE_2,HOUSEHOLD_1_007,2407,42.78
STORE_2,HOUSEHOLD_1_007,2408,42.78
STORE_2,HOUSEHOLD_1_007,2409,42.78
STORE_2,HOUSEHOLD_1_007,2410,42.78
STORE_2,HOUSEHOLD_1_007,2411,42.78
STORE_2,HOUSEHOLD_1_007,2412,42.78
STORE_2,HOUSEHOLD_1_007,2413,42.78
STORE_2,HOUSEHOLD_1_007,2414,42.78
STORE_2,HOUSEHOLD_1_007,2415,42.78
STORE_2,HOUSEHOLD_1_007,2416,42.78
STORE_2,HOUSEHOLD_1_007,2417,42.78
STORE_2,HOUSEHOLD_1_007,2418,42.78
STORE_2,HOUSEHOLD_1_007,2419,42.78
STORE_2,HOUSEHOLD_1_007,2420,42.78
STORE_2,HOUSEHOLD_1_007,2421,42.78
STORE_2,HOUSEHOLD_1_007,2422,42.78
STORE_2,HOUSEHOLD_1_007,2423,42.78
STORE_2,HOUSEHOLD_1_007,2424,42.78
STORE_2,HOUSEHOLD_1_007,2425,42.78
STORE_2,HOUSEHOLD_1_007,2426,42.78
STORE_2,HOUSEHOLD_1_007,2427,42.78
STORE_2,HOUSEHOLD_1_007,2428,42.78
STORE_2,HOUSEHOLD_1_007,2429,42.78
STORE_2,HOUSEHOLD_1_007,2430,42.78
STORE_2,HOUSEHOLD_1_007,2431,42.78
STORE_2,HOUSEHOLD_1_007,2432,42.78
STORE_2,HOUSEHOLD_1_007,2433,42.78
STORE_2,HOUSEHOLD_1_007,2434,42.78
STORE_2,HOUSEHOLD_1_007,2435,42.78
STORE_2,HOUSEHOLD_1_007,2436,42.78
STORE_2,HOUSEHOLD_1_007,2437,42.78
STORE_2,HOUSEHOLD_1_007,2438,42.78
STORE_2,HOUSEHOLD_1_007,2439,42.78
STORE_2,HOUSEHOLD_1_007,2440,42.78
STORE_2,HOUSEHOLD_1_007,2441,42.78
STORE_2,HOUSEHOLD_1_007,2442,42.78
STORE_2,HOUSEHOLD_1_007,2443,42.78
STORE_2,HOUSEHOLD_1_007,2444,42.78
STORE_2,HOUSEHOLD_1_007,2445,42.78
STORE_2,HOUSEHOLD_1_007,2446,42.78
STORE_2,HOUSEHOLD_1_007,2447,42.78
STORE_2,HOUSEHOLD_1_007,2448,42.78
STORE_2,HOUSEHOLD_1_007,2449,42.78
STORE_2,HOUSEHOLD_1_007,2450,42.78
STORE_2,HOUSEHOLD_1_007,2451,42.78
STORE_2,HOUSEHOLD_1_007,2452,49.91
STORE_2,HOUSEHOLD_1_007,2501,49.91
STORE_2,HOUSEHOLD_1_007,2502,49.91
STORE_2,HOUSEHOLD_1_007,2503,49.91
STORE_2,HOUSEHOLD_1_007,2504,49.91
STORE_2,HOUSEHOLD_1_007,2505,49.91
STORE_2,HOUSEHOLD_1_008,2252,44.44
STORE_2,HOUSEHOLD_1_008,2201,44.44
STORE_2,HOUSEHOLD_1_008,2202,44.44
STORE_2,HOUSEHOLD_1_008,2203,44.44
STORE_2,HOUSEHOLD_1_008,2204,44.44
STORE_2,HOUSEHOLD_1_008,2205,44.44
STORE_2,HOUSEHOLD_1_008,2206,44.44
STORE_2,HOUSEHOLD_1_008,2207,44.44
STORE_2,HOUSEHOLD_1_008,2208,44.44
STORE_2,HOUSEHOLD_1_008,2209,44.44
STORE_2,HOUSEHOLD_1_008,2210,44.44
STORE_2,HOUSEHOLD_1_008,2211,44.44
STORE_2,HOUSEHOLD_1_008,2212,44.44
STORE_2,HOUSEHOLD_1_008,2213,44.44
STORE_2,HOUSEHOLD_1_008,2214,43.05
STORE_2,HOUSEHOLD_1_008,2215,43.05
STORE_2,HOUSEHOLD_1_008,2216,43.05
STORE_2,HOUSEHOLD_1_008,2217,43.05
STORE_2,HOUSEHOLD_1_008,2218,43.05
STORE_2,HOUSEHOLD_1_008,2219,43.05
STORE_2,HOUSEHOLD_1_008,2220,43.05
STORE_2,HOUSEHOLD_1_008,2221,43.05
STORE_2,HOUSEHOLD_1_008,2222,43.05
STORE_2,HOUSEHOLD_1_008,2223,43.05
STORE_2,HOUSEHOLD_1_008,2224,43.05
STORE_2,HOUSEHOLD_1_008,2225,43.05
STORE_2,HOUSEHOLD_1_008,2226,43.05
STORE_2,HOUSEHOLD_1_008,2227,43.05
STORE_2,HOUSEHOLD_1_008,2228,43.05
STORE_2,HOUSEHOLD_1_008,2229,43.05
STORE_2,HOUSEHOLD_1_008,2230,43.05
STORE_2,HOUSEHOLD_1_008,2231,43.05
STORE_2,HOUSEHOLD_1_008,2232,43.05
STORE_2,HOUSEHOLD_1_008,2233,43.05
STORE_2,HOUSEHOLD_1_008,2234,43.05
STORE_2,HOUSEHOLD_1_008,2235,43.05
STORE_2,HOUSEHOLD_1_008,2236,43.05
STORE_2,HOUSEHOLD_1_008,2237,43.05
STORE_2,HOUSEHOLD_1_008,2238,43.05
STORE_2,HOUSEHOLD_1_008,2239,43.05
STORE_2,HOUSEHOLD_1_008,2240,43.05
STORE_2,HOUSEHOLD_1_008,2241,43.05
STORE_2,HOUSEHOLD_1_008,2242,43.05
STORE_2,HOUSEHOLD_1_008,2243,43.05
STORE_2,HOUSEHOLD_1_008,2244,43.05
STORE_2,HOUSEHOLD_1_008,2245,43.05
STORE_2,HOUSEHOLD_1_008,2246,43.05
STORE_2,HOUSEHOLD_1_008,2247,43.05
STORE_2,HOUSEHOLD_1_008,2248,43.05
STORE_2,HOUSEHOLD_1_008,2249,43.05
STORE_2,HOUSEHOLD_1_008,2250,43.05
STORE_2,HOUSEHOLD_1_008,2251,43.05
STORE_2,HOUSEHOLD_1_008,2352,43.05
STORE_2,HOUSEHOLD_1_008,2301,43.05
STORE_2,HOUSEHOLD_1_008,2302,43.05
STORE_2,HOUSEHOLD_1_008,2303,43.05
STORE_2,HOUSEHOLD_1_008,2304,43.05
STORE_2,HOUSEHOLD_1_008,2305,43.05
STORE_2,HOUSEHOLD_1_008,2306,43.05
STORE_2,HOUSEHOLD_1_008,2307,43.05
STORE_2,HOUSEHOLD_1_008,2308,43.05
STORE_2,HOUSEHOLD_1_008,2309,43.05
STORE_2,HOUSEHOLD_1_008,2310,43.05
STORE_2,HOUSEHOLD_1_008,2311,43.05
STORE_2,HOUSEHOLD_1_008,2312,43.05
STORE_2,HOUSEHOLD_1_008,2313,43.05
STORE_2,HOUSEHOLD_1_008,2314,43.05
STORE_2,HOUSEHOLD_1_008,2315,43.05
STORE_2,HOUSEHOLD_1_008,2316,43.05
STORE_2,HOUSEHOLD_1_008,2317,43.05
STORE_2,HOUSEHOLD_1_008,2318,43.05
STORE_2,HOUSEHOLD_1_008,2319,43.05
STORE_2,HOUSEHOLD_1_008,2320,43.05
STORE_2,HOUSEHOLD_1_008,2321,43.05
STORE_2,HOUSEHOLD_1_008,2322,43.05
STORE_2,HOUSEHOLD_1_008,2323,43.05
STORE_2,HOUSEHOLD_1_008,2324,43.05
STORE_2,HOUSEHOLD_1_008,2325,49.38
STORE_2,HOUSEHOLD_1_008,2326,49.38
STORE_2,HOUSEHOLD_1_008,2327,49.38
STORE_2,HOUSEHOLD_1_008,2328,49.38
STORE_2,HOUSEHOLD_1_008,2329,49.38
STORE_2,HOUSEHOLD_1_008,2330,49.38
STORE_2,HOUSEHOLD_1_008,2331,49.38
STORE_2,HOUSEHOLD_1_008,2332,49.38
STORE_2,HOUSEHOLD_1_008,2333,49.38
STORE_2,HOUSEHOLD_1_008,2334,49.38
STORE_2,HOUSEHOLD_1_008,2335,49.38
STORE_2,HOUSEHOLD_1_008,2336,49.38
STORE_2,HOUSEHOLD_1_008,2337,49.38
STORE_2,HOUSEHOLD_1_008,2338,49.38
STORE_2,HOUSEHOLD_1_008,2339,49.38
STORE_2,HOUSEHOLD_1_008,2340,49.38
STORE_2,HOUSEHOLD_1_008,2341,49.38
STORE_2,HOUSEHOLD_1_008,2342,49.38
STORE_2,HOUSEHOLD_1_008,2343,49.38
STORE_2,HOUSEHOLD_1_008,2344,49.38
STORE_2,HOUSEHOLD_1_008,2345,49.38
STORE_2,HOUSEHOLD_1_008,2346,49.38
STORE_2,HOUSEHOLD_1_008,2347,49.38
STORE_2,HOUSEHOLD_1_008,2348,49.38
STORE_2,HOUSEHOLD_1_008,2349,49.38
STORE_2,HOUSEHOLD_1_008,2350,49.38
STORE_2,HOUSEHOLD_1_008,2351,49.38
STORE_2,HOUSEHOLD_1_008,2401,49.38
STORE_2,HOUSEHOLD_1_008,2402,49.38
STORE_2,HOUSEHOLD_1_008,2403,49.38
STORE_2,HOUSEHOLD_1_008,2404,49.38
STORE_2,HOUSEHOLD_1_008,2405,49.38
STORE_2,HOUSEHOLD_1_008,2406,49.38
STORE_2,HOUSEHOLD_1_008,2407,49.38
STORE_2,HOUSEHOLD_1_008,2408,49.38
STORE_2,HOUSEHOLD_1_008,2409,49.38
STORE_2,HOUSEHOLD_1_008,2410,49.38
STORE_2,HOUSEHOLD_1_008,2411,49.38
STORE_2,HOUSEHOLD_1_008,2412,49.38
STORE_2,HOUSEHOLD_1_008,2413,49.38
STORE_2,HOUSEHOLD_1_008,2414,49.38
STORE_2,HOUSEHOLD_1_008,2415,49.38
STORE_2,HOUSEHOLD_1_008,2416,49.38
STORE_2,HOUSEHOLD_1_008,2417,49.38
STORE_2,HOUSEHOLD_1_008,2418,49.38
STORE_2,HOUSEHOLD_1_008,2419,49.38
STORE_2,HOUSEHOLD_1_008,2420,49.38
STORE_2,HOUSEHOLD_1_008,2421,49.38
STORE_2,HOUSEHOLD_1_008,2422,49.38
STORE_2,HOUSEHOLD_1_008,2423,49.38
STORE_2,HOUSEHOLD_1_008,2424,49.38
STORE_2,HOUSEHOLD_1_008,2425,49.38
STORE_2,HOUSEHOLD_1_008,2426,49.38
STORE_2,HOUSEHOLD_1_008,2427,49.38
STORE_2,HOUSEHOLD_1_008,2428,49.38
STORE_2,HOUSEHOLD_1_008,2429,49.38
STORE_2,HOUSEHOLD_1_008,2430,49.38
STORE_2,HOUSEHOLD_1_008,2431,49.38
STORE_2,HOUSEHOLD_1_008,2432,49.38
STORE_2,HOUSEHOLD_1_008,2433,49.38
STORE_2,HOUSEHOLD_1_008,2434,49.38
STORE_2,HOUSEHOLD_1_008,2435,49.38
STORE_2,HOUSEHOLD_1_008,2436,49.38
STORE_2,HOUSEHOLD_1_008,2437,49.38
STORE_2,HOUSEHOLD_1_008,2438,49.38
STORE_2,HOUSEHOLD_1_008,2439,49.38
STORE_2,HOUSEHOLD_1_008,2440,49.38
STORE_2,HOUSEHOLD_1_008,2441,49.38
STORE_2,HOUSEHOLD_1_008,2442,49.38
STORE_2,HOUSEHOLD_1_008,2443,49.38
STORE_2,HOUSEHOLD_1_008,2444,49.38
STORE_2,HOUSEHOLD_1_008,2445,49.38
STORE_2,HOUSEHOLD_1_008,2446,49.38
STORE_2,HOUSEHOLD_1_008,2447,49.38
STORE_2,HOUSEHOLD_1_008,2448,49.38
STORE_2,HOUSEHOLD_1_008,2449,49.38
STORE_2,HOUSEHOLD_1_008,2450,49.38
STORE_2,HOUSEHOLD_1_008,2451,49.38
STORE_2,HOUSEHOLD_1_008,2452,49.38
STORE_2,HOUSEHOLD_1_008,2501,49.38
STORE_2,HOUSEHOLD_1_008,2502,49.38
STORE_2,HOUSEHOLD_1_008,2503,49.38
STORE_2,HOUSEHOLD_1_008,2504,49.38
STORE_2,HOUSEHOLD_1_008,2505,49.38
STORE_2,HOUSEHOLD_2_001,2252,53.17
STORE_2,HOUSEHOLD_2_001,2201,53.17
STORE_2,HOUSEHOLD_2_001,2202,53.17
STORE_2,HOUSEHOLD_2_001,2203,53.17
STORE_2,HOUSEHOLD_2_001,2204,53.17
STORE_2,HOUSEHOLD_2_001,2205,53.17
STORE_2,HOUSEHOLD_2_001,2206,53.17
STORE_2,HOUSEHOLD_2_001,2207,53.17
STORE_2,HOUSEHOLD_2_001,2208,53.17
STORE_2,HOUSEHOLD_2_001,2209,53.17
STORE_2,HOUSEHOLD_2_001,2210,53.17
STORE_2,HOUSEHOLD_2_001,2211,53.17
STORE_2,HOUSEHOLD_2_001,2212,53.17
STORE_2,HOUSEHOLD_2_001,2213,53.17
STORE_2,HOUSEHOLD_2_001,2214,53.17
STORE_2,HOUSEHOLD_2_001,2215,52.08
STORE_2,HOUSEHOLD_2_001,2216,52.08
STORE_2,HOUSEHOLD_2_001,2217,52.08
STORE_2,HOUSEHOLD_2_001,2218,52.08
STORE_2,HOUSEHOLD_2_001,2219,52.08
STORE_2,HOUSEHOLD_2_001,2220,52.08
STORE_2,HOUSEHOLD_2_001,2221,52.08
STORE_2,HOUSEHOLD_2_001,2222,52.08
STORE_2,HOUSEHOLD_2_001,2223,52.08
STORE_2,HOUSEHOLD_2_001,2224,52.08
STORE_2,HOUSEHOLD_2_001,2225,52.08
STORE_2,HOUSEHOLD_2_001,2226,52.08
STORE_2,HOUSEHOLD_2_001,2227,52.08
STORE_2,HOUSEHOLD_2_001,2228,52.08
STORE_2,HOUSEHOLD_2_001,2229,52.08
STORE_2,HOUSEHOLD_2_001,2230,52.08
STORE_2,HOUSEHOLD_2_001,2231,52.08
STORE_2,HOUSEHOLD_2_001,2232,52.08
STORE_2,HOUSEHOLD_2_001,2233,52.08
STORE_2,HOUSEHOLD_2_001,2234,52.08
STORE_2,HOUSEHOLD_2_001,2235,52.08
STORE_2,HOUSEHOLD_2_001,2236,52.08
STORE_2,HOUSEHOLD_2_001,2237,52.08
STORE_2,HOUSEHOLD_2_001,2238,52.08
STORE_2,HOUSEHOLD_2_001,2239,52.08
STORE_2,HOUSEHOLD_2_001,2240,52.08
STORE_2,HOUSEHOLD_2_001,2241,52.08
STORE_2,HOUSEHOLD_2_001,2242,52.08
STORE_2,HOUSEHOLD_2_001,2243,52.08
STORE_2,HOUSEHOLD_2_001,2244,55.93
STORE_2,HOUSEHOLD_2_001,2245,55.93
STORE_2,HOUSEHOLD_2_001,2246,55.93
STORE_2,HOUSEHOLD_2_001,2247,55.93
STORE_2,HOUSEHOLD_2_001,2248,55.93
STORE_2,HOUSEHOLD_2_001,2249,55.93
STORE_2,HOUSEHOLD_2_001,2250,55.93
STORE_2,HOUSEHOLD_2_001,2251,55.93
STORE_2,HOUSEHOLD_2_001,2352,55.93
STORE_2,HOUSEHOLD_2_001,2301,55.93
STORE_2,HOUSEHOLD_2_001,2302,55.93
STORE_2,HOUSEHOLD_2_001,2303,55.93
STORE_2,HOUSEHOLD_2_001,2304,55.93
STORE_2,HOUSEHOLD_2_001,2305,55.93
STORE_2,HOUSEHOLD_2_001,2306,55.93
STORE_2,HOUSEHOLD_2_001,2307,55.93
STORE_2,HOUSEHOLD_2_001,2308,55.93
STORE_2,HOUSEHOLD_2_001,2309,55.93
STORE_2,HOUSEHOLD_2_001,2310,55.93
STORE_2,HOUSEHOLD_2_001,2311,56.46
STORE_2,HOUSEHOLD_2_001,2312,56.46
STORE_2,HOUSEHOLD_2_001,2313,57.1
STORE_2,HOUSEHOLD_2_001,2314,57.1
STORE_2,HOUSEHOLD_2_001,2315,55.3
STORE_2,HOUSEHOLD_2_001,2316,55.3
STORE_2,HOUSEHOLD_2_001,2317,55.3
STORE_2,HOUSEHOLD_2_001,2318,55.3
STORE_2,HOUSEHOLD_2_001,2319,55.3
STORE_2,HOUSEHOLD_2_001,2320,55.3
STORE_2,HOUSEHOLD_2_001,2321,55.3
STORE_2,HOUSEHOLD_2_001,2322,55.3
STORE_2,HOUSEHOLD_2_001,2323,55.3
STORE_2,HOUSEHOLD_2_001,2324,55.3
STORE_2,HOUSEHOLD_2_001,2325,55.3
STORE_2,HOUSEHOLD_2_001,2326,55.3
STORE_2,HOUSEHOLD_2_001,2327,55.3
STORE_2,HOUSEHOLD_2_001,2328,55.3
STORE_2,HOUSEHOLD_2_001,2329,55.3
STORE_2,HOUSEHOLD_2_001,2330,55.3
STORE_2,HOUSEHOLD_2_001,2331,55.3
STORE_2,HOUSEHOLD_2_001,2332,55.3
STORE_2,HOUSEHOLD_2_001,2333,55.3
STORE_2,HOUSEHOLD_2_001,2334,55.3
STORE_2,HOUSEHOLD_2_001,2335,55.3
STORE_2,HOUSEHOLD_2_001,2336,55.3
STORE_2,HOUSEHOLD_2_001,2337,58.07
STORE_2,HOUSEHOLD_2_001,2338,58.07
STORE_2,HOUSEHOLD_2_001,2339,58.07
STORE_2,HOUSEHOLD_2_001,2340,58.07
STORE_2,HOUSEHOLD_2_001,2341,58.07
STORE_2,HOUSEHOLD_2_001,2342,58.07
STORE_2,HOUSEHOLD_2_001,2343,58.07
STORE_2,HOUSEHOLD_2_001,2344,58.07
STORE_2,HOUSEHOLD_2_001,2345,58.07
STORE_2,HOUSEHOLD_2_001,2346,58.07
STORE_2,HOUSEHOLD_2_001,2347,58.07
STORE_2,HOUSEHOLD_2_001,2348,58.07
STORE_2,HOUSEHOLD_2_001,2349,58.07
STORE_2,HOUSEHOLD_2_001,2350,58.07
STORE_2,HOUSEHOLD_2_001,2351,58.07
STORE_2,HOUSEHOLD_2_001,2401,54.74
STORE_2,HOUSEHOLD_2_001,2402,54.74
STORE_2,HOUSEHOLD_2_001,2403,54.74
STORE_2,HOUSEHOLD_2_001,2404,54.74
STORE_2,HOUSEHOLD_2_001,2405,40.2
STORE_2,HOUSEHOLD_2_001,2406,40.2
STORE_2,HOUSEHOLD_2_001,2407,42.69
STORE_2,HOUSEHOLD_2_001,2408,42.69
STORE_2,HOUSEHOLD_2_001,2409,42.69
STORE_2,HOUSEHOLD_2_001,2410,42.69
STORE_2,HOUSEHOLD_2_001,2411,42.69
STORE_2,HOUSEHOLD_2_001,2412,42.69
STORE_2,HOUSEHOLD_2_001,2413,42.69
STORE_2,HOUSEHOLD_2_001,2414,42.69
STORE_2,HOUSEHOLD_2_001,2415,42.69
STORE_2,HOUSEHOLD_2_001,2416,42.69
STORE_2,HOUSEHOLD_2_001,2417,42.69
STORE_2,HOUSEHOLD_2_001,2418,42.69
STORE_2,HOUSEHOLD_2_001,2419,42.69
STORE_2,HOUSEHOLD_2_001,2420,42.69
STORE_2,HOUSEHOLD_2_001,2421,42.69
STORE_2,HOUSEHOLD_2_001,2422,42.69
STORE_2,HOUSEHOLD_2_001,2423,42.69
STORE_2,HOUSEHOLD_2_001,2424,42.69
STORE_2,HOUSEHOLD_2_001,2425,42.69
STORE_2,HOUSEHOLD_2_001,2426,42.69
STORE_2,HOUSEHOLD_2_001,2427,42.69
STORE_2,HOUSEHOLD_2_001,2428,42.69
STORE_2,HOUSEHOLD_2_001,2429,42.69
STORE_2,HOUSEHOLD_2_001,2430,42.69
STORE_2,HOUSEHOLD_2_001,2431,42.69
STORE_2,HOUSEHOLD_2_001,2432,42.69
STORE_2,HOUSEHOLD_2_001,2433,42.69
STORE_2,HOUSEHOLD_2_001,2434,42.69
STORE_2,HOUSEHOLD_2_001,2435,42.69
STORE_2,HOUSEHOLD_2_001,2436,42.69
STORE_2,HOUSEHOLD_2_001,2437,42.69
STORE_2,HOUSEHOLD_2_001,2438,42.69
STORE_2,HOUSEHOLD_2_001,2439,42.69
STORE_2,HOUSEHOLD_2_001,2440,42.69
STORE_2,HOUSEHOLD_2_001,2441,42.69
STORE_2,HOUSEHOLD_2_001,2442,42.69
STORE_2,HOUSEHOLD_2_001,2443,42.69
STORE_2,HOUSEHOLD_2_001,2444,42.69
STORE_2,HOUSEHOLD_2_001,2445,42.69
STORE_2,HOUSEHOLD_2_001,2446,42.69
STORE_2,HOUSEHOLD_2_001,2447,42.69
STORE_2,HOUSEHOLD_2_001,2448,42.69
STORE_2,HOUSEHOLD_2_001,2449,42.69
STORE_2,HOUSEHOLD_2_001,2450,42.69
STORE_2,HOUSEHOLD_2_001,2451,42.69
STORE_2,HOUSEHOLD_2_001,2452,42.69
STORE_2,HOUSEHOLD_2_001,2501,42.69
STORE_2,HOUSEHOLD_2_001,2502,42.69
STORE_2,HOUSEHOLD_2_001,2503,42.69
STORE_2,HOUSEHOLD_2_001,2504,42.69
STORE_2,HOUSEHOLD_2_001,2505,42.69
STORE_2,HOUSEHOLD_2_002,2252,32.28
STORE_2,HOUSEHOLD_2_002,2201,32.28
STORE_2,HOUSEHOLD_2_002,2202,32.28
STORE_2,HOUSEHOLD_2_002,2203,32.28
STORE_2,HOUSEHOLD_2_002,2204,32.28
STORE_2,HOUSEHOLD_2_002,2205,32.28
STORE_2,HOUSEHOLD_2_002,2206,32.28
STORE_2,HOUSEHOLD_2_002,2207,32.28
STORE_2,HOUSEHOLD_2_002,2208,32.28
STORE_2,HOUSEHOLD_2_002,2209,32.28
STORE_2,HOUSEHOLD_2_002,2210,32.28
STORE_2,HOUSEHOLD_2_002,2211,32.28
STORE_2,HOUSEHOLD_2_002,2212,32.28
STORE_2,HOUSEHOLD_2_002,2213,32.28
STORE_2,HOUSEHOLD_2_002,2214,32.28
STORE_2,HOUSEHOLD_2_002,2215,32.28
STORE_2,HOUSEHOLD_2_002,2216,32.28
STORE_2,HOUSEHOLD_2_002,2217,32.28
STORE_2,HOUSEHOLD_2_002,2218,32.28
STORE_2,HOUSEHOLD_2_002,2219,32.28
STORE_2,HOUSEHOLD_2_002,2220,32.28
STORE_2,HOUSEHOLD_2_002,2221,32.28
STORE_2,HOUSEHOLD_2_002,2222,32.28
STORE_2,HOUSEHOLD_2_002,2223,32.28
STORE_2,HOUSEHOLD_2_002,2224,32.28
STORE_2,HOUSEHOLD_2_002,2225,32.28
STORE_2,HOUSEHOLD_2_002,2226,32.28
STORE_2,HOUSEHOLD_2_002,2227,32.28
STORE_2,HOUSEHOLD_2_002,2228,32.28
STORE_2,HOUSEHOLD_2_002,2229,32.28
STORE_2,HOUSEHOLD_2_002,2230,32.28
STORE_2,HOUSEHOLD_2_002,2231,32.28
STORE_2,HOUSEHOLD_2_002,2232,32.28
STORE_2,HOUSEHOLD_2_002,2233,32.28
STORE_2,HOUSEHOLD_2_002,2234,32.28
STORE_2,HOUSEHOLD_2_002,2235,32.28
STORE_2,HOUSEHOLD_2_002,2236,32.28
STORE_2,HOUSEHOLD_2_002,2237,32.28
STORE_2,HOUSEHOLD_2_002,2238,32.28
STORE_2,HOUSEHOLD_2_002,2239,32.28
STORE_2,HOUSEHOLD_2_002,2240,32.28
STORE_2,HOUSEHOLD_2_002,2241,32.28
STORE_2,HOUSEHOLD_2_002,2242,32.28
STORE_2,HOUSEHOLD_2_002,2243,32.28
STORE_2,HOUSEHOLD_2_002,2244,32.28
STORE_2,HOUSEHOLD_2_002,2245,32.28
STORE_2,HOUSEHOLD_2_002,2246,32.28
STORE_2,HOUSEHOLD_2_002,2247,32.28
STORE_2,HOUSEHOLD_2_002,2248,32.28
STORE_2,HOUSEHOLD_2_002,2249,32.28
STORE_2,HOUSEHOLD_2_002,2250,32.28
STORE_2,HOUSEHOLD_2_002,2251,32.28
STORE_2,HOUSEHOLD_2_002,2352,32.28
STORE_2,HOUSEHOLD_2_002,2301,32.28
STORE_2,HOUSEHOLD_2_002,2302,32.28
STORE_2,HOUSEHOLD_2_002,2303,32.28
STORE_2,HOUSEHOLD_2_002,2304,32.28
STORE_2,HOUSEHOLD_2_002,2305,32.28
STORE_2,HOUSEHOLD_2_002,2306,32.28
STORE_2,HOUSEHOLD_2_002,2307,32.28
STORE_2,HOUSEHOLD_2_002,2308,32.28
STORE_2,HOUSEHOLD_2_002,2309,32.28
STORE_2,HOUSEHOLD_2_002,2310,32.28
STORE_2,HOUSEHOLD_2_002,2311,32.28
STORE_2,HOUSEHOLD_2_002,2312,32.28
STORE_2,HOUSEHOLD_2_002,2313,32.28
STORE_2,HOUSEHOLD_2_002,2314,32.28
STORE_2,HOUSEHOLD_2_002,2315,32.28
STORE_2,HOUSEHOLD_2_002,2316,32.28
STORE_2,HOUSEHOLD_2_002,2317,32.28
STORE_2,HOUSEHOLD_2_002,2318,32.28
STORE_2,HOUSEHOLD_2_002,2319,32.28
STORE_2,HOUSEHOLD_2_002,2320,32.28
STORE_2,HOUSEHOLD_2_002,2321,32.28
STORE_2,HOUSEHOLD_2_002,2322,32.28
STORE_2,HOUSEHOLD_2_002,2323,32.28
STORE_2,HOUSEHOLD_2_002,2324,32.28
STORE_2,HOUSEHOLD_2_002,2325,32.28
STORE_2,HOUSEHOLD_2_002,2326,32.28
STORE_2,HOUSEHOLD_2_002,2327,36.16
STORE_2,HOUSEHOLD_2_002,2328,36.16
STORE_2,HOUSEHOLD_2_002,2329,36.16
STORE_2,HOUSEHOLD_2_002,2330,36.16
STORE_2,HOUSEHOLD_2_002,2331,36.16
STORE_2,HOUSEHOLD_2_002,2332,36.16
STORE_2,HOUSEHOLD_2_002,2333,36.16
STORE_2,HOUSEHOLD_2_002,2334,36.16
STORE_2,HOUSEHOLD_2_002,2335,36.16
STORE_2,HOUSEHOLD_2_002,2336,36.16
STORE_2,HOUSEHOLD_2_002,2337,36.16
STORE_2,HOUSEHOLD_2_002,2338,36.16
STORE_2,HOUSEHOLD_2_002,2339,36.16
STORE_2,HOUSEHOLD_2_002,2340,36.16
STORE_2,HOUSEHOLD_2_002,2341,36.16
STORE_2,HOUSEHOLD_2_002,2342,32.11
STORE_2,HOUSEHOLD_2_002,2343,32.11
STORE_2,HOUSEHOLD_2_002,2344,26.28
STORE_2,HOUSEHOLD_2_002,2345,26.28
STORE_2,HOUSEHOLD_2_002,2346,26.28
STORE_2,HOUSEHOLD_2_002,2347,26.28
STORE_2,HOUSEHOLD_2_002,2348,33.81
STORE_2,HOUSEHOLD_2_002,2349,33.81
STORE_2,HOUSEHOLD_2_002,2350,33.81
STORE_2,HOUSEHOLD_2_002,2351,33.81
STORE_2,HOUSEHOLD_2_002,2401,33.81
STORE_2,HOUSEHOLD_2_002,2402,33.81
STORE_2,HOUSEHOLD_2_002,2403,33.81
STORE_2,HOUSEHOLD_2_002,2404,33.81
STORE_2,HOUSEHOLD_2_002,2405,33.81
STORE_2,HOUSEHOLD_2_002,2406,33.81
STORE_2,HOUSEHOLD_2_002,2407,33.81
STORE_2,HOUSEHOLD_2_002,2408,33.81
STORE_2,HOUSEHOLD_2_002,2409,33.81
STORE_2,HOUSEHOLD_2_002,2410,33.81
STORE_2,HOUSEHOLD_2_002,2411,33.81
STORE_2,HOUSEHOLD_2_002,2412,33.81
STORE_2,HOUSEHOLD_2_002,2413,33.81
STORE_2,HOUSEHOLD_2_002,2414,33.81
STORE_2,HOUSEHOLD_2_002,2415,33.81
STORE_2,HOUSEHOLD_2_002,2416,33.81
STORE_2,HOUSEHOLD_2_002,2417,33.81
STORE_2,HOUSEHOLD_2_002,2418,33.81
STORE_2,HOUSEHOLD_2_002,2419,33.81
STORE_2,HOUSEHOLD_2_002,2420,33.81
STORE_2,HOUSEHOLD_2_002,2421,33.81
STORE_2,HOUSEHOLD_2_002,2422,33.81
STORE_2,HOUSEHOLD_2_002,2423,33.81
STORE_2,HOUSEHOLD_2_002,2424,33.81
STORE_2,HOUSEHOLD_2_002,2425,33.81
STORE_2,HOUSEHOLD_2_002,2426,33.81
STORE_2,HOUSEHOLD_2_002,2427,33.81
STORE_2,HOUSEHOLD_2_002,2428,33.81
STORE_2,HOUSEHOLD_2_002,2429,33.81
STORE_2,HOUSEHOLD_2_002,2430,33.81
STORE_2,HOUSEHOLD_2_002,2431,33.81
STORE_2,HOUSEHOLD_2_002,2432,33.81
STORE_2,HOUSEHOLD_2_002,2433,31.34
STORE_2,HOUSEHOLD_2_002,2434,31.34
STORE_2,HOUSEHOLD_2_002,2435,34.06
STORE_2,HOUSEHOLD_2_002,2436,34.06
STORE_2,HOUSEHOLD_2_002,2437,34.06
STORE_2,HOUSEHOLD_2_002,2438,34.06
STORE_2,HOUSEHOLD_2_002,2439,34.06
STORE_2,HOUSEHOLD_2_002,2440,34.06
STORE_2,HOUSEHOLD_2_002,2441,34.06
STORE_2,HOUSEHOLD_2_002,2442,34.06
STORE_2,HOUSEHOLD_2_002,2443,34.06
STORE_2,HOUSEHOLD_2_002,2444,34.06
STORE_2,HOUSEHOLD_2_002,2445,34.06
STORE_2,HOUSEHOLD_2_002,2446,34.06
STORE_2,HOUSEHOLD_2_002,2447,34.06
STORE_2,HOUSEHOLD_2_002,2448,34.06
STORE_2,HOUSEHOLD_2_002,2449,34.06
STORE_2,HOUSEHOLD_2_002,2450,34.06
STORE_2,HOUSEHOLD_2_002,2451,34.06
STORE_2,HOUSEHOLD_2_002,2452,34.06
STORE_2,HOUSEHOLD_2_002,2501,34.06
STORE_2,HOUSEHOLD_2_002,2502,34.06
STORE_2,HOUSEHOLD_2_002,2503,34.06
STORE_2,HOUSEHOLD_2_002,2504,34.06
STORE_2,HOUSEHOLD_2_002,2505,34.06
STORE_2,HOUSEHOLD_2_003,2252,27.95
STORE_2,HOUSEHOLD_2_003,2201,27.95
STORE_2,HOUSEHOLD_2_003,2202,27.95
STORE_2,HOUSEHOLD_2_003,2203,27.95
STORE_2,HOUSEHOLD_2_003,2204,27.95
STORE_2,HOUSEHOLD_2_003,2205,27.95
STORE_2,HOUSEHOLD_2_003,2206,27.95
STORE_2,HOUSEHOLD_2_003,2207,30.08
STORE_2,HOUSEHOLD_2_003,2208,30.08
STORE_2,HOUSEHOLD_2_003,2209,30.08
STORE_2,HOUSEHOLD_2_003,2210,30.08
STORE_2,HOUSEHOLD_2_003,2211,30.08
STORE_2,HOUSEHOLD_2_003,2212,30.08
STORE_2,HOUSEHOLD_2_003,2213,30.08
STORE_2,HOUSEHOLD_2_003,2214,30.08
STORE_2,HOUSEHOLD_2_003,2215,30.08
STORE_2,HOUSEHOLD_2_003,2216,30.08
STORE_2,HOUSEHOLD_2_003,2217,30.08
STORE_2,HOUSEHOLD_2_003,2218,30.08
STORE_2,HOUSEHOLD_2_003,2219,30.08
STORE_2,HOUSEHOLD_2_003,2220,30.08
STORE_2,HOUSEHOLD_2_003,2221,30.08
STORE_2,HOUSEHOLD_2_003,2222,30.08
STORE_2,HOUSEHOLD_2_003,2223,30.08
STORE_2,HOUSEHOLD_2_003,2224,30.08
STORE_2,HOUSEHOLD_2_003,2225,30.08
STORE_2,HOUSEHOLD_2_003,2226,30.08
STORE_2,HOUSEHOLD_2_003,2227,30.08
STORE_2,HOUSEHOLD_2_003,2228,30.08
STORE_2,HOUSEHOLD_2_003,2229,27.87
STORE_2,HOUSEHOLD_2_003,2230,27.87
STORE_2,HOUSEHOLD_2_003,2231,27.87
STORE_2,HOUSEHOLD_2_003,2232,27.87
STORE_2,HOUSEHOLD_2_003,2233,27.87
STORE_2,HOUSEHOLD_2_003,2234,27.87
STORE_2,HOUSEHOLD_2_003,2235,27.87
STORE_2,HOUSEHOLD_2_003,2236,27.87
STORE_2,HOUSEHOLD_2_003,2237,27.87
STORE_2,HOUSEHOLD_2_003,2238,27.87
STORE_2,HOUSEHOLD_2_003,2239,27.87
STORE_2,HOUSEHOLD_2_003,2240,27.87
STORE_2,HOUSEHOLD_2_003,2241,27.87
STORE_2,HOUSEHOLD_2_003,2242,27.87
STORE_2,HOUSEHOLD_2_003,2243,27.87
STORE_2,HOUSEHOLD_2_003,2244,27.87
STORE_2,HOUSEHOLD_2_003,2245,27.87
STORE_2,HOUSEHOLD_2_003,2246,27.87
STORE_2,HOUSEHOLD_2_003,2247,27.87
STORE_2,HOUSEHOLD_2_003,2248,26.9
STORE_2,HOUSEHOLD_2_003,2249,26.9
STORE_2,HOUSEHOLD_2_003,2250,26.9
STORE_2,HOUSEHOLD_2_003,2251,26.9
STORE_2,HOUSEHOLD_2_003,2352,26.9
STORE_2,HOUSEHOLD_2_003,2301,26.9
STORE_2,HOUSEHOLD_2_003,2302,26.9
STORE_2,HOUSEHOLD_2_003,2303,26.9
STORE_2,HOUSEHOLD_2_003,2304,26.9
STORE_2,HOUSEHOLD_2_003,2305,26.9
STORE_2,HOUSEHOLD_2_003,2306,26.9
STORE_2,HOUSEHOLD_2_003,2307,26.9
STORE_2,HOUSEHOLD_2_003,2308,26.9
STORE_2,HOUSEHOLD_2_003,2309,26.9
STORE_2,HOUSEHOLD_2_003,2310,26.9
STORE_2,HOUSEHOLD_2_003,2311,26.9
STORE_2,HOUSEHOLD_2_003,2312,22.23
STORE_2,HOUSEHOLD_2_003,2313,22.23
STORE_2,HOUSEHOLD_2_003,2314,22.23
STORE_2,HOUSEHOLD_2_003,2315,22.23
STORE_2,HOUSEHOLD_2_003,2316,22.23
STORE_2,HOUSEHOLD_2_003,2317,22.23
STORE_2,HOUSEHOLD_2_003,2318,22.23
STORE_2,HOUSEHOLD_2_003,2319,22.23
STORE_2,HOUSEHOLD_2_003,2320,22.23
STORE_2,HOUSEHOLD_2_003,2321,22.23
STORE_2,HOUSEHOLD_2_003,2322,22.23
STORE_2,HOUSEHOLD_2_003,2323,22.23
STORE_2,HOUSEHOLD_2_003,2324,22.23
STORE_2,HOUSEHOLD_2_003,2325,22.23
STORE_2,HOUSEHOLD_2_003,2326,22.23
STORE_2,HOUSEHOLD_2_003,2327,22.23
STORE_2,HOUSEHOLD_2_003,2328,22.23
STORE_2,HOUSEHOLD_2_003,2329,22.23
STORE_2,HOUSEHOLD_2_003,2330,22.23
STORE_2,HOUSEHOLD_2_003,2331,22.23
STORE_2,HOUSEHOLD_2_003,2332,22.23
STORE_2,HOUSEHOLD_2_003,2333,22.23
STORE_2,HOUSEHOLD_2_003,2334,22.23
STORE_2,HOUSEHOLD_2_003,2335,22.23
STORE_2,HOUSEHOLD_2_003,2336,22.23
STORE_2,HOUSEHOLD_2_003,2337,22.23
STORE_2,HOUSEHOLD_2_003,2338,22.23
STORE_2,HOUSEHOLD_2_003,2339,22.23
STORE_2,HOUSEHOLD_2_003,2340,22.23
STORE_2,HOUSEHOLD_2_003,2341,22.23
STORE_2,HOUSEHOLD_2_003,2342,22.23
STORE_2,HOUSEHOLD_2_003,2343,22.23
STORE_2,HOUSEHOLD_2_003,2344,22.23
STORE_2,HOUSEHOLD_2_003,2345,22.23
STORE_2,HOUSEHOLD_2_003,2346,22.23
STORE_2,HOUSEHOLD_2_003,2347,22.23
STORE_2,HOUSEHOLD_2_003,2348,22.23
STORE_2,HOUSEHOLD_2_003,2349,22.23
STORE_2,HOUSEHOLD_2_003,2350,22.23
STORE_2,HOUSEHOLD_2_003,2351,22.23
STORE_2,HOUSEHOLD_2_003,2401,22.23
STORE_2,HOUSEHOLD_2_003,2402,22.23
STORE_2,HOUSEHOLD_2_003,2403,22.23
STORE_2,HOUSEHOLD_2_003,2404,22.23
STORE_2,HOUSEHOLD_2_003,2405,22.23
STORE_2,HOUSEHOLD_2_003,2406,22.23
STORE_2,HOUSEHOLD_2_003,2407,22.23
STORE_2,HOUSEHOLD_2_003,2408,22.23
STORE_2,HOUSEHOLD_2_003,2409,22.23
STORE_2,HOUSEHOLD_2_003,2410,26.98
STORE_2,HOUSEHOLD_2_003,2411,26.98
STORE_2,HOUSEHOLD_2_003,2412,26.98
STORE_2,HOUSEHOLD_2_003,2413,26.98
STORE_2,HOUSEHOLD_2_003,2414,26.98
STORE_2,HOUSEHOLD_2_003,2415,26.98
STORE_2,HOUSEHOLD_2_003,2416,26.98
STORE_2,HOUSEHOLD_2_003,2417,26.98
STORE_2,HOUSEHOLD_2_003,2418,26.98
STORE_2,HOUSEHOLD_2_003,2419,26.98
STORE_2,HOUSEHOLD_2_003,2420,26.98
STORE_2,HOUSEHOLD_2_003,2421,26.98
STORE_2,HOUSEHOLD_2_003,2422,26.98
STORE_2,HOUSEHOLD_2_003,2423,26.98
STORE_2,HOUSEHOLD_2_003,2424,26.98
STORE_2,HOUSEHOLD_2_003,2425,26.98
STORE_2,HOUSEHOLD_2_003,2426,26.98
STORE_2,HOUSEHOLD_2_003,2427,26.98
STORE_2,HOUSEHOLD_2_003,2428,26.98
STORE_2,HOUSEHOLD_2_003,2429,26.98
STORE_2,HOUSEHOLD_2_003,2430,26.98
STORE_2,HOUSEHOLD_2_003,2431,26.98
STORE_2,HOUSEHOLD_2_003,2432,26.98
STORE_2,HOUSEHOLD_2_003,2433,26.98
STORE_2,HOUSEHOLD_2_003,2434,26.98
STORE_2,HOUSEHOLD_2_003,2435,26.98
STORE_2,HOUSEHOLD_2_003,2436,31.54
STORE_2,HOUSEHOLD_2_003,2437,31.54
STORE_2,HOUSEHOLD_2_003,2438,31.54
STORE_2,HOUSEHOLD_2_003,2439,31.54
STORE_2,HOUSEHOLD_2_003,2440,31.54
STORE_2,HOUSEHOLD_2_003,2441,31.54
STORE_2,HOUSEHOLD_2_003,2442,31.54
STORE_2,HOUSEHOLD_2_003,2443,31.54
STORE_2,HOUSEHOLD_2_003,2444,31.54
STORE_2,HOUSEHOLD_2_003,2445,31.54
STORE_2,HOUSEHOLD_2_003,2446,31.54
STORE_2,HOUSEHOLD_2_003,2447,31.54
STORE_2,HOUSEHOLD_2_003,2448,31.54
STORE_2,HOUSEHOLD_2_003,2449,31.54
STORE_2,HOUSEHOLD_2_003,2450,31.54
STORE_2,HOUSEHOLD_2_003,2451,31.54
STORE_2,HOUSEHOLD_2_003,2452,31.54
STORE_2,HOUSEHOLD_2_003,2501,31.54
STORE_2,HOUSEHOLD_2_003,2502,31.54
STORE_2,HOUSEHOLD_2_003,2503,29.52
STORE_2,HOUSEHOLD_2_003,2504,29.52
STORE_2,HOUSEHOLD_2_003,2505,29.52
STORE_2,HOUSEHOLD_2_004,2252,29.12
STORE_2,HOUSEHOLD_2_004,2201,29.12
STORE_2,HOUSEHOLD_2_004,2202,22.37
STORE_2,HOUSEHOLD_2_004,2203,22.37
STORE_2,HOUSEHOLD_2_004,2204,22.37
STORE_2,HOUSEHOLD_2_004,2205,32.47
STORE_2,HOUSEHOLD_2_004,2206,32.47
STORE_2,HOUSEHOLD_2_004,2207,32.47
STORE_2,HOUSEHOLD_2_004,2208,32.47
STORE_2,HOUSEHOLD_2_004,2209,32.47
STORE_2,HOUSEHOLD_2_004,2210,32.47
STORE_2,HOUSEHOLD_2_004,2211,32.47
STORE_2,HOUSEHOLD_2_004,2212,32.47
STORE_2,HOUSEHOLD_2_004,2213,32.47
STORE_2,HOUSEHOLD_2_004,2214,32.47
STORE_2,HOUSEHOLD_2_004,2215,32.47
STORE_2,HOUSEHOLD_2_004,2216,32.47
STORE_2,HOUSEHOLD_2_004,2217,32.47
STORE_2,HOUSEHOLD_2_004,2218,32.47
STORE_2,HOUSEHOLD_2_004,2219,32.47
STORE_2,HOUSEHOLD_2_004,2220,32.47
STORE_2,HOUSEHOLD_2_004,2221,32.47
STORE_2,HOUSEHOLD_2_004,2222,29.97
STORE_2,HOUSEHOLD_2_004,2223,29.97
STORE_2,HOUSEHOLD_2_004,2224,29.97
STORE_2,HOUSEHOLD_2_004,2225,29.97
STORE_2,HOUSEHOLD_2_004,2226,29.97
STORE_2,HOUSEHOLD_2_004,2227,27.78
STORE_2,HOUSEHOLD_2_004,2228,27.78
STORE_2,HOUSEHOLD_2_004,2229,27.78
STORE_2,HOUSEHOLD_2_004,2230,27.78
STORE_2,HOUSEHOLD_2_004,2231,27.78
STORE_2,HOUSEHOLD_2_004,2232,27.78
STORE_2,HOUSEHOLD_2_004,2233,27.78
STORE_2,HOUSEHOLD_2_004,2234,27.78
STORE_2,HOUSEHOLD_2_004,2235,27.78
STORE_2,HOUSEHOLD_2_004,2236,27.78
STORE_2,HOUSEHOLD_2_004,2237,27.78
STORE_2,HOUSEHOLD_2_004,2238,27.78
STORE_2,HOUSEHOLD_2_004,2239,27.78
STORE_2,HOUSEHOLD_2_004,2240,27.78
STORE_2,HOUSEHOLD_2_004,2241,27.78
STORE_2,HOUSEHOLD_2_004,2242,27.78
STORE_2,HOUSEHOLD_2_004,2243,27.78
STORE_2,HOUSEHOLD_2_004,2244,27.78
STORE_2,HOUSEHOLD_2_004,2245,23.82
STORE_2,HOUSEHOLD_2_004,2246,23.82
STORE_2,HOUSEHOLD_2_004,2247,23.82
STORE_2,HOUSEHOLD_2_004,2248,25.08
STORE_2,HOUSEHOLD_2_004,2249,25.08
STORE_2,HOUSEHOLD_2_004,2250,25.08
STORE_2,HOUSEHOLD_2_004,2251,25.08
STORE_2,HOUSEHOLD_2_004,2352,25.08
STORE_2,HOUSEHOLD_2_004,2301,25.08
STORE_2,HOUSEHOLD_2_004,2302,25.08
STORE_2,HOUSEHOLD_2_004,2303,25.08
STORE_2,HOUSEHOLD_2_004,2304,25.08
STORE_2,HOUSEHOLD_2_004,2305,25.08
STORE_2,HOUSEHOLD_2_004,2306,25.08
STORE_2,HOUSEHOLD_2_004,2307,25.08
STORE_2,HOUSEHOLD_2_004,2308,25.08
STORE_2,HOUSEHOLD_2_004,2309,25.08
STORE_2,HOUSEHOLD_2_004,2310,25.08
STORE_2,HOUSEHOLD_2_004,2311,25.08
STORE_2,HOUSEHOLD_2_004,2312,25.08
STORE_2,HOUSEHOLD_2_004,2313,25.08
STORE_2,HOUSEHOLD_2_004,2314,25.08
STORE_2,HOUSEHOLD_2_004,2315,25.08
STORE_2,HOUSEHOLD_2_004,2316,25.08
STORE_2,HOUSEHOLD_2_004,2317,25.08
STORE_2,HOUSEHOLD_2_004,2318,25.08
STORE_2,HOUSEHOLD_2_004,2319,25.08
STORE_2,HOUSEHOLD_2_004,2320,25.08
STORE_2,HOUSEHOLD_2_004,2321,25.08
STORE_2,HOUSEHOLD_2_004,2322,25.08
STORE_2,HOUSEHOLD_2_004,2323,25.08
STORE_2,HOUSEHOLD_2_004,2324,25.08
STORE_2,HOUSEHOLD_2_004,2325,25.08
STORE_2,HOUSEHOLD_2_004,2326,25.08
STORE_2,HOUSEHOLD_2_004,2327,25.08
STORE_2,HOUSEHOLD_2_004,2328,25.08
STORE_2,HOUSEHOLD_2_004,2329,25.08
STORE_2,HOUSEHOLD_2_004,2330,26.93
STORE_2,HOUSEHOLD_2_004,2331,26.93
STORE_2,HOUSEHOLD_2_004,2332,26.93
STORE_2,HOUSEHOLD_2_004,2333,26.93
STORE_2,HOUSEHOLD_2_004,2334,26.93
STORE_2,HOUSEHOLD_2_004,2335,26.93
STORE_2,HOUSEHOLD_2_004,2336,26.93
STORE_2,HOUSEHOLD_2_004,2337,26.93
STORE_2,HOUSEHOLD_2_004,2338,26.93
STORE_2,HOUSEHOLD_2_004,2339,26.93
STORE_2,HOUSEHOLD_2_004,2340,26.93
STORE_2,HOUSEHOLD_2_004,2341,26.93
STORE_2,HOUSEHOLD_2_004,2342,26.93
STORE_2,HOUSEHOLD_2_004,2343,26.93
STORE_2,HOUSEHOLD_2_004,2344,26.93
STORE_2,HOUSEHOLD_2_004,2345,26.93
STORE_2,HOUSEHOLD_2_004,2346,26.93
STORE_2,HOUSEHOLD_2_004,2347,26.93
STORE_2,HOUSEHOLD_2_004,2348,26.93
STORE_2,HOUSEHOLD_2_004,2349,26.93
STORE_2,HOUSEHOLD_2_004,2350,26.93
STORE_2,HOUSEHOLD_2_004,2351,26.93
STORE_2,HOUSEHOLD_2_004,2401,26.93
STORE_2,HOUSEHOLD_2_004,2402,26.93
STORE_2,HOUSEHOLD_2_004,2403,26.93
STORE_2,HOUSEHOLD_2_004,2404,26.93
STORE_2,HOUSEHOLD_2_004,2405,26.93
STORE_2,HOUSEHOLD_2_004,2406,26.93
STORE_2,HOUSEHOLD_2_004,2407,26.93
STORE_2,HOUSEHOLD_2_004,2408,26.93
STORE_2,HOUSEHOLD_2_004,2409,26.93
STORE_2,HOUSEHOLD_2_004,2410,26.93
STORE_2,HOUSEHOLD_2_004,2411,26.93
STORE_2,HOUSEHOLD_2_004,2412,26.93
STORE_2,HOUSEHOLD_2_004,2413,26.93
STORE_2,HOUSEHOLD_2_004,2414,26.93
STORE_2,HOUSEHOLD_2_004,2415,26.93
STORE_2,HOUSEHOLD_2_004,2416,26.93
STORE_2,HOUSEHOLD_2_004,2417,26.93
STORE_2,HOUSEHOLD_2_004,2418,26.93
STORE_2,HOUSEHOLD_2_004,2419,26.93
STORE_2,HOUSEHOLD_2_004,2420,26.93
STORE_2,HOUSEHOLD_2_004,2421,26.93
STORE_2,HOUSEHOLD_2_004,2422,26.93
STORE_2,HOUSEHOLD_2_004,2423,26.93
STORE_2,HOUSEHOLD_2_004,2424,26.93
STORE_2,HOUSEHOLD_2_004,2425,26.93
STORE_2,HOUSEHOLD_2_004,2426,26.93
STORE_2,HOUSEHOLD_2_004,2427,26.93
STORE_2,HOUSEHOLD_2_004,2428,26.93
STORE_2,HOUSEHOLD_2_004,2429,26.93
STORE_2,HOUSEHOLD_2_004,2430,26.93
STORE_2,HOUSEHOLD_2_004,2431,26.93
STORE_2,HOUSEHOLD_2_004,2432,26.93
STORE_2,HOUSEHOLD_2_004,2433,26.93
STORE_2,HOUSEHOLD_2_004,2434,26.93
STORE_2,HOUSEHOLD_2_004,2435,26.93
STORE_2,HOUSEHOLD_2_004,2436,26.93
STORE_2,HOUSEHOLD_2_004,2437,26.93
STORE_2,HOUSEHOLD_2_004,2438,26.93
STORE_2,HOUSEHOLD_2_004,2439,26.93
STORE_2,HOUSEHOLD_2_004,2440,26.93
STORE_2,HOUSEHOLD_2_004,2441,26.93
STORE_2,HOUSEHOLD_2_004,2442,26.93
STORE_2,HOUSEHOLD_2_004,2443,26.93
STORE_2,HOUSEHOLD_2_004,2444,26.93
STORE_2,HOUSEHOLD_2_004,2445,26.93
STORE_2,HOUSEHOLD_2_004,2446,26.93
STORE_2,HOUSEHOLD_2_004,2447,26.93
STORE_2,HOUSEHOLD_2_004,2448,26.93
STORE_2,HOUSEHOLD_2_004,2449,26.93
STORE_2,HOUSEHOLD_2_004,2450,30.3
STORE_2,HOUSEHOLD_2_004,2451,30.3
STORE_2,HOUSEHOLD_2_004,2452,30.3
STORE_2,HOUSEHOLD_2_004,2501,30.3
STORE_2,HOUSEHOLD_2_004,2502,30.3
STORE_2,HOUSEHOLD_2_004,2503,30.3
STORE_2,HOUSEHOLD_2_004,2504,30.3
STORE_2,HOUSEHOLD_2_004,2505,30.3
STORE_2,HOUSEHOLD_2_005,2252,48.2
STORE_2,HOUSEHOLD_2_005,2201,48.2
STORE_2,HOUSEHOLD_2_005,2202,48.2
STORE_2,HOUSEHOLD_2_005,2203,48.2
STORE_2,HOUSEHOLD_2_005,2204,48.2
STORE_2,HOUSEHOLD_2_005,2205,48.2
STORE_2,HOUSEHOLD_2_005,2206,48.2
STORE_2,HOUSEHOLD_2_005,2207,48.2
STORE_2,HOUSEHOLD_2_005,2208,48.2
STORE_2,HOUSEHOLD_2_005,2209,48.2
STORE_2,HOUSEHOLD_2_005,2210,48.2
STORE_2,HOUSEHOLD_2_005,2211,48.2
STORE_2,HOUSEHOLD_2_005,2212,48.2
STORE_2,HOUSEHOLD_2_005,2213,48.2
STORE_2,HOUSEHOLD_2_005,2214,48.2
STORE_2,HOUSEHOLD_2_005,2215,48.2
STORE_2,HOUSEHOLD_2_005,2216,48.2
STORE_2,HOUSEHOLD_2_005,2217,48.2
STORE_2,HOUSEHOLD_2_005,2218,48.2
STORE_2,HOUSEHOLD_2_005,2219,48.2
STORE_2,HOUSEHOLD_2_005,2220,48.2
STORE_2,HOUSEHOLD_2_005,2221,48.2
STORE_2,HOUSEHOLD_2_005,2222,48.2
STORE_2,HOUSEHOLD_2_005,2223,48.2
STORE_2,HOUSEHOLD_2_005,2224,48.2
STORE_2,HOUSEHOLD_2_005,2225,48.2
STORE_2,HOUSEHOLD_2_005,2226,48.2
STORE_2,HOUSEHOLD_2_005,2227,48.2
STORE_2,HOUSEHOLD_2_005,2228,48.2
STORE_2,HOUSEHOLD_2_005,2229,48.2
STORE_2,HOUSEHOLD_2_005,2230,48.2
STORE_2,HOUSEHOLD_2_005,2231,48.2
STORE_2,HOUSEHOLD_2_005,2232,48.2
STORE_2,HOUSEHOLD_2_005,2233,48.2
STORE_2,HOUSEHOLD_2_005,2234,48.2
STORE_2,HOUSEHOLD_2_005,2235,48.2
STORE_2,HOUSEHOLD_2_005,2236,48.2
STORE_2,HOUSEHOLD_2_005,2237,48.2
STORE_2,HOUSEHOLD_2_005,2238,48.2
STORE_2,HOUSEHOLD_2_005,2239,48.2
STORE_2,HOUSEHOLD_2_005,2240,48.2
STORE_2,HOUSEHOLD_2_005,2241,48.2
STORE_2,HOUSEHOLD_2_005,2242,48.2
STORE_2,HOUSEHOLD_2_005,2243,48.2
STORE_2,HOUSEHOLD_2_005,2244,48.2
STORE_2,HOUSEHOLD_2_005,2245,48.2
STORE_2,HOUSEHOLD_2_005,2246,48.2
STORE_2,HOUSEHOLD_2_005,2247,48.2
STORE_2,HOUSEHOLD_2_005,2248,48.2
STORE_2,HOUSEHOLD_2_005,2249,48.2
STORE_2,HOUSEHOLD_2_005,2250,48.2
STORE_2,HOUSEHOLD_2_005,2251,40.6
STORE_2,HOUSEHOLD_2_005,2352,40.6
STORE_2,HOUSEHOLD_2_005,2301,40.6
STORE_2,HOUSEHOLD_2_005,2302,40.6
STORE_2,HOUSEHOLD_2_005,2303,40.6
STORE_2,HOUSEHOLD_2_005,2304,40.6
STORE_2,HOUSEHOLD_2_005,2305,40.6
STORE_2,HOUSEHOLD_2_005,2306,40.6
STORE_2,HOUSEHOLD_2_005,2307,40.6
STORE_2,HOUSEHOLD_2_005,2308,40.6
STORE_2,HOUSEHOLD_2_005,2309,40.6
STORE_2,HOUSEHOLD_2_005,2310,40.6
STORE_2,HOUSEHOLD_2_005,2311,40.6
STORE_2,HOUSEHOLD_2_005,2312,40.6
STORE_2,HOUSEHOLD_2_005,2313,40.6
STORE_2,HOUSEHOLD_2_005,2314,40.6
STORE_2,HOUSEHOLD_2_005,2315,40.6
STORE_2,HOUSEHOLD_2_005,2316,40.6
STORE_2,HOUSEHOLD_2_005,2317,40.6
STORE_2,HOUSEHOLD_2_005,2318,40.6
STORE_2,HOUSEHOLD_2_005,2319,40.6
STORE_2,HOUSEHOLD_2_005,2320,40.6
STORE_2,HOUSEHOLD_2_005,2321,40.6
STORE_2,HOUSEHOLD_2_005,2322,40.6
STORE_2,HOUSEHOLD_2_005,2323,40.6
STORE_2,HOUSEHOLD_2_005,2324,40.6
STORE_2,HOUSEHOLD_2_005,2325,41.59
STORE_2,HOUSEHOLD_2_005,2326,41.59
STORE_2,HOUSEHOLD_2_005,2327,41.59
STORE_2,HOUSEHOLD_2_005,2328,45.22
STORE_2,HOUSEHOLD_2_005,2329,45.22
STORE_2,HOUSEHOLD_2_005,2330,45.22
STORE_2,HOUSEHOLD_2_005,2331,45.22
STORE_2,HOUSEHOLD_2_005,2332,45.22
STORE_2,HOUSEHOLD_2_005,2333,45.22
STORE_2,HOUSEHOLD_2_005,2334,45.22
STORE_2,HOUSEHOLD_2_005,2335,45.22
STORE_2,HOUSEHOLD_2_005,2336,37.26
STORE_2,HOUSEHOLD_2_005,2337,37.26
STORE_2,HOUSEHOLD_2_005,2338,37.26
STORE_2,HOUSEHOLD_2_005,2339,53.52
STORE_2,HOUSEHOLD_2_005,2340,53.52
STORE_2,HOUSEHOLD_2_005,2341,53.52
STORE_2,HOUSEHOLD_2_005,2342,53.52
STORE_2,HOUSEHOLD_2_005,2343,53.52
STORE_2,HOUSEHOLD_2_005,2344,53.52
STORE_2,HOUSEHOLD_2_005,2345,53.52
STORE_2,HOUSEHOLD_2_005,2346,53.52
STORE_2,HOUSEHOLD_2_005,2347,53.52
STORE_2,HOUSEHOLD_2_005,2348,53.52
STORE_2,HOUSEHOLD_2_005,2349,54.36
STORE_2,HOUSEHOLD_2_005,2350,54.36
STORE_2,HOUSEHOLD_2_005,2351,54.36
STORE_2,HOUSEHOLD_2_005,2401,54.36
STORE_2,HOUSEHOLD_2_005,2402,41.25
STORE_2,HOUSEHOLD_2_005,2403,41.25
STORE_2,HOUSEHOLD_2_005,2404,41.25
STORE_2,HOUSEHOLD_2_005,2405,41.25
STORE_2,HOUSEHOLD_2_005,2406,41.25
STORE_2,HOUSEHOLD_2_005,2407,41.25
STORE_2,HOUSEHOLD_2_005,2408,41.25
STORE_2,HOUSEHOLD_2_005,2409,41.25
STORE_2,HOUSEHOLD_2_005,2410,41.25
STORE_2,HOUSEHOLD_2_005,2411,41.25
STORE_2,HOUSEHOLD_2_005,2412,41.25
STORE_2,HOUSEHOLD_2_005,2413,41.25
STORE_2,HOUSEHOLD_2_005,2414,41.25
STORE_2,HOUSEHOLD_2_005,2415,41.25
STORE_2,HOUSEHOLD_2_005,2416,41.25
STORE_2,HOUSEHOLD_2_005,2417,41.25
STORE_2,HOUSEHOLD_2_005,2418,41.25
STORE_2,HOUSEHOLD_2_005,2419,41.25
STORE_2,HOUSEHOLD_2_005,2420,41.25
STORE_2,HOUSEHOLD_2_005,2421,41.25
STORE_2,HOUSEHOLD_2_005,2422,49.93
STORE_2,HOUSEHOLD_2_005,2423,49.93
STORE_2,HOUSEHOLD_2_005,2424,49.93
STORE_2,HOUSEHOLD_2_005,2425,49.93
STORE_2,HOUSEHOLD_2_005,2426,49.93
STORE_2,HOUSEHOLD_2_005,2427,49.93
STORE_2,HOUSEHOLD_2_005,2428,49.93
STORE_2,HOUSEHOLD_2_005,2429,49.93
STORE_2,HOUSEHOLD_2_005,2430,49.93
STORE_2,HOUSEHOLD_2_005,2431,49.93
STORE_2,HOUSEHOLD_2_005,2432,49.93
STORE_2,HOUSEHOLD_2_005,2433,49.93
STORE_2,HOUSEHOLD_2_005,2434,49.93
STORE_2,HOUSEHOLD_2_005,2435,52.14
STORE_2,HOUSEHOLD_2_005,2436,52.14
STORE_2,HOUSEHOLD_2_005,2437,52.14
STORE_2,HOUSEHOLD_2_005,2438,52.14
STORE_2,HOUSEHOLD_2_005,2439,52.14
STORE_2,HOUSEHOLD_2_005,2440,52.14
STORE_2,HOUSEHOLD_2_005,2441,52.14
STORE_2,HOUSEHOLD_2_005,2442,52.14
STORE_2,HOUSEHOLD_2_005,2443,52.14
STORE_2,HOUSEHOLD_2_005,2444,41.48
STORE_2,HOUSEHOLD_2_005,2445,41.48
STORE_2,HOUSEHOLD_2_005,2446,41.48
STORE_2,HOUSEHOLD_2_005,2447,41.48
STORE_2,HOUSEHOLD_2_005,2448,41.36
STORE_2,HOUSEHOLD_2_005,2449,41.36
STORE_2,HOUSEHOLD_2_005,2450,41.36
STORE_2,HOUSEHOLD_2_005,2451,41.36
STORE_2,HOUSEHOLD_2_005,2452,41.36
STORE_2,HOUSEHOLD_2_005,2501,41.36
STORE_2,HOUSEHOLD_2_005,2502,41.36
STORE_2,HOUSEHOLD_2_005,2503,41.36
STORE_2,HOUSEHOLD_2_005,2504,41.36
STORE_2,HOUSEHOLD_2_005,2505,41.36
STORE_2,HOUSEHOLD_2_006,2252,10.9
STORE_2,HOUSEHOLD_2_006,2201,10.9
STORE_2,HOUSEHOLD_2_006,2202,10.9
STORE_2,HOUSEHOLD_2_006,2203,10.9
STORE_2,HOUSEHOLD_2_006,2204,10.9
STORE_2,HOUSEHOLD_2_006,2205,10.9
STORE_2,HOUSEHOLD_2_006,2206,10.9
STORE_2,HOUSEHOLD_2_006,2207,10.8
STORE_2,HOUSEHOLD_2_006,2208,10.8
STORE_2,HOUSEHOLD_2_006,2209,10.8
STORE_2,HOUSEHOLD_2_006,2210,10.8
STORE_2,HOUSEHOLD_2_006,2211,10.8
STORE_2,HOUSEHOLD_2_006,2212,10.8
STORE_2,HOUSEHOLD_2_006,2213,10.8
STORE_2,HOUSEHOLD_2_006,2214,10.8
STORE_2,HOUSEHOLD_2_006,2215,10.8
STORE_2,HOUSEHOLD_2_006,2216,10.8
STORE_2,HOUSEHOLD_2_006,2217,10.8
STORE_2,HOUSEHOLD_2_006,2218,10.8
STORE_2,HOUSEHOLD_2_006,2219,10.8
STORE_2,HOUSEHOLD_2_006,2220,10.8
STORE_2,HOUSEHOLD_2_006,2221,10.8
STORE_2,HOUSEHOLD_2_006,2222,10.8
STORE_2,HOUSEHOLD_2_006,2223,10.8
STORE_2,HOUSEHOLD_2_006,2224,10.8
STORE_2,HOUSEHOLD_2_006,2225,10.8
STORE_2,HOUSEHOLD_2_006,2226,10.8
STORE_2,HOUSEHOLD_2_006,2227,10.8
STORE_2,HOUSEHOLD_2_006,2228,10.8
STORE_2,HOUSEHOLD_2_006,2229,10.8
STORE_2,HOUSEHOLD_2_006,2230,10.8
STORE_2,HOUSEHOLD_2_006,2231,10.8
STORE_2,HOUSEHOLD_2_006,2232,10.7
STORE_2,HOUSEHOLD_2_006,2233,10.7
STORE_2,HOUSEHOLD_2_006,2234,11.86
STORE_2,HOUSEHOLD_2_006,2235,11.86
STORE_2,HOUSEHOLD_2_006,2236,11.86
STORE_2,HOUSEHOLD_2_006,2237,11.86
STORE_2,HOUSEHOLD_2_006,2238,11.86
STORE_2,HOUSEHOLD_2_006,2239,11.86
STORE_2,HOUSEHOLD_2_006,2240,11.86
STORE_2,HOUSEHOLD_2_006,2241,11.86
STORE_2,HOUSEHOLD_2_006,2242,11.86
STORE_2,HOUSEHOLD_2_006,2243,11.86
STORE_2,HOUSEHOLD_2_006,2244,11.86
STORE_2,HOUSEHOLD_2_006,2245,11.86
STORE_2,HOUSEHOLD_2_006,2246,11.86
STORE_2,HOUSEHOLD_2_006,2247,11.86
STORE_2,HOUSEHOLD_2_006,2248,11.86
STORE_2,HOUSEHOLD_2_006,2249,9.24
STORE_2,HOUSEHOLD_2_006,2250,9.24
STORE_2,HOUSEHOLD_2_006,2251,9.24
STORE_2,HOUSEHOLD_2_006,2352,9.24
STORE_2,HOUSEHOLD_2_006,2301,9.24
STORE_2,HOUSEHOLD_2_006,2302,9.24
STORE_2,HOUSEHOLD_2_006,2303,9.24
STORE_2,HOUSEHOLD_2_006,2304,9.24
STORE_2,HOUSEHOLD_2_006,2305,9.24
STORE_2,HOUSEHOLD_2_006,2306,9.24
STORE_2,HOUSEHOLD_2_006,2307,12.05
STORE_2,HOUSEHOLD_2_006,2308,12.05
STORE_2,HOUSEHOLD_2_006,2309,12.05
STORE_2,HOUSEHOLD_2_006,2310,10.71
STORE_2,HOUSEHOLD_2_006,2311,10.71
STORE_2,HOUSEHOLD_2_006,2312,10.71
STORE_2,HOUSEHOLD_2_006,2313,10.71
STORE_2,HOUSEHOLD_2_006,2314,10.71
STORE_2,HOUSEHOLD_2_006,2315,10.71
STORE_2,HOUSEHOLD_2_006,2316,10.71
STORE_2,HOUSEHOLD_2_006,2317,10.71
STORE_2,HOUSEHOLD_2_006,2318,10.71
STORE_2,HOUSEHOLD_2_006,2319,10.71
STORE_2,HOUSEHOLD_2_006,2320,10.71
STORE_2,HOUSEHOLD_2_006,2321,10.71
STORE_2,HOUSEHOLD_2_006,2322,10.71
STORE_2,HOUSEHOLD_2_006,2323,10.71
STORE_2,HOUSEHOLD_2_006,2324,10.71
STORE_2,HOUSEHOLD_2_006,2325,10.71
STORE_2,HOUSEHOLD_2_006,2326,10.71
STORE_2,HOUSEHOLD_2_006,2327,10.71
STORE_2,HOUSEHOLD_2_006,2328,10.71
STORE_2,HOUSEHOLD_2_006,2329,10.71
STORE_2,HOUSEHOLD_2_006,2330,10.71
STORE_2,HOUSEHOLD_2_006,2331,10.71
STORE_2,HOUSEHOLD_2_006,2332,10.71
STORE_2,HOUSEHOLD_2_006,2333,12.31
STORE_2,HOUSEHOLD_2_006,2334,12.31
STORE_2,HOUSEHOLD_2_006,2335,12.31
STORE_2,HOUSEHOLD_2_006,2336,12.31
STORE_2,HOUSEHOLD_2_006,2337,12.31
STORE_2,HOUSEHOLD_2_006,2338,12.31
STORE_2,HOUSEHOLD_2_006,2339,12.31
STORE_2,HOUSEHOLD_2_006,2340,12.31
STORE_2,HOUSEHOLD_2_006,2341,12.31
STORE_2,HOUSEHOLD_2_006,2342,12.31
STORE_2,HOUSEHOLD_2_006,2343,12.31
STORE_2,HOUSEHOLD_2_006,2344,12.31
STORE_2,HOUSEHOLD_2_006,2345,12.31
STORE_2,HOUSEHOLD_2_006,2346,12.31
STORE_2,HOUSEHOLD_2_006,2347,12.31
STORE_2,HOUSEHOLD_2_006,2348,12.31
STORE_2,HOUSEHOLD_2_006,2349,12.31
STORE_2,HOUSEHOLD_2_006,2350,12.31
STORE_2,HOUSEHOLD_2_006,2351,12.31
STORE_2,HOUSEHOLD_2_006,2401,12.31
STORE_2,HOUSEHOLD_2_006,2402,12.31
STORE_2,HOUSEHOLD_2_006,2403,12.31
STORE_2,HOUSEHOLD_2_006,2404,12.31
STORE_2,HOUSEHOLD_2_006,2405,12.31
STORE_2,HOUSEHOLD_2_006,2406,12.31
STORE_2,HOUSEHOLD_2_006,2407,12.31
STORE_2,HOUSEHOLD_2_006,2408,12.31
STORE_2,HOUSEHOLD_2_006,2409,12.31
STORE_2,HOUSEHOLD_2_006,2410,12.31
STORE_2,HOUSEHOLD_2_006,2411,12.31
STORE_2,HOUSEHOLD_2_006,2412,12.31
STORE_2,HOUSEHOLD_2_006,2413,12.31
STORE_2,HOUSEHOLD_2_006,2414,12.31
STORE_2,HOUSEHOLD_2_006,2415,10.55
STORE_2,HOUSEHOLD_2_006,2416,10.55
STORE_2,HOUSEHOLD_2_006,2417,10.55
STORE_2,HOUSEHOLD_2_006,2418,10.55
STORE_2,HOUSEHOLD_2_006,2419,10.55
STORE_2,HOUSEHOLD_2_006,2420,10.55
STORE_2,HOUSEHOLD_2_006,2421,10.55
STORE_2,HOUSEHOLD_2_006,2422,10.55
STORE_2,HOUSEHOLD_2_006,2423,10.55
STORE_2,HOUSEHOLD_2_006,2424,10.55
STORE_2,HOUSEHOLD_2_006,2425,10.55
STORE_2,HOUSEHOLD_2_006,2426,10.55
STORE_2,HOUSEHOLD_2_006,2427,10.55
STORE_2,HOUSEHOLD_2_006,2428,10.55
STORE_2,HOUSEHOLD_2_006,2429,10.55
STORE_2,HOUSEHOLD_2_006,2430,10.55
STORE_2,HOUSEHOLD_2_006,2431,10.55
STORE_2,HOUSEHOLD_2_006,2432,10.55
STORE_2,HOUSEHOLD_2_006,2433,10.55
STORE_2,HOUSEHOLD_2_006,2434,10.55
STORE_2,HOUSEHOLD_2_006,2435,10.55
STORE_2,HOUSEHOLD_2_006,2436,10.55
STORE_2,HOUSEHOLD_2_006,2437,10.55
STORE_2,HOUSEHOLD_2_006,2438,10.55
STORE_2,HOUSEHOLD_2_006,2439,10.55
STORE_2,HOUSEHOLD_2_006,2440,10.55
STORE_2,HOUSEHOLD_2_006,2441,10.55
STORE_2,HOUSEHOLD_2_006,2442,10.55
STORE_2,HOUSEHOLD_2_006,2443,10.55
STORE_2,HOUSEHOLD_2_006,2444,10.55
STORE_2,HOUSEHOLD_2_006,2445,10.55
STORE_2,HOUSEHOLD_2_006,2446,9.81
STORE_2,HOUSEHOLD_2_006,2447,9.81
STORE_2,HOUSEHOLD_2_006,2448,9.81
STORE_2,HOUSEHOLD_2_006,2449,9.81
STORE_2,HOUSEHOLD_2_006,2450,9.81
STORE_2,HOUSEHOLD_2_006,2451,9.81
STORE_2,HOUSEHOLD_2_006,2452,9.81
STORE_2,HOUSEHOLD_2_006,2501,9.81
STORE_2,HOUSEHOLD_2_006,2502,9.81
STORE_2,HOUSEHOLD_2_006,2503,9.81
STORE_2,HOUSEHOLD_2_006,2504,9.81
STORE_2,HOUSEHOLD_2_006,2505,9.81
STORE_2,HOUSEHOLD_2_007,2252,50.84
STORE_2,HOUSEHOLD_2_007,2201,50.84
STORE_2,HOUSEHOLD_2_007,2202,50.84
STORE_2,HOUSEHOLD_2_007,2203,50.84
STORE_2,HOUSEHOLD_2_007,2204,50.84
STORE_2,HOUSEHOLD_2_007,2205,50.84
STORE_2,HOUSEHOLD_2_007,2206,50.84
STORE_2,HOUSEHOLD_2_007,2207,50.84
STORE_2,HOUSEHOLD_2_007,2208,50.84
STORE_2,HOUSEHOLD_2_007,2209,50.84
STORE_2,HOUSEHOLD_2_007,2210,50.84
STORE_2,HOUSEHOLD_2_007,2211,50.84
STORE_2,HOUSEHOLD_2_007,2212,50.84
STORE_2,HOUSEHOLD_2_007,2213,50.84
STORE_2,HOUSEHOLD_2_007,2214,50.84
STORE_2,HOUSEHOLD_2_007,2215,50.84
STORE_2,HOUSEHOLD_2_007,2216,50.84
STORE_2,HOUSEHOLD_2_007,2217,50.84
STORE_2,HOUSEHOLD_2_007,2218,50.84
STORE_2,HOUSEHOLD_2_007,2219,50.84
STORE_2,HOUSEHOLD_2_007,2220,50.84
STORE_2,HOUSEHOLD_2_007,2221,50.84
STORE_2,HOUSEHOLD_2_007,2222,50.84
STORE_2,HOUSEHOLD_2_007,2223,50.84
STORE_2,HOUSEHOLD_2_007,2224,50.84
STORE_2,HOUSEHOLD_2_007,2225,50.84
STORE_2,HOUSEHOLD_2_007,2226,50.84
STORE_2,HOUSEHOLD_2_007,2227,50.84
STORE_2,HOUSEHOLD_2_007,2228,51.17
STORE_2,HOUSEHOLD_2_007,2229,51.17
STORE_2,HOUSEHOLD_2_007,2230,51.17
STORE_2,HOUSEHOLD_2_007,2231,51.17
STORE_2,HOUSEHOLD_2_007,2232,51.17
STORE_2,HOUSEHOLD_2_007,2233,51.17
STORE_2,HOUSEHOLD_2_007,2234,51.17
STORE_2,HOUSEHOLD_2_007,2235,51.17
STORE_2,HOUSEHOLD_2_007,2236,51.17
STORE_2,HOUSEHOLD_2_007,2237,51.17
STORE_2,HOUSEHOLD_2_007,2238,51.17
STORE_2,HOUSEHOLD_2_007,2239,51.17
STORE_2,HOUSEHOLD_2_007,2240,51.17
STORE_2,HOUSEHOLD_2_007,2241,51.17
STORE_2,HOUSEHOLD_2_007,2242,51.17
STORE_2,HOUSEHOLD_2_007,2243,51.17
STORE_2,HOUSEHOLD_2_007,2244,51.17
STORE_2,HOUSEHOLD_2_007,2245,51.17
STORE_2,HOUSEHOLD_2_007,2246,50.67
STORE_2,HOUSEHOLD_2_007,2247,50.67
STORE_2,HOUSEHOLD_2_007,2248,50.67
STORE_2,HOUSEHOLD_2_007,2249,50.67
STORE_2,HOUSEHOLD_2_007,2250,50.67
STORE_2,HOUSEHOLD_2_007,2251,50.67
STORE_2,HOUSEHOLD_2_007,2352,50.67
STORE_2,HOUSEHOLD_2_007,2301,50.67
STORE_2,HOUSEHOLD_2_007,2302,50.67
STORE_2,HOUSEHOLD_2_007,2303,50.67
STORE_2,HOUSEHOLD_2_007,2304,50.67
STORE_2,HOUSEHOLD_2_007,2305,50.67
STORE_2,HOUSEHOLD_2_007,2306,50.67
STORE_2,HOUSEHOLD_2_007,2307,50.67
STORE_2,HOUSEHOLD_2_007,2308,50.67
STORE_2,HOUSEHOLD_2_007,2309,50.67
STORE_2,HOUSEHOLD_2_007,2310,50.67
STORE_2,HOUSEHOLD_2_007,2311,50.67
STORE_2,HOUSEHOLD_2_007,2312,50.67
STORE_2,HOUSEHOLD_2_007,2313,50.67
STORE_2,HOUSEHOLD_2_007,2314,50.67
STORE_2,HOUSEHOLD_2_007,2315,50.67
STORE_2,HOUSEHOLD_2_007,2316,50.67
STORE_2,HOUSEHOLD_2_007,2317,50.67
STORE_2,HOUSEHOLD_2_007,2318,50.67
STORE_2,HOUSEHOLD_2_007,2319,50.67
STORE_2,HOUSEHOLD_2_007,2320,50.67
STORE_2,HOUSEHOLD_2_007,2321,50.67
STORE_2,HOUSEHOLD_2_007,2322,50.67
STORE_2,HOUSEHOLD_2_007,2323,50.67
STORE_2,HOUSEHOLD_2_007,2324,50.67
STORE_2,HOUSEHOLD_2_007,2325,50.67
STORE_2,HOUSEHOLD_2_007,2326,49.03
STORE_2,HOUSEHOLD_2_007,2327,49.03
STORE_2,HOUSEHOLD_2_007,2328,49.03
STORE_2,HOUSEHOLD_2_007,2329,49.03
STORE_2,HOUSEHOLD_2_007,2330,49.03
STORE_2,HOUSEHOLD_2_007,2331,49.03
STORE_2,HOUSEHOLD_2_007,2332,49.03
STORE_2,HOUSEHOLD_2_007,2333,49.03
STORE_2,HOUSEHOLD_2_007,2334,49.03
STORE_2,HOUSEHOLD_2_007,2335,49.03
STORE_2,HOUSEHOLD_2_007,2336,49.03
STORE_2,HOUSEHOLD_2_007,2337,49.03
STORE_2,HOUSEHOLD_2_007,2338,49.03
STORE_2,HOUSEHOLD_2_007,2339,49.03
STORE_2,HOUSEHOLD_2_007,2340,49.03
STORE_2,HOUSEHOLD_2_007,2341,49.03
STORE_2,HOUSEHOLD_2_007,2342,49.03
STORE_2,HOUSEHOLD_2_007,2343,49.03
STORE_2,HOUSEHOLD_2_007,2344,49.03
STORE_2,HOUSEHOLD_2_007,2345,49.03
STORE_2,HOUSEHOLD_2_007,2346,49.03
STORE_2,HOUSEHOLD_2_007,2347,49.03
STORE_2,HOUSEHOLD_2_007,2348,49.03
STORE_2,HOUSEHOLD_2_007,2349,49.03
STORE_2,HOUSEHOLD_2_007,2350,49.03
STORE_2,HOUSEHOLD_2_007,2351,49.03
STORE_2,HOUSEHOLD_2_007,2401,49.03
STORE_2,HOUSEHOLD_2_007,2402,49.03
STORE_2,HOUSEHOLD_2_007,2403,49.03
STORE_2,HOUSEHOLD_2_007,2404,49.03
STORE_2,HOUSEHOLD_2_007,2405,49.03
STORE_2,HOUSEHOLD_2_007,2406,49.03
STORE_2,HOUSEHOLD_2_007,2407,49.03
STORE_2,HOUSEHOLD_2_007,2408,49.03
STORE_2,HOUSEHOLD_2_007,2409,49.03
STORE_2,HOUSEHOLD_2_007,2410,49.03
STORE_2,HOUSEHOLD_2_007,2411,49.03
STORE_2,HOUSEHOLD_2_007,2412,49.03
STORE_2,HOUSEHOLD_2_007,2413,49.03
STORE_2,HOUSEHOLD_2_007,2414,49.03
STORE_2,HOUSEHOLD_2_007,2415,49.03
STORE_2,HOUSEHOLD_2_007,2416,49.03
STORE_2,HOUSEHOLD_2_007,2417,49.03
STORE_2,HOUSEHOLD_2_007,2418,49.03
STORE_2,HOUSEHOLD_2_007,2419,49.03
STORE_2,HOUSEHOLD_2_007,2420,49.03
STORE_2,HOUSEHOLD_2_007,2421,49.03
STORE_2,HOUSEHOLD_2_007,2422,49.03
STORE_2,HOUSEHOLD_2_007,2423,49.03
STORE_2,HOUSEHOLD_2_007,2424,49.03
STORE_2,HOUSEHOLD_2_007,2425,49.03
STORE_2,HOUSEHOLD_2_007,2426,49.03
STORE_2,HOUSEHOLD_2_007,2427,49.03
STORE_2,HOUSEHOLD_2_007,2428,49.03
STORE_2,HOUSEHOLD_2_007,2429,49.03
STORE_2,HOUSEHOLD_2_007,2430,49.03
STORE_2,HOUSEHOLD_2_007,2431,49.03
STORE_2,HOUSEHOLD_2_007,2432,49.03
STORE_2,HOUSEHOLD_2_007,2433,49.03
STORE_2,HOUSEHOLD_2_007,2434,49.03
STORE_2,HOUSEHOLD_2_007,2435,49.03
STORE_2,HOUSEHOLD_2_007,2436,49.03
STORE_2,HOUSEHOLD_2_007,2437,49.03
STORE_2,HOUSEHOLD_2_007,2438,49.03
STORE_2,HOUSEHOLD_2_007,2439,49.03
STORE_2,HOUSEHOLD_2_007,2440,49.03
STORE_2,HOUSEHOLD_2_007,2441,49.03
STORE_2,HOUSEHOLD_2_007,2442,49.03
STORE_2,HOUSEHOLD_2_007,2443,49.03
STORE_2,HOUSEHOLD_2_007,2444,49.03
STORE_2,HOUSEHOLD_2_007,2445,49.03
STORE_2,HOUSEHOLD_2_007,2446,49.03
STORE_2,HOUSEHOLD_2_007,2447,49.03
STORE_2,HOUSEHOLD_2_007,2448,49.03
STORE_2,HOUSEHOLD_2_007,2449,49.03
STORE_2,HOUSEHOLD_2_007,2450,49.03
STORE_2,HOUSEHOLD_2_007,2451,49.03
STORE_2,HOUSEHOLD_2_007,2452,49.03
STORE_2,HOUSEHOLD_2_007,2501,49.03
STORE_2,HOUSEHOLD_2_007,2502,38.53
STORE_2,HOUSEHOLD_2_007,2503,38.53
STORE_2,HOUSEHOLD_2_007,2504,38.53
STORE_2,HOUSEHOLD_2_007,2505,38.53
STORE_2,HOUSEHOLD_2_008,2252,41.79
STORE_2,HOUSEHOLD_2_008,2201,41.79
STORE_2,HOUSEHOLD_2_008,2202,41.79
STORE_2,HOUSEHOLD_2_008,2203,41.79
STORE_2,HOUSEHOLD_2_008,2204,41.79
STORE_2,HOUSEHOLD_2_008,2205,41.79
STORE_2,HOUSEHOLD_2_008,2206,41.79
STORE_2,HOUSEHOLD_2_008,2207,41.79
STORE_2,HOUSEHOLD_2_008,2208,45.07
STORE_2,HOUSEHOLD_2_008,2209,45.07
STORE_2,HOUSEHOLD_2_008,2210,45.07
STORE_2,HOUSEHOLD_2_008,2211,45.07
STORE_2,HOUSEHOLD_2_008,2212,45.07
STORE_2,HOUSEHOLD_2_008,2213,45.07
STORE_2,HOUSEHOLD_2_008,2214,45.07
STORE_2,HOUSEHOLD_2_008,2215,45.07
STORE_2,HOUSEHOLD_2_008,2216,45.07
STORE_2,HOUSEHOLD_2_008,2217,45.07
STORE_2,HOUSEHOLD_2_008,2218,45.07
STORE_2,HOUSEHOLD_2_008,2219,45.07
STORE_2,HOUSEHOLD_2_008,2220,45.07
STORE_2,HOUSEHOLD_2_008,2221,45.07
STORE_2,HOUSEHOLD_2_008,2222,45.07
STORE_2,HOUSEHOLD_2_008,2223,45.07
STORE_2,HOUSEHOLD_2_008,2224,45.07
STORE_2,HOUSEHOLD_2_008,2225,43.05
STORE_2,HOUSEHOLD_2_008,2226,43.05
STORE_2,HOUSEHOLD_2_008,2227,43.05
STORE_2,HOUSEHOLD_2_008,2228,43.05
STORE_2,HOUSEHOLD_2_008,2229,43.05
STORE_2,HOUSEHOLD_2_008,2230,43.05
STORE_2,HOUSEHOLD_2_008,2231,43.05
STORE_2,HOUSEHOLD_2_008,2232,43.05
STORE_2,HOUSEHOLD_2_008,2233,43.05
STORE_2,HOUSEHOLD_2_008,2234,43.05
STORE_2,HOUSEHOLD_2_008,2235,43.05
STORE_2,HOUSEHOLD_2_008,2236,43.05
STORE_2,HOUSEHOLD_2_008,2237,43.05
STORE_2,HOUSEHOLD_2_008,2238,43.05
STORE_2,HOUSEHOLD_2_008,2239,43.05
STORE_2,HOUSEHOLD_2_008,2240,43.05
STORE_2,HOUSEHOLD_2_008,2241,43.05
STORE_2,HOUSEHOLD_2_008,2242,43.05
STORE_2,HOUSEHOLD_2_008,2243,43.05
STORE_2,HOUSEHOLD_2_008,2244,43.05
STORE_2,HOUSEHOLD_2_008,2245,43.05
STORE_2,HOUSEHOLD_2_008,2246,43.05
STORE_2,HOUSEHOLD_2_008,2247,43.05
STORE_2,HOUSEHOLD_2_008,2248,43.05
STORE_2,HOUSEHOLD_2_008,2249,43.05
STORE_2,HOUSEHOLD_2_008,2250,43.05
STORE_2,HOUSEHOLD_2_008,2251,43.05
STORE_2,HOUSEHOLD_2_008,2352,43.05
STORE_2,HOUSEHOLD_2_008,2301,43.05
STORE_2,HOUSEHOLD_2_008,2302,43.05
STORE_2,HOUSEHOLD_2_008,2303,43.05
STORE_2,HOUSEHOLD_2_008,2304,43.05
STORE_2,HOUSEHOLD_2_008,2305,43.05
STORE_2,HOUSEHOLD_2_008,2306,43.05
STORE_2,HOUSEHOLD_2_008,2307,43.05
STORE_2,HOUSEHOLD_2_008,2308,43.05
STORE_2,HOUSEHOLD_2_008,2309,43.05
STORE_2,HOUSEHOLD_2_008,2310,41.85
STORE_2,HOUSEHOLD_2_008,2311,41.85
STORE_2,HOUSEHOLD_2_008,2312,41.85
STORE_2,HOUSEHOLD_2_008,2313,41.85
STORE_2,HOUSEHOLD_2_008,2314,41.85
STORE_2,HOUSEHOLD_2_008,2315,41.85
STORE_2,HOUSEHOLD_2_008,2316,41.85
STORE_2,HOUSEHOLD_2_008,2317,41.85
STORE_2,HOUSEHOLD_2_008,2318,41.85
STORE_2,HOUSEHOLD_2_008,2319,41.85
STORE_2,HOUSEHOLD_2_008,2320,41.85
STORE_2,HOUSEHOLD_2_008,2321,41.85
STORE_2,HOUSEHOLD_2_008,2322,41.85
STORE_2,HOUSEHOLD_2_008,2323,41.85
STORE_2,HOUSEHOLD_2_008,2324,41.85
STORE_2,HOUSEHOLD_2_008,2325,41.85
STORE_2,HOUSEHOLD_2_008,2326,41.85
STORE_2,HOUSEHOLD_2_008,2327,41.85
STORE_2,HOUSEHOLD_2_008,2328,41.85
STORE_2,HOUSEHOLD_2_008,2329,41.85
STORE_2,HOUSEHOLD_2_008,2330,41.85
STORE_2,HOUSEHOLD_2_008,2331,41.85
STORE_2,HOUSEHOLD_2_008,2332,41.85
STORE_2,HOUSEHOLD_2_008,2333,41.85
STORE_2,HOUSEHOLD_2_008,2334,41.85
STORE_2,HOUSEHOLD_2_008,2335,41.85
STORE_2,HOUSEHOLD_2_008,2336,41.85
STORE_2,HOUSEHOLD_2_008,2337,41.85
STORE_2,HOUSEHOLD_2_008,2338,41.85
STORE_2,HOUSEHOLD_2_008,2339,41.85
STORE_2,HOUSEHOLD_2_008,2340,41.85
STORE_2,HOUSEHOLD_2_008,2341,41.85
STORE_2,HOUSEHOLD_2_008,2342,41.85
STORE_2,HOUSEHOLD_2_008,2343,41.85
STORE_2,HOUSEHOLD_2_008,2344,41.85
STORE_2,HOUSEHOLD_2_008,2345,41.85
STORE_2,HOUSEHOLD_2_008,2346,41.85
STORE_2,HOUSEHOLD_2_008,2347,41.85
STORE_2,HOUSEHOLD_2_008,2348,41.85
STORE_2,HOUSEHOLD_2_008,2349,41.85
STORE_2,HOUSEHOLD_2_008,2350,41.85
STORE_2,HOUSEHOLD_2_008,2351,41.85
STORE_2,HOUSEHOLD_2_008,2401,41.85
STORE_2,HOUSEHOLD_2_008,2402,41.85
STORE_2,HOUSEHOLD_2_008,2403,41.85
STORE_2,HOUSEHOLD_2_008,2404,41.85
STORE_2,HOUSEHOLD_2_008,2405,41.85
STORE_2,HOUSEHOLD_2_008,2406,41.85
STORE_2,HOUSEHOLD_2_008,2407,41.85
STORE_2,HOUSEHOLD_2_008,2408,41.85
STORE_2,HOUSEHOLD_2_008,2409,41.85
STORE_2,HOUSEHOLD_2_008,2410,41.85
STORE_2,HOUSEHOLD_2_008,2411,41.85
STORE_2,HOUSEHOLD_2_008,2412,41.85
STORE_2,HOUSEHOLD_2_008,2413,41.85
STORE_2,HOUSEHOLD_2_008,2414,41.85
STORE_2,HOUSEHOLD_2_008,2415,41.85
STORE_2,HOUSEHOLD_2_008,2416,41.85
STORE_2,HOUSEHOLD_2_008,2417,41.85
STORE_2,HOUSEHOLD_2_008,2418,41.85
STORE_2,HOUSEHOLD_2_008,2419,41.85
STORE_2,HOUSEHOLD_2_008,2420,41.85
STORE_2,HOUSEHOLD_2_008,2421,41.85
STORE_2,HOUSEHOLD_2_008,2422,41.85
STORE_2,HOUSEHOLD_2_008,2423,41.85
STORE_2,HOUSEHOLD_2_008,2424,41.85
STORE_2,HOUSEHOLD_2_008,2425,41.85
STORE_2,HOUSEHOLD_2_008,2426,41.85
STORE_2,HOUSEHOLD_2_008,2427,41.85
STORE_2,HOUSEHOLD_2_008,2428,41.85
STORE_2,HOUSEHOLD_2_008,2429,41.85
STORE_2,HOUSEHOLD_2_008,2430,41.85
STORE_2,HOUSEHOLD_2_008,2431,41.85
STORE_2,HOUSEHOLD_2_008,2432,41.85
STORE_2,HOUSEHOLD_2_008,2433,41.85
STORE_2,HOUSEHOLD_2_008,2434,41.85
STORE_2,HOUSEHOLD_2_008,2435,38.98
STORE_2,HOUSEHOLD_2_008,2436,38.98
STORE_2,HOUSEHOLD_2_008,2437,38.98
STORE_2,HOUSEHOLD_2_008,2438,38.98
STORE_2,HOUSEHOLD_2_008,2439,38.98
STORE_2,HOUSEHOLD_2_008,2440,38.98
STORE_2,HOUSEHOLD_2_008,2441,38.98
STORE_2,HOUSEHOLD_2_008,2442,38.98
STORE_2,HOUSEHOLD_2_008,2443,38.98
STORE_2,HOUSEHOLD_2_008,2444,38.98
STORE_2,HOUSEHOLD_2_008,2445,38.98
STORE_2,HOUSEHOLD_2_008,2446,38.98
STORE_2,HOUSEHOLD_2_008,2447,38.98
STORE_2,HOUSEHOLD_2_008,2448,38.98
STORE_2,HOUSEHOLD_2_008,2449,38.98
STORE_2,HOUSEHOLD_2_008,2450,38.98
STORE_2,HOUSEHOLD_2_008,2451,38.98
STORE_2,HOUSEHOLD_2_008,2452,38.98
STORE_2,HOUSEHOLD_2_008,2501,38.98
STORE_2,HOUSEHOLD_2_008,2502,38.98
STORE_2,HOUSEHOLD_2_008,2503,38.98
STORE_2,HOUSEHOLD_2_008,2504,38.98
STORE_2,HOUSEHOLD_2_008,2505,38.98
STORE_3,FOODS_1_001,2252,16.31
STORE_3,FOODS_1_001,2201,16.31
STORE_3,FOODS_1_001,2202,15.75
STORE_3,FOODS_1_001,2203,15.75
STORE_3,FOODS_1_001,2204,15.75
STORE_3,FOODS_1_001,2205,15.75
STORE_3,FOODS_1_001,2206,15.75
STORE_3,FOODS_1_001,2207,15.75
STORE_3,FOODS_1_001,2208,15.75
STORE_3,FOODS_1_001,2209,15.75
STORE_3,FOODS_1_001,2210,15.75
STORE_3,FOODS_1_001,2211,15.75
STORE_3,FOODS_1_001,2212,15.75
STORE_3,FOODS_1_001,2213,15.75
STORE_3,FOODS_1_001,2214,15.75
STORE_3,FOODS_1_001,2215,15.75
STORE_3,FOODS_1_001,2216,15.75
STORE_3,FOODS_1_001,2217,15.75
STORE_3,FOODS_1_001,2218,15.75
STORE_3,FOODS_1_001,2219,15.75
STORE_3,FOODS_1_001,2220,15.75
STORE_3,FOODS_1_001,2221,15.75
STORE_3,FOODS_1_001,2222,14.71
STORE_3,FOODS_1_001,2223,14.71
STORE_3,FOODS_1_001,2224,14.71
STORE_3,FOODS_1_001,2225,14.71
STORE_3,FOODS_1_001,2226,14.71
STORE_3,FOODS_1_001,2227,14.71
STORE_3,FOODS_1_001,2228,14.71
STORE_3,FOODS_1_001,2229,14.71
STORE_3,FOODS_1_001,2230,14.71
STORE_3,FOODS_1_001,2231,14.71
STORE_3,FOODS_1_001,2232,14.71
STORE_3,FOODS_1_001,2233,14.71
STORE_3,FOODS_1_001,2234,14.71
STORE_3,FOODS_1_001,2235,14.71
STORE_3,FOODS_1_001,2236,14.71
STORE_3,FOODS_1_001,2237,14.71
STORE_3,FOODS_1_001,2238,14.71
STORE_3,FOODS_1_001,2239,14.71
STORE_3,FOODS_1_001,2240,14.71
STORE_3,FOODS_1_001,2241,14.71
STORE_3,FOODS_1_001,2242,14.71
STORE_3,FOODS_1_001,2243,16.33
STORE_3,FOODS_1_001,2244,16.33
STORE_3,FOODS_1_001,2245,16.33
STORE_3,FOODS_1_001,2246,16.33
STORE_3,FOODS_1_001,2247,16.33
STORE_3,FOODS_1_001,2248,16.33
STORE_3,FOODS_1_001,2249,16.33
STORE_3,FOODS_1_001,2250,16.33
STORE_3,FOODS_1_001,2251,16.33
STORE_3,FOODS_1_001,2352,16.33
STORE_3,FOODS_1_001,2301,16.33
STORE_3,FOODS_1_001,2302,16.33
STORE_3,FOODS_1_001,2303,16.33
STORE_3,FOODS_1_001,2304,16.33
STORE_3,FOODS_1_001,2305,16.33
STORE_3,FOODS_1_001,2306,16.33
STORE_3,FOODS_1_001,2307,16.33
STORE_3,FOODS_1_001,2308,16.33
STORE_3,FOODS_1_001,2309,16.33
STORE_3,FOODS_1_001,2310,16.33
STORE_3,FOODS_1_001,2311,16.33
STORE_3,FOODS_1_001,2312,16.33
STORE_3,FOODS_1_001,2313,16.33
STORE_3,FOODS_1_001,2314,16.33
STORE_3,FOODS_1_001,2315,16.33
STORE_3,FOODS_1_001,2316,16.33
STORE_3,FOODS_1_001,2317,16.33
STORE_3,FOODS_1_001,2318,16.33
STORE_3,FOODS_1_001,2319,16.33
STORE_3,FOODS_1_001,2320,16.33
STORE_3,FOODS_1_001,2321,16.33
STORE_3,FOODS_1_001,2322,16.33
STORE_3,FOODS_1_001,2323,16.33
STORE_3,FOODS_1_001,2324,16.33
STORE_3,FOODS_1_001,2325,16.33
STORE_3,FOODS_1_001,2326,16.33
STORE_3,FOODS_1_001,2327,13.62
STORE_3,FOODS_1_001,2328,13.62
STORE_3,FOODS_1_001,2329,13.62
STORE_3,FOODS_1_001,2330,13.62
STORE_3,FOODS_1_001,2331,13.62
STORE_3,FOODS_1_001,2332,13.62
STORE_3,FOODS_1_001,2333,13.62
STORE_3,FOODS_1_001,2334,13.62
STORE_3,FOODS_1_001,2335,13.62
STORE_3,FOODS_1_001,2336,13.62
STORE_3,FOODS_1_001,2337,13.62
STORE_3,FOODS_1_001,2338,13.62
STORE_3,FOODS_1_001,2339,13.62
STORE_3,FOODS_1_001,2340,13.62
STORE_3,FOODS_1_001,2341,13.62
STORE_3,FOODS_1_001,2342,13.62
STORE_3,FOODS_1_001,2343,13.62
STORE_3,FOODS_1_001,2344,13.62
STORE_3,FOODS_1_001,2345,13.62
STORE_3,FOODS_1_001,2346,13.62
STORE_3,FOODS_1_001,2347,13.62
STORE_3,FOODS_1_001,2348,13.62
STORE_3,FOODS_1_001,2349,13.62
STORE_3,FOODS_1_001,2350,13.62
STORE_3,FOODS_1_001,2351,13.62
STORE_3,FOODS_1_001,2401,13.62
STORE_3,FOODS_1_001,2402,13.62
STORE_3,FOODS_1_001,2403,13.62
STORE_3,FOODS_1_001,2404,13.62
STORE_3,FOODS_1_001,2405,13.62
STORE_3,FOODS_1_001,2406,13.62
STORE_3,FOODS_1_001,2407,13.62
STORE_3,FOODS_1_001,2408,13.62
STORE_3,FOODS_1_001,2409,13.62
STORE_3,FOODS_1_001,2410,13.62
STORE_3,FOODS_1_001,2411,13.62
STORE_3,FOODS_1_001,2412,13.62
STORE_3,FOODS_1_001,2413,13.62
STORE_3,FOODS_1_001,2414,13.62
STORE_3,FOODS_1_001,2415,13.62
STORE_3,FOODS_1_001,2416,13.62
STORE_3,FOODS_1_001,2417,13.62
STORE_3,FOODS_1_001,2418,13.62
STORE_3,FOODS_1_001,2419,14.04
STORE_3,FOODS_1_001,2420,14.04
STORE_3,FOODS_1_001,2421,14.04
STORE_3,FOODS_1_001,2422,13.59
STORE_3,FOODS_1_001,2423,13.59
STORE_3,FOODS_1_001,2424,13.59
STORE_3,FOODS_1_001,2425,13.59
STORE_3,FOODS_1_001,2426,13.59
STORE_3,FOODS_1_001,2427,13.59
STORE_3,FOODS_1_001,2428,13.59
STORE_3,FOODS_1_001,2429,13.59
STORE_3,FOODS_1_001,2430,13.59
STORE_3,FOODS_1_001,2431,13.59
STORE_3,FOODS_1_001,2432,13.59
STORE_3,FOODS_1_001,2433,13.59
STORE_3,FOODS_1_001,2434,13.59
STORE_3,FOODS_1_001,2435,13.59
STORE_3,FOODS_1_001,2436,13.59
STORE_3,FOODS_1_001,2437,13.59
STORE_3,FOODS_1_001,2438,13.59
STORE_3,FOODS_1_001,2439,13.59
STORE_3,FOODS_1_001,2440,13.59
STORE_3,FOODS_1_001,2441,13.59
STORE_3,FOODS_1_001,2442,13.59
STORE_3,FOODS_1_001,2443,13.59
STORE_3,FOODS_1_001,2444,13.59
STORE_3,FOODS_1_001,2445,13.59
STORE_3,FOODS_1_001,2446,13.59
STORE_3,FOODS_1_001,2447,13.59
STORE_3,FOODS_1_001,2448,13.59
STORE_3,FOODS_1_001,2449,13.59
STORE_3,FOODS_1_001,2450,13.59
STORE_3,FOODS_1_001,2451,13.59
STORE_3,FOODS_1_001,2452,13.59
STORE_3,FOODS_1_001,2501,13.59
STORE_3,FOODS_1_001,2502,13.59
STORE_3,FOODS_1_001,2503,13.59
STORE_3,FOODS_1_001,2504,13.59
STORE_3,FOODS_1_001,2505,13.59
STORE_3,FOODS_1_002,2252,41.32
STORE_3,FOODS_1_002,2201,41.32
STORE_3,FOODS_1_002,2202,41.32
STORE_3,FOODS_1_002,2203,41.32
STORE_3,FOODS_1_002,2204,41.32
STORE_3,FOODS_1_002,2205,41.32
STORE_3,FOODS_1_002,2206,41.32
STORE_3,FOODS_1_002,2207,41.32
STORE_3,FOODS_1_002,2208,39.97
STORE_3,FOODS_1_002,2209,39.97
STORE_3,FOODS_1_002,2210,39.97
STORE_3,FOODS_1_002,2211,39.97
STORE_3,FOODS_1_002,2212,39.97
STORE_3,FOODS_1_002,2213,39.97
STORE_3,FOODS_1_002,2214,39.97
STORE_3,FOODS_1_002,2215,39.97
STORE_3,FOODS_1_002,2216,39.97
STORE_3,FOODS_1_002,2217,39.97
STORE_3,FOODS_1_002,2218,39.97
STORE_3,FOODS_1_002,2219,39.97
STORE_3,FOODS_1_002,2220,39.97
STORE_3,FOODS_1_002,2221,39.97
STORE_3,FOODS_1_002,2222,39.97
STORE_3,FOODS_1_002,2223,39.97
STORE_3,FOODS_1_002,2224,39.97
STORE_3,FOODS_1_002,2225,32.95
STORE_3,FOODS_1_002,2226,32.95
STORE_3,FOODS_1_002,2227,32.95
STORE_3,FOODS_1_002,2228,32.95
STORE_3,FOODS_1_002,2229,32.95
STORE_3,FOODS_1_002,2230,32.95
STORE_3,FOODS_1_002,2231,32.95
STORE_3,FOODS_1_002,2232,45.3
STORE_3,FOODS_1_002,2233,45.3
STORE_3,FOODS_1_002,2234,45.3
STORE_3,FOODS_1_002,2235,45.3
STORE_3,FOODS_1_002,2236,45.3
STORE_3,FOODS_1_002,2237,45.3
STORE_3,FOODS_1_002,2238,45.3
STORE_3,FOODS_1_002,2239,45.3
STORE_3,FOODS_1_002,2240,45.3
STORE_3,FOODS_1_002,2241,45.3
STORE_3,FOODS_1_002,2242,45.3
STORE_3,FOODS_1_002,2243,45.3
STORE_3,FOODS_1_002,2244,45.3
STORE_3,FOODS_1_002,2245,45.3
STORE_3,FOODS_1_002,2246,45.3
STORE_3,FOODS_1_002,2247,45.3
STORE_3,FOODS_1_002,2248,45.3
STORE_3,FOODS_1_002,2249,45.3
STORE_3,FOODS_1_002,2250,45.3
STORE_3,FOODS_1_002,2251,45.3
STORE_3,FOODS_1_002,2352,45.3
STORE_3,FOODS_1_002,2301,45.3
STORE_3,FOODS_1_002,2302,45.3
STORE_3,FOODS_1_002,2303,45.3
STORE_3,FOODS_1_002,2304,45.3
STORE_3,FOODS_1_002,2305,45.3
STORE_3,FOODS_1_002,2306,45.3
STORE_3,FOODS_1_002,2307,45.3
STORE_3,FOODS_1_002,2308,45.3
STORE_3,FOODS_1_002,2309,45.3
STORE_3,FOODS_1_002,2310,45.3
STORE_3,FOODS_1_002,2311,45.3
STORE_3,FOODS_1_002,2312,45.3
STORE_3,FOODS_1_002,2313,45.3
STORE_3,FOODS_1_002,2314,45.3
STORE_3,FOODS_1_002,2315,45.3
STORE_3,FOODS_1_002,2316,45.3
STORE_3,FOODS_1_002,2317,45.3
STORE_3,FOODS_1_002,2318,45.3
STORE_3,FOODS_1_002,2319,45.3
STORE_3,FOODS_1_002,2320,45.3
STORE_3,FOODS_1_002,2321,45.3
STORE_3,FOODS_1_002,2322,45.3
STORE_3,FOODS_1_002,2323,45.3
STORE_3,FOODS_1_002,2324,45.3
STORE_3,FOODS_1_002,2325,45.3
STORE_3,FOODS_1_002,2326,45.3
STORE_3,FOODS_1_002,2327,45.3
STORE_3,FOODS_1_002,2328,45.3
STORE_3,FOODS_1_002,2329,45.3
STORE_3,FOODS_1_002,2330,45.3
STORE_3,FOODS_1_002,2331,45.3
STORE_3,FOODS_1_002,2332,45.3
STORE_3,FOODS_1_002,2333,45.3
STORE_3,FOODS_1_002,2334,45.3
STORE_3,FOODS_1_002,2335,45.3
STORE_3,FOODS_1_002,2336,45.3
STORE_3,FOODS_1_002,2337,45.3
STORE_3,FOODS_1_002,2338,45.3
STORE_3,FOODS_1_002,2339,45.3
STORE_3,FOODS_1_002,2340,45.3
STORE_3,FOODS_1_002,2341,45.3
STORE_3,FOODS_1_002,2342,45.3
STORE_3,FOODS_1_002,2343,45.3
STORE_3,FOODS_1_002,2344,45.3
STORE_3,FOODS_1_002,2345,45.3
STORE_3,FOODS_1_002,2346,45.3
STORE_3,FOODS_1_002,2347,45.3
STORE_3,FOODS_1_002,2348,45.3
STORE_3,FOODS_1_002,2349,34.0
STORE_3,FOODS_1_002,2350,34.0
STORE_3,FOODS_1_002,2351,34.0
STORE_3,FOODS_1_002,2401,34.0
STORE_3,FOODS_1_002,2402,34.0
STORE_3,FOODS_1_002,2403,34.0
STORE_3,FOODS_1_002,2404,34.0
STORE_3,FOODS_1_002,2405,34.0
STORE_3,FOODS_1_002,2406,34.0
STORE_3,FOODS_1_002,2407,34.0
STORE_3,FOODS_1_002,2408,34.0
STORE_3,FOODS_1_002,2409,34.0
STORE_3,FOODS_1_002,2410,34.0
STORE_3,FOODS_1_002,2411,34.0
STORE_3,FOODS_1_002,2412,34.0
STORE_3,FOODS_1_002,2413,34.0
STORE_3,FOODS_1_002,2414,34.0
STORE_3,FOODS_1_002,2415,34.0
STORE_3,FOODS_1_002,2416,34.0
STORE_3,FOODS_1_002,2417,34.0
STORE_3,FOODS_1_002,2418,34.0
STORE_3,FOODS_1_002,2419,34.0
STORE_3,FOODS_1_002,2420,34.0
STORE_3,FOODS_1_002,2421,34.0
STORE_3,FOODS_1_002,2422,34.0
STORE_3,FOODS_1_002,2423,34.0
STORE_3,FOODS_1_002,2424,34.0
STORE_3,FOODS_1_002,2425,34.0
STORE_3,FOODS_1_002,2426,34.0
STORE_3,FOODS_1_002,2427,34.0
STORE_3,FOODS_1_002,2428,34.0
STORE_3,FOODS_1_002,2429,34.0
STORE_3,FOODS_1_002,2430,34.0
STORE_3,FOODS_1_002,2431,46.99
STORE_3,FOODS_1_002,2432,46.99
STORE_3,FOODS_1_002,2433,46.99
STORE_3,FOODS_1_002,2434,46.99
STORE_3,FOODS_1_002,2435,46.99
STORE_3,FOODS_1_002,2436,46.99
STORE_3,FOODS_1_002,2437,46.99
STORE_3,FOODS_1_002,2438,46.99
STORE_3,FOODS_1_002,2439,46.99
STORE_3,FOODS_1_002,2440,31.63
STORE_3,FOODS_1_002,2441,31.63
STORE_3,FOODS_1_002,2442,31.63
STORE_3,FOODS_1_002,2443,31.63
STORE_3,FOODS_1_002,2444,31.63
STORE_3,FOODS_1_002,2445,31.63
STORE_3,FOODS_1_002,2446,31.63
STORE_3,FOODS_1_002,2447,31.63
STORE_3,FOODS_1_002,2448,31.63
STORE_3,FOODS_1_002,2449,31.63
STORE_3,FOODS_1_002,2450,31.63
STORE_3,FOODS_1_002,2451,31.63
STORE_3,FOODS_1_002,2452,31.63
STORE_3,FOODS_1_002,2501,31.63
STORE_3,FOODS_1_002,2502,31.63
STORE_3,FOODS_1_002,2503,31.63
STORE_3,FOODS_1_002,2504,31.63
STORE_3,FOODS_1_002,2505,31.63
STORE_3,FOODS_1_003,2252,12.93
STORE_3,FOODS_1_003,2201,12.93
STORE_3,FOODS_1_003,2202,12.93
STORE_3,FOODS_1_003,2203,12.93
STORE_3,FOODS_1_003,2204,12.93
STORE_3,FOODS_1_003,2205,12.93
STORE_3,FOODS_1_003,2206,12.93
STORE_3,FOODS_1_003,2207,12.93
STORE_3,FOODS_1_003,2208,12.93
STORE_3,FOODS_1_003,2209,12.93
STORE_3,FOODS_1_003,2210,11.54
STORE_3,FOODS_1_003,2211,11.54
STORE_3,FOODS_1_003,2212,11.54
STORE_3,FOODS_1_003,2213,11.54
STORE_3,FOODS_1_003,2214,10.52
STORE_3,FOODS_1_003,2215,10.52
STORE_3,FOODS_1_003,2216,10.52
STORE_3,FOODS_1_003,2217,10.52
STORE_3,FOODS_1_003,2218,10.52
STORE_3,FOODS_1_003,2219,10.52
STORE_3,FOODS_1_003,2220,10.52
STORE_3,FOODS_1_003,2221,10.52
STORE_3,FOODS_1_003,2222,10.52
STORE_3,FOODS_1_003,2223,10.52
STORE_3,FOODS_1_003,2224,10.52
STORE_3,FOODS_1_003,2225,10.52
STORE_3,FOODS_1_003,2226,10.52
STORE_3,FOODS_1_003,2227,10.52
STORE_3,FOODS_1_003,2228,10.52
STORE_3,FOODS_1_003,2229,10.52
STORE_3,FOODS_1_003,2230,10.52
STORE_3,FOODS_1_003,2231,10.52
STORE_3,FOODS_1_003,2232,13.41
STORE_3,FOODS_1_003,2233,13.41
STORE_3,FOODS_1_003,2234,13.41
STORE_3,FOODS_1_003,2235,13.41
STORE_3,FOODS_1_003,2236,13.41
STORE_3,FOODS_1_003,2237,13.41
STORE_3,FOODS_1_003,2238,13.41
STORE_3,FOODS_1_003,2239,13.41
STORE_3,FOODS_1_003,2240,13.41
STORE_3,FOODS_1_003,2241,13.41
STORE_3,FOODS_1_003,2242,11.98
STORE_3,FOODS_1_003,2243,11.98
STORE_3,FOODS_1_003,2244,11.98
STORE_3,FOODS_1_003,2245,11.98
STORE_3,FOODS_1_003,2246,11.98
STORE_3,FOODS_1_003,2247,11.98
STORE_3,FOODS_1_003,2248,11.98
STORE_3,FOODS_1_003,2249,11.98
STORE_3,FOODS_1_003,2250,11.98
STORE_3,FOODS_1_003,2251,11.98
STORE_3,FOODS_1_003,2352,11.98
STORE_3,FOODS_1_003,2301,11.98
STORE_3,FOODS_1_003,2302,11.98
STORE_3,FOODS_1_003,2303,11.98
STORE_3,FOODS_1_003,2304,11.98
STORE_3,FOODS_1_003,2305,11.98
STORE_3,FOODS_1_003,2306,11.98
STORE_3,FOODS_1_003,2307,11.98
STORE_3,FOODS_1_003,2308,11.98
STORE_3,FOODS_1_003,2309,11.98
STORE_3,FOODS_1_003,2310,11.98
STORE_3,FOODS_1_003,2311,11.98
STORE_3,FOODS_1_003,2312,11.98
STORE_3,FOODS_1_003,2313,11.98
STORE_3,FOODS_1_003,2314,11.98
STORE_3,FOODS_1_003,2315,11.98
STORE_3,FOODS_1_003,2316,11.98
STORE_3,FOODS_1_003,2317,11.98
STORE_3,FOODS_1_003,2318,11.98
STORE_3,FOODS_1_003,2319,11.98
STORE_3,FOODS_1_003,2320,11.98
STORE_3,FOODS_1_003,2321,11.98
STORE_3,FOODS_1_003,2322,11.98
STORE_3,FOODS_1_003,2323,11.98
STORE_3,FOODS_1_003,2324,11.98
STORE_3,FOODS_1_003,2325,11.98
STORE_3,FOODS_1_003,2326,11.98
STORE_3,FOODS_1_003,2327,11.98
STORE_3,FOODS_1_003,2328,11.98
STORE_3,FOODS_1_003,2329,11.98
STORE_3,FOODS_1_003,2330,11.98
STORE_3,FOODS_1_003,2331,11.98
STORE_3,FOODS_1_003,2332,11.98
STORE_3,FOODS_1_003,2333,11.98
STORE_3,FOODS_1_003,2334,11.98
STORE_3,FOODS_1_003,2335,11.98
STORE_3,FOODS_1_003,2336,11.98
STORE_3,FOODS_1_003,2337,11.98
STORE_3,FOODS_1_003,2338,14.17
STORE_3,FOODS_1_003,2339,14.17
STORE_3,FOODS_1_003,2340,14.17
STORE_3,FOODS_1_003,2341,14.17
STORE_3,FOODS_1_003,2342,14.17
STORE_3,FOODS_1_003,2343,14.17
STORE_3,FOODS_1_003,2344,14.17
STORE_3,FOODS_1_003,2345,14.17
STORE_3,FOODS_1_003,2346,14.17
STORE_3,FOODS_1_003,2347,14.17
STORE_3,FOODS_1_003,2348,14.17
STORE_3,FOODS_1_003,2349,14.17
STORE_3,FOODS_1_003,2350,14.17
STORE_3,FOODS_1_003,2351,14.17
STORE_3,FOODS_1_003,2401,14.17
STORE_3,FOODS_1_003,2402,14.17
STORE_3,FOODS_1_003,2403,14.17
STORE_3,FOODS_1_003,2404,14.17
STORE_3,FOODS_1_003,2405,14.17
STORE_3,FOODS_1_003,2406,14.17
STORE_3,FOODS_1_003,2407,14.17
STORE_3,FOODS_1_003,2408,14.17
STORE_3,FOODS_1_003,2409,14.17
STORE_3,FOODS_1_003,2410,14.17
STORE_3,FOODS_1_003,2411,14.17
STORE_3,FOODS_1_003,2412,14.17
STORE_3,FOODS_1_003,2413,14.17
STORE_3,FOODS_1_003,2414,14.72
STORE_3,FOODS_1_003,2415,14.72
STORE_3,FOODS_1_003,2416,14.27
STORE_3,FOODS_1_003,2417,14.27
STORE_3,FOODS_1_003,2418,14.27
STORE_3,FOODS_1_003,2419,14.27
STORE_3,FOODS_1_003,2420,14.27
STORE_3,FOODS_1_003,2421,14.27
STORE_3,FOODS_1_003,2422,14.27
STORE_3,FOODS_1_003,2423,14.27
STORE_3,FOODS_1_003,2424,14.27
STORE_3,FOODS_1_003,2425,14.27
STORE_3,FOODS_1_003,2426,14.27
STORE_3,FOODS_1_003,2427,14.27
STORE_3,FOODS_1_003,2428,14.27
STORE_3,FOODS_1_003,2429,14.27
STORE_3,FOODS_1_003,2430,14.27
STORE_3,FOODS_1_003,2431,14.27
STORE_3,FOODS_1_003,2432,14.27
STORE_3,FOODS_1_003,2433,14.27
STORE_3,FOODS_1_003,2434,14.27
STORE_3,FOODS_1_003,2435,14.27
STORE_3,FOODS_1_003,2436,14.27
STORE_3,FOODS_1_003,2437,14.27
STORE_3,FOODS_1_003,2438,14.27
STORE_3,FOODS_1_003,2439,14.27
STORE_3,FOODS_1_003,2440,14.27
STORE_3,FOODS_1_003,2441,14.27
STORE_3,FOODS_1_003,2442,14.27
STORE_3,FOODS_1_003,2443,14.27
STORE_3,FOODS_1_003,2444,14.27
STORE_3,FOODS_1_003,2445,14.27
STORE_3,FOODS_1_003,2446,14.27
STORE_3,FOODS_1_003,2447,14.27
STORE_3,FOODS_1_003,2448,14.27
STORE_3,FOODS_1_003,2449,14.27
STORE_3,FOODS_1_003,2450,14.27
STORE_3,FOODS_1_003,2451,9.8
STORE_3,FOODS_1_003,2452,9.8
STORE_3,FOODS_1_003,2501,9.8
STORE_3,FOODS_1_003,2502,9.8
STORE_3,FOODS_1_003,2503,9.8
STORE_3,FOODS_1_003,2504,9.8
STORE_3,FOODS_1_003,2505,9.8
STORE_3,FOODS_1_004,2252,57.72
STORE_3,FOODS_1_004,2201,57.72
STORE_3,FOODS_1_004,2202,57.72
STORE_3,FOODS_1_004,2203,57.72
STORE_3,FOODS_1_004,2204,57.72
STORE_3,FOODS_1_004,2205,51.32
STORE_3,FOODS_1_004,2206,51.32
STORE_3,FOODS_1_004,2207,51.32
STORE_3,FOODS_1_004,2208,51.32
STORE_3,FOODS_1_004,2209,51.32
STORE_3,FOODS_1_004,2210,55.77
STORE_3,FOODS_1_004,2211,55.77
STORE_3,FOODS_1_004,2212,55.77
STORE_3,FOODS_1_004,2213,55.77
STORE_3,FOODS_1_004,2214,55.77
STORE_3,FOODS_1_004,2215,55.77
STORE_3,FOODS_1_004,2216,55.77
STORE_3,FOODS_1_004,2217,55.77
STORE_3,FOODS_1_004,2218,55.77
STORE_3,FOODS_1_004,2219,55.77
STORE_3,FOODS_1_004,2220,55.77
STORE_3,FOODS_1_004,2221,55.77
STORE_3,FOODS_1_004,2222,55.77
STORE_3,FOODS_1_004,2223,55.77
STORE_3,FOODS_1_004,2224,55.77
STORE_3,FOODS_1_004,2225,55.77
STORE_3,FOODS_1_004,2226,55.77
STORE_3,FOODS_1_004,2227,55.77
STORE_3,FOODS_1_004,2228,55.77
STORE_3,FOODS_1_004,2229,55.77
STORE_3,FOODS_1_004,2230,55.77
STORE_3,FOODS_1_004,2231,55.77
STORE_3,FOODS_1_004,2232,55.77
STORE_3,FOODS_1_004,2233,55.77
STORE_3,FOODS_1_004,2234,55.77
STORE_3,FOODS_1_004,2235,55.77
STORE_3,FOODS_1_004,2236,55.77
STORE_3,FOODS_1_004,2237,55.77
STORE_3,FOODS_1_004,2238,55.77
STORE_3,FOODS_1_004,2239,55.77
STORE_3,FOODS_1_004,2240,55.77
STORE_3,FOODS_1_004,2241,55.77
STORE_3,FOODS_1_004,2242,55.77
STORE_3,FOODS_1_004,2243,55.77
STORE_3,FOODS_1_004,2244,55.77
STORE_3,FOODS_1_004,2245,55.77
STORE_3,FOODS_1_004,2246,55.77
STORE_3,FOODS_1_004,2247,55.77
STORE_3,FOODS_1_004,2248,43.65
STORE_3,FOODS_1_004,2249,43.65
STORE_3,FOODS_1_004,2250,43.65
STORE_3,FOODS_1_004,2251,43.65
STORE_3,FOODS_1_004,2352,43.65
STORE_3,FOODS_1_004,2301,43.65
STORE_3,FOODS_1_004,2302,43.65
STORE_3,FOODS_1_004,2303,59.18
STORE_3,FOODS_1_004,2304,59.18
STORE_3,FOODS_1_004,2305,59.18
STORE_3,FOODS_1_004,2306,59.18
STORE_3,FOODS_1_004,2307,59.18
STORE_3,FOODS_1_004,2308,59.18
STORE_3,FOODS_1_004,2309,59.18
STORE_3,FOODS_1_004,2310,59.18
STORE_3,FOODS_1_004,2311,59.18
STORE_3,FOODS_1_004,2312,59.18
STORE_3,FOODS_1_004,2313,59.18
STORE_3,FOODS_1_004,2314,59.18
STORE_3,FOODS_1_004,2315,59.18
STORE_3,FOODS_1_004,2316,59.18
STORE_3,FOODS_1_004,2317,59.18
STORE_3,FOODS_1_004,2318,59.18
STORE_3,FOODS_1_004,2319,59.18
STORE_3,FOODS_1_004,2320,59.18
STORE_3,FOODS_1_004,2321,59.18
STORE_3,FOODS_1_004,2322,59.18
STORE_3,FOODS_1_004,2323,59.18
STORE_3,FOODS_1_004,2324,59.18
STORE_3,FOODS_1_004,2325,59.18
STORE_3,FOODS_1_004,2326,59.18
STORE_3,FOODS_1_004,2327,59.18
STORE_3,FOODS_1_004,2328,59.18
STORE_3,FOODS_1_004,2329,59.18
STORE_3,FOODS_1_004,2330,59.18
STORE_3,FOODS_1_004,2331,59.18
STORE_3,FOODS_1_004,2332,59.18
STORE_3,FOODS_1_004,2333,59.18
STORE_3,FOODS_1_004,2334,59.18
STORE_3,FOODS_1_004,2335,59.18
STORE_3,FOODS_1_004,2336,59.18
STORE_3,FOODS_1_004,2337,59.18
STORE_3,FOODS_1_004,2338,59.18
STORE_3,FOODS_1_004,2339,59.18
STORE_3,FOODS_1_004,2340,59.18
STORE_3,FOODS_1_004,2341,59.18
STORE_3,FOODS_1_004,2342,59.18
STORE_3,FOODS_1_004,2343,59.18
STORE_3,FOODS_1_004,2344,59.18
STORE_3,FOODS_1_004,2345,59.18
STORE_3,FOODS_1_004,2346,59.18
STORE_3,FOODS_1_004,2347,59.18
STORE_3,FOODS_1_004,2348,59.18
STORE_3,FOODS_1_004,2349,59.18
STORE_3,FOODS_1_004,2350,59.18
STORE_3,FOODS_1_004,2351,59.18
STORE_3,FOODS_1_004,2401,59.18
STORE_3,FOODS_1_004,2402,59.18
STORE_3,FOODS_1_004,2403,59.18
STORE_3,FOODS_1_004,2404,59.18
STORE_3,FOODS_1_004,2405,59.18
STORE_3,FOODS_1_004,2406,59.18
STORE_3,FOODS_1_004,2407,59.18
STORE_3,FOODS_1_004,2408,59.18
STORE_3,FOODS_1_004,2409,59.18
STORE_3,FOODS_1_004,2410,59.18
STORE_3,FOODS_1_004,2411,59.18
STORE_3,FOODS_1_004,2412,59.18
STORE_3,FOODS_1_004,2413,59.18
STORE_3,FOODS_1_004,2414,59.18
STORE_3,FOODS_1_004,2415,59.18
STORE_3,FOODS_1_004,2416,59.18
STORE_3,FOODS_1_004,2417,59.18
STORE_3,FOODS_1_004,2418,59.18
STORE_3,FOODS_1_004,2419,59.18
STORE_3,FOODS_1_004,2420,59.18
STORE_3,FOODS_1_004,2421,59.18
STORE_3,FOODS_1_004,2422,64.43
STORE_3,FOODS_1_004,2423,64.43
STORE_3,FOODS_1_004,2424,64.43
STORE_3,FOODS_1_004,2425,64.43
STORE_3,FOODS_1_004,2426,64.43
STORE_3,FOODS_1_004,2427,64.43
STORE_3,FOODS_1_004,2428,64.43
STORE_3,FOODS_1_004,2429,64.43
STORE_3,FOODS_1_004,2430,64.43
STORE_3,FOODS_1_004,2431,64.43
STORE_3,FOODS_1_004,2432,64.43
STORE_3,FOODS_1_004,2433,64.43
STORE_3,FOODS_1_004,2434,64.43
STORE_3,FOODS_1_004,2435,64.43
STORE_3,FOODS_1_004,2436,64.43
STORE_3,FOODS_1_004,2437,64.43
STORE_3,FOODS_1_004,2438,64.43
STORE_3,FOODS_1_004,2439,64.43
STORE_3,FOODS_1_004,2440,64.43
STORE_3,FOODS_1_004,2441,64.43
STORE_3,FOODS_1_004,2442,64.43
STORE_3,FOODS_1_004,2443,64.43
STORE_3,FOODS_1_004,2444,64.43
STORE_3,FOODS_1_004,2445,64.43
STORE_3,FOODS_1_004,2446,64.43
STORE_3,FOODS_1_004,2447,64.43
STORE_3,FOODS_1_004,2448,64.43
STORE_3,FOODS_1_004,2449,64.43
STORE_3,FOODS_1_004,2450,64.43
STORE_3,FOODS_1_004,2451,64.43
STORE_3,FOODS_1_004,2452,64.43
STORE_3,FOODS_1_004,2501,64.43
STORE_3,FOODS_1_004,2502,64.43
STORE_3,FOODS_1_004,2503,64.43
STORE_3,FOODS_1_004,2504,64.43
STORE_3,FOODS_1_004,2505,64.43
STORE_3,FOODS_1_005,2252,62.77
STORE_3,FOODS_1_005,2201,62.77
STORE_3,FOODS_1_005,2202,62.77
STORE_3,FOODS_1_005,2203,62.77
STORE_3,FOODS_1_005,2204,62.77
STORE_3,FOODS_1_005,2205,62.77
STORE_3,FOODS_1_005,2206,62.77
STORE_3,FOODS_1_005,2207,62.77
STORE_3,FOODS_1_005,2208,62.77
STORE_3,FOODS_1_005,2209,62.77
STORE_3,FOODS_1_005,2210,62.77
STORE_3,FOODS_1_005,2211,62.77
STORE_3,FOODS_1_005,2212,62.77
STORE_3,FOODS_1_005,2213,62.77
STORE_3,FOODS_1_005,2214,62.77
STORE_3,FOODS_1_005,2215,62.77
STORE_3,FOODS_1_005,2216,62.77
STORE_3,FOODS_1_005,2217,62.77
STORE_3,FOODS_1_005,2218,62.77
STORE_3,FOODS_1_005,2219,62.77
STORE_3,FOODS_1_005,2220,62.77
STORE_3,FOODS_1_005,2221,62.77
STORE_3,FOODS_1_005,2222,62.77
STORE_3,FOODS_1_005,2223,62.77
STORE_3,FOODS_1_005,2224,62.77
STORE_3,FOODS_1_005,2225,62.77
STORE_3,FOODS_1_005,2226,62.77
STORE_3,FOODS_1_005,2227,62.77
STORE_3,FOODS_1_005,2228,62.77
STORE_3,FOODS_1_005,2229,62.77
STORE_3,FOODS_1_005,2230,62.77
STORE_3,FOODS_1_005,2231,62.77
STORE_3,FOODS_1_005,2232,62.77
STORE_3,FOODS_1_005,2233,54.76
STORE_3,FOODS_1_005,2234,54.76
STORE_3,FOODS_1_005,2235,54.76
STORE_3,FOODS_1_005,2236,54.76
STORE_3,FOODS_1_005,2237,54.76
STORE_3,FOODS_1_005,2238,54.76
STORE_3,FOODS_1_005,2239,54.76
STORE_3,FOODS_1_005,2240,54.76
STORE_3,FOODS_1_005,2241,54.76
STORE_3,FOODS_1_005,2242,54.76
STORE_3,FOODS_1_005,2243,54.76
STORE_3,FOODS_1_005,2244,54.76
STORE_3,FOODS_1_005,2245,54.76
STORE_3,FOODS_1_005,2246,54.76
STORE_3,FOODS_1_005,2247,54.76
STORE_3,FOODS_1_005,2248,54.76
STORE_3,FOODS_1_005,2249,54.76
STORE_3,FOODS_1_005,2250,54.76
STORE_3,FOODS_1_005,2251,54.76
STORE_3,FOODS_1_005,2352,54.76
STORE_3,FOODS_1_005,2301,54.76
STORE_3,FOODS_1_005,2302,54.76
STORE_3,FOODS_1_005,2303,54.76
STORE_3,FOODS_1_005,2304,54.76
STORE_3,FOODS_1_005,2305,54.76
STORE_3,FOODS_1_005,2306,48.66
STORE_3,FOODS_1_005,2307,48.66
STORE_3,FOODS_1_005,2308,48.66
STORE_3,FOODS_1_005,2309,48.66
STORE_3,FOODS_1_005,2310,48.66
STORE_3,FOODS_1_005,2311,48.66
STORE_3,FOODS_1_005,2312,48.66
STORE_3,FOODS_1_005,2313,48.66
STORE_3,FOODS_1_005,2314,48.66
STORE_3,FOODS_1_005,2315,48.66
STORE_3,FOODS_1_005,2316,48.66
STORE_3,FOODS_1_005,2317,48.66
STORE_3,FOODS_1_005,2318,48.66
STORE_3,FOODS_1_005,2319,48.66
STORE_3,FOODS_1_005,2320,48.66
STORE_3,FOODS_1_005,2321,48.66
STORE_3,FOODS_1_005,2322,48.66
STORE_3,FOODS_1_005,2323,48.66
STORE_3,FOODS_1_005,2324,48.66
STORE_3,FOODS_1_005,2325,48.66
STORE_3,FOODS_1_005,2326,48.66
STORE_3,FOODS_1_005,2327,48.66
STORE_3,FOODS_1_005,2328,48.66
STORE_3,FOODS_1_005,2329,48.66
STORE_3,FOODS_1_005,2330,48.66
STORE_3,FOODS_1_005,2331,48.66
STORE_3,FOODS_1_005,2332,54.39
STORE_3,FOODS_1_005,2333,54.39
STORE_3,FOODS_1_005,2334,54.39
STORE_3,FOODS_1_005,2335,54.39
STORE_3,FOODS_1_005,2336,54.39
STORE_3,FOODS_1_005,2337,54.41
STORE_3,FOODS_1_005,2338,54.41
STORE_3,FOODS_1_005,2339,54.41
STORE_3,FOODS_1_005,2340,54.41
STORE_3,FOODS_1_005,2341,54.41
STORE_3,FOODS_1_005,2342,54.41
STORE_3,FOODS_1_005,2343,54.41
STORE_3,FOODS_1_005,2344,54.41
STORE_3,FOODS_1_005,2345,54.41
STORE_3,FOODS_1_005,2346,54.41
STORE_3,FOODS_1_005,2347,60.9
STORE_3,FOODS_1_005,2348,60.9
STORE_3,FOODS_1_005,2349,60.9
STORE_3,FOODS_1_005,2350,60.9
STORE_3,FOODS_1_005,2351,60.9
STORE_3,FOODS_1_005,2401,60.9
STORE_3,FOODS_1_005,2402,60.9
STORE_3,FOODS_1_005,2403,60.9
STORE_3,FOODS_1_005,2404,60.9
STORE_3,FOODS_1_005,2405,60.9
STORE_3,FOODS_1_005,2406,60.9
STORE_3,FOODS_1_005,2407,60.9
STORE_3,FOODS_1_005,2408,60.9
STORE_3,FOODS_1_005,2409,60.9
STORE_3,FOODS_1_005,2410,60.9
STORE_3,FOODS_1_005,2411,60.9
STORE_3,FOODS_1_005,2412,60.9
STORE_3,FOODS_1_005,2413,60.9
STORE_3,FOODS_1_005,2414,60.9
STORE_3,FOODS_1_005,2415,60.9
STORE_3,FOODS_1_005,2416,60.9
STORE_3,FOODS_1_005,2417,60.9
STORE_3,FOODS_1_005,2418,60.9
STORE_3,FOODS_1_005,2419,60.9
STORE_3,FOODS_1_005,2420,60.9
STORE_3,FOODS_1_005,2421,60.9
STORE_3,FOODS_1_005,2422,60.9
STORE_3,FOODS_1_005,2423,60.9
STORE_3,FOODS_1_005,2424,60.9
STORE_3,FOODS_1_005,2425,60.9
STORE_3,FOODS_1_005,2426,60.9
STORE_3,FOODS_1_005,2427,60.9
STORE_3,FOODS_1_005,2428,60.9
STORE_3,FOODS_1_005,2429,60.9
STORE_3,FOODS_1_005,2430,60.9
STORE_3,FOODS_1_005,2431,60.9
STORE_3,FOODS_1_005,2432,60.9
STORE_3,FOODS_1_005,2433,60.9
STORE_3,FOODS_1_005,2434,60.9
STORE_3,FOODS_1_005,2435,60.9
STORE_3,FOODS_1_005,2436,60.9
STORE_3,FOODS_1_005,2437,55.28
STORE_3,FOODS_1_005,2438,55.28
STORE_3,FOODS_1_005,2439,55.28
STORE_3,FOODS_1_005,2440,55.28
STORE_3,FOODS_1_005,2441,55.28
STORE_3,FOODS_1_005,2442,55.28
STORE_3,FOODS_1_005,2443,52.71
STORE_3,FOODS_1_005,2444,52.71
STORE_3,FOODS_1_005,2445,52.71
STORE_3,FOODS_1_005,2446,52.71
STORE_3,FOODS_1_005,2447,52.71
STORE_3,FOODS_1_005,2448,52.71
STORE_3,FOODS_1_005,2449,52.71
STORE_3,FOODS_1_005,2450,52.71
STORE_3,FOODS_1_005,2451,52.71
STORE_3,FOODS_1_005,2452,52.71
STORE_3,FOODS_1_005,2501,52.71
STORE_3,FOODS_1_005,2502,52.71
STORE_3,FOODS_1_005,2503,52.71
STORE_3,FOODS_1_005,2504,52.71
STORE_3,FOODS_1_005,2505,52.71
STORE_3,FOODS_1_006,2252,22.42
STORE_3,FOODS_1_006,2201,22.42
STORE_3,FOODS_1_006,2202,22.42
STORE_3,FOODS_1_006,2203,22.42
STORE_3,FOODS_1_006,2204,22.42
STORE_3,FOODS_1_006,2205,22.42
STORE_3,FOODS_1_006,2206,22.42
STORE_3,FOODS_1_006,2207,22.42
STORE_3,FOODS_1_006,2208,22.42
STORE_3,FOODS_1_006,2209,22.42
STORE_3,FOODS_1_006,2210,22.42
STORE_3,FOODS_1_006,2211,22.42
STORE_3,FOODS_1_006,2212,22.42
STORE_3,FOODS_1_006,2213,22.42
STORE_3,FOODS_1_006,2214,22.42
STORE_3,FOODS_1_006,2215,22.42
STORE_3,FOODS_1_006,2216,22.42
STORE_3,FOODS_1_006,2217,22.42
STORE_3,FOODS_1_006,2218,22.42
STORE_3,FOODS_1_006,2219,22.42
STORE_3,FOODS_1_006,2220,22.42
STORE_3,FOODS_1_006,2221,22.42
STORE_3,FOODS_1_006,2222,22.42
STORE_3,FOODS_1_006,2223,22.42
STORE_3,FOODS_1_006,2224,22.42
STORE_3,FOODS_1_006,2225,22.42
STORE_3,FOODS_1_006,2226,22.42
STORE_3,FOODS_1_006,2227,22.42
STORE_3,FOODS_1_006,2228,22.42
STORE_3,FOODS_1_006,2229,22.42
STORE_3,FOODS_1_006,2230,22.42
STORE_3,FOODS_1_006,2231,22.42
STORE_3,FOODS_1_006,2232,22.42
STORE_3,FOODS_1_006,2233,22.42
STORE_3,FOODS_1_006,2234,22.42
STORE_3,FOODS_1_006,2235,22.42
STORE_3,FOODS_1_006,2236,22.42
STORE_3,FOODS_1_006,2237,18.8
STORE_3,FOODS_1_006,2238,18.8
STORE_3,FOODS_1_006,2239,18.8
STORE_3,FOODS_1_006,2240,18.8
STORE_3,FOODS_1_006,2241,18.8
STORE_3,FOODS_1_006,2242,20.81
STORE_3,FOODS_1_006,2243,20.81
STORE_3,FOODS_1_006,2244,20.81
STORE_3,FOODS_1_006,2245,20.81
STORE_3,FOODS_1_006,2246,20.81
STORE_3,FOODS_1_006,2247,20.81
STORE_3,FOODS_1_006,2248,20.81
STORE_3,FOODS_1_006,2249,20.81
STORE_3,FOODS_1_006,2250,20.81
STORE_3,FOODS_1_006,2251,20.81
STORE_3,FOODS_1_006,2352,20.81
STORE_3,FOODS_1_006,2301,17.7
STORE_3,FOODS_1_006,2302,17.7
STORE_3,FOODS_1_006,2303,17.7
STORE_3,FOODS_1_006,2304,17.7
STORE_3,FOODS_1_006,2305,17.7
STORE_3,FOODS_1_006,2306,17.7
STORE_3,FOODS_1_006,2307,17.7
STORE_3,FOODS_1_006,2308,23.44
STORE_3,FOODS_1_006,2309,23.44
STORE_3,FOODS_1_006,2310,23.44
STORE_3,FOODS_1_006,2311,23.44
STORE_3,FOODS_1_006,2312,23.44
STORE_3,FOODS_1_006,2313,23.44
STORE_3,FOODS_1_006,2314,23.44
STORE_3,FOODS_1_006,2315,23.44
STORE_3,FOODS_1_006,2316,23.44
STORE_3,FOODS_1_006,2317,23.44
STORE_3,FOODS_1_006,2318,23.44
STORE_3,FOODS_1_006,2319,23.44
STORE_3,FOODS_1_006,2320,23.44
STORE_3,FOODS_1_006,2321,23.44
STORE_3,FOODS_1_006,2322,23.44
STORE_3,FOODS_1_006,2323,23.44
STORE_3,FOODS_1_006,2324,19.68
STORE_3,FOODS_1_006,2325,19.68
STORE_3,FOODS_1_006,2326,19.68
STORE_3,FOODS_1_006,2327,19.68
STORE_3,FOODS_1_006,2328,19.68
STORE_3,FOODS_1_006,2329,19.68
STORE_3,FOODS_1_006,2330,19.68
STORE_3,FOODS_1_006,2331,19.68
STORE_3,FOODS_1_006,2332,25.61
STORE_3,FOODS_1_006,2333,25.61
STORE_3,FOODS_1_006,2334,25.61
STORE_3,FOODS_1_006,2335,25.61
STORE_3,FOODS_1_006,2336,25.61
STORE_3,FOODS_1_006,2337,25.61
STORE_3,FOODS_1_006,2338,25.61
STORE_3,FOODS_1_006,2339,25.61
STORE_3,FOODS_1_006,2340,25.61
STORE_3,FOODS_1_006,2341,25.61
STORE_3,FOODS_1_006,2342,25.61
STORE_3,FOODS_1_006,2343,25.61
STORE_3,FOODS_1_006,2344,25.61
STORE_3,FOODS_1_006,2345,25.61
STORE_3,FOODS_1_006,2346,25.61
STORE_3,FOODS_1_006,2347,25.61
STORE_3,FOODS_1_006,2348,25.61
STORE_3,FOODS_1_006,2349,25.61
STORE_3,FOODS_1_006,2350,25.61
STORE_3,FOODS_1_006,2351,24.36
STORE_3,FOODS_1_006,2401,24.36
STORE_3,FOODS_1_006,2402,24.36
STORE_3,FOODS_1_006,2403,24.36
STORE_3,FOODS_1_006,2404,24.36
STORE_3,FOODS_1_006,2405,24.36
STORE_3,FOODS_1_006,2406,24.36
STORE_3,FOODS_1_006,2407,24.36
STORE_3,FOODS_1_006,2408,24.36
STORE_3,FOODS_1_006,2409,24.36
STORE_3,FOODS_1_006,2410,24.36
STORE_3,FOODS_1_006,2411,24.36
STORE_3,FOODS_1_006,2412,24.36
STORE_3,FOODS_1_006,2413,24.36
STORE_3,FOODS_1_006,2414,24.36
STORE_3,FOODS_1_006,2415,24.36
STORE_3,FOODS_1_006,2416,24.36
STORE_3,FOODS_1_006,2417,24.36
STORE_3,FOODS_1_006,2418,24.36
STORE_3,FOODS_1_006,2419,24.36
STORE_3,FOODS_1_006,2420,24.36
STORE_3,FOODS_1_006,2421,24.36
STORE_3,FOODS_1_006,2422,24.36
STORE_3,FOODS_1_006,2423,24.36
STORE_3,FOODS_1_006,2424,24.36
STORE_3,FOODS_1_006,2425,24.36
STORE_3,FOODS_1_006,2426,24.36
STORE_3,FOODS_1_006,2427,24.36
STORE_3,FOODS_1_006,2428,24.36
STORE_3,FOODS_1_006,2429,24.36
STORE_3,FOODS_1_006,2430,24.36
STORE_3,FOODS_1_006,2431,24.36
STORE_3,FOODS_1_006,2432,24.36
STORE_3,FOODS_1_006,2433,24.36
STORE_3,FOODS_1_006,2434,24.36
STORE_3,FOODS_1_006,2435,24.36
STORE_3,FOODS_1_006,2436,24.36
STORE_3,FOODS_1_006,2437,24.36
STORE_3,FOODS_1_006,2438,24.36
STORE_3,FOODS_1_006,2439,24.36
STORE_3,FOODS_1_006,2440,24.36
STORE_3,FOODS_1_006,2441,24.36
STORE_3,FOODS_1_006,2442,24.36
STORE_3,FOODS_1_006,2443,24.36
STORE_3,FOODS_1_006,2444,24.36
STORE_3,FOODS_1_006,2445,24.36
STORE_3,FOODS_1_006,2446,24.36
STORE_3,FOODS_1_006,2447,24.36
STORE_3,FOODS_1_006,2448,24.36
STORE_3,FOODS_1_006,2449,24.36
STORE_3,FOODS_1_006,2450,24.36
STORE_3,FOODS_1_006,2451,24.36
STORE_3,FOODS_1_006,2452,24.36
STORE_3,FOODS_1_006,2501,24.36
STORE_3,FOODS_1_006,2502,24.36
STORE_3,FOODS_1_006,2503,24.36
STORE_3,FOODS_1_006,2504,24.36
STORE_3,FOODS_1_006,2505,24.36
STORE_3,FOODS_1_007,2252,29.49
STORE_3,FOODS_1_007,2201,29.49
STORE_3,FOODS_1_007,2202,29.49
STORE_3,FOODS_1_007,2203,29.49
STORE_3,FOODS_1_007,2204,29.49
STORE_3,FOODS_1_007,2205,30.63
STORE_3,FOODS_1_007,2206,30.63
STORE_3,FOODS_1_007,2207,30.63
STORE_3,FOODS_1_007,2208,30.63
STORE_3,FOODS_1_007,2209,30.63
STORE_3,FOODS_1_007,2210,30.63
STORE_3,FOODS_1_007,2211,30.63
STORE_3,FOODS_1_007,2212,30.63
STORE_3,FOODS_1_007,2213,30.63
STORE_3,FOODS_1_007,2214,30.63
STORE_3,FOODS_1_007,2215,30.63
STORE_3,FOODS_1_007,2216,30.63
STORE_3,FOODS_1_007,2217,30.63
STORE_3,FOODS_1_007,2218,30.63
STORE_3,FOODS_1_007,2219,30.63
STORE_3,FOODS_1_007,2220,30.63
STORE_3,FOODS_1_007,2221,30.63
STORE_3,FOODS_1_007,2222,30.63
STORE_3,FOODS_1_007,2223,30.63
STORE_3,FOODS_1_007,2224,30.63
STORE_3,FOODS_1_007,2225,30.63
STORE_3,FOODS_1_007,2226,30.63
STORE_3,FOODS_1_007,2227,30.63
STORE_3,FOODS_1_007,2228,30.63
STORE_3,FOODS_1_007,2229,30.63
STORE_3,FOODS_1_007,2230,30.63
STORE_3,FOODS_1_007,2231,30.63
STORE_3,FOODS_1_007,2232,30.63
STORE_3,FOODS_1_007,2233,30.63
STORE_3,FOODS_1_007,2234,30.63
STORE_3,FOODS_1_007,2235,30.63
STORE_3,FOODS_1_007,2236,30.63
STORE_3,FOODS_1_007,2237,30.63
STORE_3,FOODS_1_007,2238,30.63
STORE_3,FOODS_1_007,2239,30.63
STORE_3,FOODS_1_007,2240,30.63
STORE_3,FOODS_1_007,2241,30.63
STORE_3,FOODS_1_007,2242,30.63
STORE_3,FOODS_1_007,2243,30.63
STORE_3,FOODS_1_007,2244,30.63
STORE_3,FOODS_1_007,2245,30.63
STORE_3,FOODS_1_007,2246,30.63
STORE_3,FOODS_1_007,2247,30.63
STORE_3,FOODS_1_007,2248,30.63
STORE_3,FOODS_1_007,2249,30.63
STORE_3,FOODS_1_007,2250,30.63
STORE_3,FOODS_1_007,2251,27.24
STORE_3,FOODS_1_007,2352,27.24
STORE_3,FOODS_1_007,2301,27.24
STORE_3,FOODS_1_007,2302,27.24
STORE_3,FOODS_1_007,2303,27.24
STORE_3,FOODS_1_007,2304,27.24
STORE_3,FOODS_1_007,2305,27.24
STORE_3,FOODS_1_007,2306,27.24
STORE_3,FOODS_1_007,2307,27.24
STORE_3,FOODS_1_007,2308,27.24
STORE_3,FOODS_1_007,2309,27.24
STORE_3,FOODS_1_007,2310,27.24
STORE_3,FOODS_1_007,2311,27.24
STORE_3,FOODS_1_007,2312,27.24
STORE_3,FOODS_1_007,2313,27.24
STORE_3,FOODS_1_007,2314,27.24
STORE_3,FOODS_1_007,2315,27.24
STORE_3,FOODS_1_007,2316,27.24
STORE_3,FOODS_1_007,2317,27.24
STORE_3,FOODS_1_007,2318,27.24
STORE_3,FOODS_1_007,2319,27.24
STORE_3,FOODS_1_007,2320,27.24
STORE_3,FOODS_1_007,2321,27.24
STORE_3,FOODS_1_007,2322,27.24
STORE_3,FOODS_1_007,2323,27.24
STORE_3,FOODS_1_007,2324,27.24
STORE_3,FOODS_1_007,2325,27.24
STORE_3,FOODS_1_007,2326,27.24
STORE_3,FOODS_1_007,2327,27.24
STORE_3,FOODS_1_007,2328,27.24
STORE_3,FOODS_1_007,2329,27.24
STORE_3,FOODS_1_007,2330,27.24
STORE_3,FOODS_1_007,2331,27.24
STORE_3,FOODS_1_007,2332,27.24
STORE_3,FOODS_1_007,2333,30.1
STORE_3,FOODS_1_007,2334,30.1
STORE_3,FOODS_1_007,2335,30.1
STORE_3,FOODS_1_007,2336,30.22
STORE_3,FOODS_1_007,2337,30.22
STORE_3,FOODS_1_007,2338,30.22
STORE_3,FOODS_1_007,2339,30.22
STORE_3,FOODS_1_007,2340,30.22
STORE_3,FOODS_1_007,2341,30.22
STORE_3,FOODS_1_007,2342,30.22
STORE_3,FOODS_1_007,2343,30.22
STORE_3,FOODS_1_007,2344,30.22
STORE_3,FOODS_1_007,2345,30.22
STORE_3,FOODS_1_007,2346,30.22
STORE_3,FOODS_1_007,2347,30.22
STORE_3,FOODS_1_007,2348,30.22
STORE_3,FOODS_1_007,2349,30.22
STORE_3,FOODS_1_007,2350,30.22
STORE_3,FOODS_1_007,2351,30.22
STORE_3,FOODS_1_007,2401,30.22
STORE_3,FOODS_1_007,2402,30.22
STORE_3,FOODS_1_007,2403,30.22
STORE_3,FOODS_1_007,2404,30.22
STORE_3,FOODS_1_007,2405,30.22
STORE_3,FOODS_1_007,2406,30.22
STORE_3,FOODS_1_007,2407,30.22
STORE_3,FOODS_1_007,2408,30.22
STORE_3,FOODS_1_007,2409,22.12
STORE_3,FOODS_1_007,2410,22.12
STORE_3,FOODS_1_007,2411,22.12
STORE_3,FOODS_1_007,2412,22.12
STORE_3,FOODS_1_007,2413,22.12
STORE_3,FOODS_1_007,2414,22.12
STORE_3,FOODS_1_007,2415,22.12
STORE_3,FOODS_1_007,2416,22.12
STORE_3,FOODS_1_007,2417,22.12
STORE_3,FOODS_1_007,2418,22.12
STORE_3,FOODS_1_007,2419,22.12
STORE_3,FOODS_1_007,2420,22.12
STORE_3,FOODS_1_007,2421,22.12
STORE_3,FOODS_1_007,2422,22.12
STORE_3,FOODS_1_007,2423,22.12
STORE_3,FOODS_1_007,2424,22.12
STORE_3,FOODS_1_007,2425,22.12
STORE_3,FOODS_1_007,2426,33.71
STORE_3,FOODS_1_007,2427,33.71
STORE_3,FOODS_1_007,2428,33.71
STORE_3,FOODS_1_007,2429,33.71
STORE_3,FOODS_1_007,2430,33.71
STORE_3,FOODS_1_007,2431,33.71
STORE_3,FOODS_1_007,2432,33.71
STORE_3,FOODS_1_007,2433,30.15
STORE_3,FOODS_1_007,2434,30.15
STORE_3,FOODS_1_007,2435,30.15
STORE_3,FOODS_1_007,2436,30.15
STORE_3,FOODS_1_007,2437,30.15
STORE_3,FOODS_1_007,2438,30.15
STORE_3,FOODS_1_007,2439,30.15
STORE_3,FOODS_1_007,2440,30.15
STORE_3,FOODS_1_007,2441,30.15
STORE_3,FOODS_1_007,2442,30.15
STORE_3,FOODS_1_007,2443,30.15
STORE_3,FOODS_1_007,2444,30.15
STORE_3,FOODS_1_007,2445,30.15
STORE_3,FOODS_1_007,2446,30.15
STORE_3,FOODS_1_007,2447,30.15
STORE_3,FOODS_1_007,2448,30.15
STORE_3,FOODS_1_007,2449,30.15
STORE_3,FOODS_1_007,2450,30.15
STORE_3,FOODS_1_007,2451,30.15
STORE_3,FOODS_1_007,2452,31.93
STORE_3,FOODS_1_007,2501,31.93
STORE_3,FOODS_1_007,2502,31.93
STORE_3,FOODS_1_007,2503,31.93
STORE_3,FOODS_1_007,2504,31.93
STORE_3,FOODS_1_007,2505,31.93
STORE_3,FOODS_1_008,2252,7.44
STORE_3,FOODS_1_008,2201,7.44
STORE_3,FOODS_1_008,2202,7.44
STORE_3,FOODS_1_008,2203,7.44
STORE_3,FOODS_1_008,2204,7.44
STORE_3,FOODS_1_008,2205,7.44
STORE_3,FOODS_1_008,2206,7.44
STORE_3,FOODS_1_008,2207,7.44
STORE_3,FOODS_1_008,2208,7.44
STORE_3,FOODS_1_008,2209,7.44
STORE_3,FOODS_1_008,2210,7.44
STORE_3,FOODS_1_008,2211,7.44
STORE_3,FOODS_1_008,2212,7.44
STORE_3,FOODS_1_008,2213,7.44
STORE_3,FOODS_1_008,2214,7.44
STORE_3,FOODS_1_008,2215,7.44
STORE_3,FOODS_1_008,2216,7.44
STORE_3,FOODS_1_008,2217,7.44
STORE_3,FOODS_1_008,2218,7.44
STORE_3,FOODS_1_008,2219,7.18
STORE_3,FOODS_1_008,2220,7.18
STORE_3,FOODS_1_008,2221,7.18
STORE_3,FOODS_1_008,2222,7.18
STORE_3,FOODS_1_008,2223,7.18
STORE_3,FOODS_1_008,2224,7.18
STORE_3,FOODS_1_008,2225,7.18
STORE_3,FOODS_1_008,2226,7.18
STORE_3,FOODS_1_008,2227,7.18
STORE_3,FOODS_1_008,2228,7.18
STORE_3,FOODS_1_008,2229,7.18
STORE_3,FOODS_1_008,2230,7.18
STORE_3,FOODS_1_008,2231,7.18
STORE_3,FOODS_1_008,2232,7.18
STORE_3,FOODS_1_008,2233,7.18
STORE_3,FOODS_1_008,2234,7.18
STORE_3,FOODS_1_008,2235,7.18
STORE_3,FOODS_1_008,2236,7.18
STORE_3,FOODS_1_008,2237,7.18
STORE_3,FOODS_1_008,2238,7.18
STORE_3,FOODS_1_008,2239,6.88
STORE_3,FOODS_1_008,2240,6.88
STORE_3,FOODS_1_008,2241,6.88
STORE_3,FOODS_1_008,2242,6.88
STORE_3,FOODS_1_008,2243,6.88
STORE_3,FOODS_1_008,2244,6.88
STORE_3,FOODS_1_008,2245,6.88
STORE_3,FOODS_1_008,2246,6.88
STORE_3,FOODS_1_008,2247,6.88
STORE_3,FOODS_1_008,2248,6.88
STORE_3,FOODS_1_008,2249,6.88
STORE_3,FOODS_1_008,2250,6.88
STORE_3,FOODS_1_008,2251,6.88
STORE_3,FOODS_1_008,2352,6.88
STORE_3,FOODS_1_008,2301,6.88
STORE_3,FOODS_1_008,2302,6.88
STORE_3,FOODS_1_008,2303,6.88
STORE_3,FOODS_1_008,2304,6.88
STORE_3,FOODS_1_008,2305,6.88
STORE_3,FOODS_1_008,2306,6.88
STORE_3,FOODS_1_008,2307,6.88
STORE_3,FOODS_1_008,2308,6.88
STORE_3,FOODS_1_008,2309,6.39
STORE_3,FOODS_1_008,2310,6.39
STORE_3,FOODS_1_008,2311,6.39
STORE_3,FOODS_1_008,2312,6.39
STORE_3,FOODS_1_008,2313,6.39
STORE_3,FOODS_1_008,2314,6.39
STORE_3,FOODS_1_008,2315,6.39
STORE_3,FOODS_1_008,2316,6.39
STORE_3,FOODS_1_008,2317,6.39
STORE_3,FOODS_1_008,2318,6.39
STORE_3,FOODS_1_008,2319,6.39
STORE_3,FOODS_1_008,2320,6.39
STORE_3,FOODS_1_008,2321,6.39
STORE_3,FOODS_1_008,2322,6.39
STORE_3,FOODS_1_008,2323,6.39
STORE_3,FOODS_1_008,2324,6.39
STORE_3,FOODS_1_008,2325,6.39
STORE_3,FOODS_1_008,2326,6.39
STORE_3,FOODS_1_008,2327,6.39
STORE_3,FOODS_1_008,2328,6.39
STORE_3,FOODS_1_008,2329,6.39
STORE_3,FOODS_1_008,2330,6.39
STORE_3,FOODS_1_008,2331,6.39
STORE_3,FOODS_1_008,2332,6.39
STORE_3,FOODS_1_008,2333,5.96
STORE_3,FOODS_1_008,2334,5.96
STORE_3,FOODS_1_008,2335,5.96
STORE_3,FOODS_1_008,2336,5.96
STORE_3,FOODS_1_008,2337,5.96
STORE_3,FOODS_1_008,2338,5.96
STORE_3,FOODS_1_008,2339,5.96
STORE_3,FOODS_1_008,2340,5.96
STORE_3,FOODS_1_008,2341,5.96
STORE_3,FOODS_1_008,2342,5.96
STORE_3,FOODS_1_008,2343,5.96
STORE_3,FOODS_1_008,2344,5.96
STORE_3,FOODS_1_008,2345,5.96
STORE_3,FOODS_1_008,2346,5.96
STORE_3,FOODS_1_008,2347,5.96
STORE_3,FOODS_1_008,2348,5.96
STORE_3,FOODS_1_008,2349,5.96
STORE_3,FOODS_1_008,2350,5.96
STORE_3,FOODS_1_008,2351,5.96
STORE_3,FOODS_1_008,2401,5.96
STORE_3,FOODS_1_008,2402,5.96
STORE_3,FOODS_1_008,2403,5.96
STORE_3,FOODS_1_008,2404,5.96
STORE_3,FOODS_1_008,2405,5.96
STORE_3,FOODS_1_008,2406,5.96
STORE_3,FOODS_1_008,2407,5.96
STORE_3,FOODS_1_008,2408,5.96
STORE_3,FOODS_1_008,2409,5.96
STORE_3,FOODS_1_008,2410,5.96
STORE_3,FOODS_1_008,2411,5.96
STORE_3,FOODS_1_008,2412,5.96
STORE_3,FOODS_1_008,2413,5.96
STORE_3,FOODS_1_008,2414,5.96
STORE_3,FOODS_1_008,2415,5.96
STORE_3,FOODS_1_008,2416,5.96
STORE_3,FOODS_1_008,2417,5.96
STORE_3,FOODS_1_008,2418,5.96
STORE_3,FOODS_1_008,2419,5.96
STORE_3,FOODS_1_008,2420,5.96
STORE_3,FOODS_1_008,2421,5.96
STORE_3,FOODS_1_008,2422,5.96
STORE_3,FOODS_1_008,2423,5.96
STORE_3,FOODS_1_008,2424,5.96
STORE_3,FOODS_1_008,2425,5.96
STORE_3,FOODS_1_008,2426,5.96
STORE_3,FOODS_1_008,2427,5.96
STORE_3,FOODS_1_008,2428,5.96
STORE_3,FOODS_1_008,2429,5.96
STORE_3,FOODS_1_008,2430,5.96
STORE_3,FOODS_1_008,2431,5.96
STORE_3,FOODS_1_008,2432,5.96
STORE_3,FOODS_1_008,2433,5.96
STORE_3,FOODS_1_008,2434,5.96
STORE_3,FOODS_1_008,2435,5.96
STORE_3,FOODS_1_008,2436,5.96
STORE_3,FOODS_1_008,2437,5.96
STORE_3,FOODS_1_008,2438,5.96
STORE_3,FOODS_1_008,2439,5.96
STORE_3,FOODS_1_008,2440,5.96
STORE_3,FOODS_1_008,2441,5.96
STORE_3,FOODS_1_008,2442,5.96
STORE_3,FOODS_1_008,2443,5.96
STORE_3,FOODS_1_008,2444,5.96
STORE_3,FOODS_1_008,2445,5.96
STORE_3,FOODS_1_008,2446,5.96
STORE_3,FOODS_1_008,2447,5.96
STORE_3,FOODS_1_008,2448,5.96
STORE_3,FOODS_1_008,2449,5.96
STORE_3,FOODS_1_008,2450,5.96
STORE_3,FOODS_1_008,2451,5.96
STORE_3,FOODS_1_008,2452,5.96
STORE_3,FOODS_1_008,2501,5.96
STORE_3,FOODS_1_008,2502,5.96
STORE_3,FOODS_1_008,2503,5.96
STORE_3,FOODS_1_008,2504,5.96
STORE_3,FOODS_1_008,2505,5.96
STORE_3,FOODS_2_001,2252,52.78
STORE_3,FOODS_2_001,2201,52.78
STORE_3,FOODS_2_001,2202,52.78
STORE_3,FOODS_2_001,2203,52.78
STORE_3,FOODS_2_001,2204,52.78
STORE_3,FOODS_2_001,2205,52.78
STORE_3,FOODS_2_001,2206,56.86
STORE_3,FOODS_2_001,2207,56.86
STORE_3,FOODS_2_001,2208,56.86
STORE_3,FOODS_2_001,2209,56.86
STORE_3,FOODS_2_001,2210,56.86
STORE_3,FOODS_2_001,2211,56.86
STORE_3,FOODS_2_001,2212,56.86
STORE_3,FOODS_2_001,2213,56.86
STORE_3,FOODS_2_001,2214,56.86
STORE_3,FOODS_2_001,2215,56.86
STORE_3,FOODS_2_001,2216,56.86
STORE_3,FOODS_2_001,2217,56.86
STORE_3,FOODS_2_001,2218,56.86
STORE_3,FOODS_2_001,2219,56.86
STORE_3,FOODS_2_001,2220,46.9
STORE_3,FOODS_2_001,2221,46.9
STORE_3,FOODS_2_001,2222,46.9
STORE_3,FOODS_2_001,2223,46.9
STORE_3,FOODS_2_001,2224,46.9
STORE_3,FOODS_2_001,2225,46.9
STORE_3,FOODS_2_001,2226,46.9
STORE_3,FOODS_2_001,2227,46.9
STORE_3,FOODS_2_001,2228,46.9
STORE_3,FOODS_2_001,2229,46.9
STORE_3,FOODS_2_001,2230,46.9
STORE_3,FOODS_2_001,2231,46.9
STORE_3,FOODS_2_001,2232,46.9
STORE_3,FOODS_2_001,2233,53.92
STORE_3,FOODS_2_001,2234,53.92
STORE_3,FOODS_2_001,2235,53.92
STORE_3,FOODS_2_001,2236,53.92
STORE_3,FOODS_2_001,2237,53.92
STORE_3,FOODS_2_001,2238,53.92
STORE_3,FOODS_2_001,2239,53.92
STORE_3,FOODS_2_001,2240,53.92
STORE_3,FOODS_2_001,2241,53.92
STORE_3,FOODS_2_001,2242,53.92
STORE_3,FOODS_2_001,2243,50.77
STORE_3,FOODS_2_001,2244,50.77
STORE_3,FOODS_2_001,2245,50.77
STORE_3,FOODS_2_001,2246,50.77
STORE_3,FOODS_2_001,2247,50.77
STORE_3,FOODS_2_001,2248,50.77
STORE_3,FOODS_2_001,2249,50.77
STORE_3,FOODS_2_001,2250,50.77
STORE_3,FOODS_2_001,2251,46.37
STORE_3,FOODS_2_001,2352,46.37
STORE_3,FOODS_2_001,2301,46.37
STORE_3,FOODS_2_001,2302,46.37
STORE_3,FOODS_2_001,2303,46.37
STORE_3,FOODS_2_001,2304,46.37
STORE_3,FOODS_2_001,2305,46.37
STORE_3,FOODS_2_001,2306,46.37
STORE_3,FOODS_2_001,2307,46.37
STORE_3,FOODS_2_001,2308,46.37
STORE_3,FOODS_2_001,2309,46.37
STORE_3,FOODS_2_001,2310,46.37
STORE_3,FOODS_2_001,2311,46.37
STORE_3,FOODS_2_001,2312,40.58
STORE_3,FOODS_2_001,2313,40.58
STORE_3,FOODS_2_001,2314,40.58
STORE_3,FOODS_2_001,2315,40.58
STORE_3,FOODS_2_001,2316,40.58
STORE_3,FOODS_2_001,2317,40.07
STORE_3,FOODS_2_001,2318,40.07
STORE_3,FOODS_2_001,2319,40.07
STORE_3,FOODS_2_001,2320,40.07
STORE_3,FOODS_2_001,2321,40.07
STORE_3,FOODS_2_001,2322,40.07
STORE_3,FOODS_2_001,2323,40.07
STORE_3,FOODS_2_001,2324,40.07
STORE_3,FOODS_2_001,2325,40.07
STORE_3,FOODS_2_001,2326,40.07
STORE_3,FOODS_2_001,2327,40.07
STORE_3,FOODS_2_001,2328,40.07
STORE_3,FOODS_2_001,2329,40.07
STORE_3,FOODS_2_001,2330,40.07
STORE_3,FOODS_2_001,2331,57.58
STORE_3,FOODS_2_001,2332,57.58
STORE_3,FOODS_2_001,2333,57.58
STORE_3,FOODS_2_001,2334,57.58
STORE_3,FOODS_2_001,2335,57.58
STORE_3,FOODS_2_001,2336,57.58
STORE_3,FOODS_2_001,2337,57.58
STORE_3,FOODS_2_001,2338,57.58
STORE_3,FOODS_2_001,2339,57.58
STORE_3,FOODS_2_001,2340,57.58
STORE_3,FOODS_2_001,2341,57.58
STORE_3,FOODS_2_001,2342,57.58
STORE_3,FOODS_2_001,2343,57.58
STORE_3,FOODS_2_001,2344,57.58
STORE_3,FOODS_2_001,2345,57.58
STORE_3,FOODS_2_001,2346,57.58
STORE_3,FOODS_2_001,2347,57.58
STORE_3,FOODS_2_001,2348,57.58
STORE_3,FOODS_2_001,2349,57.58
STORE_3,FOODS_2_001,2350,57.58
STORE_3,FOODS_2_001,2351,57.58
STORE_3,FOODS_2_001,2401,57.58
STORE_3,FOODS_2_001,2402,57.58
STORE_3,FOODS_2_001,2403,57.58
STORE_3,FOODS_2_001,2404,57.58
STORE_3,FOODS_2_001,2405,57.58
STORE_3,FOODS_2_001,2406,57.58
STORE_3,FOODS_2_001,2407,57.58
STORE_3,FOODS_2_001,2408,57.58
STORE_3,FOODS_2_001,2409,57.58
STORE_3,FOODS_2_001,2410,57.58
STORE_3,FOODS_2_001,2411,57.58
STORE_3,FOODS_2_001,2412,57.58
STORE_3,FOODS_2_001,2413,57.58
STORE_3,FOODS_2_001,2414,58.86
STORE_3,FOODS_2_001,2415,44.16
STORE_3,FOODS_2_001,2416,44.16
STORE_3,FOODS_2_001,2417,44.16
STORE_3,FOODS_2_001,2418,44.16
STORE_3,FOODS_2_001,2419,44.16
STORE_3,FOODS_2_001,2420,44.16
STORE_3,FOODS_2_001,2421,44.16
STORE_3,FOODS_2_001,2422,44.16
STORE_3,FOODS_2_001,2423,44.16
STORE_3,FOODS_2_001,2424,44.16
STORE_3,FOODS_2_001,2425,44.16
STORE_3,FOODS_2_001,2426,44.16
STORE_3,FOODS_2_001,2427,44.16
STORE_3,FOODS_2_001,2428,44.16
STORE_3,FOODS_2_001,2429,44.16
STORE_3,FOODS_2_001,2430,44.16
STORE_3,FOODS_2_001,2431,44.16
STORE_3,FOODS_2_001,2432,44.16
STORE_3,FOODS_2_001,2433,44.16
STORE_3,FOODS_2_001,2434,44.16
STORE_3,FOODS_2_001,2435,44.16
STORE_3,FOODS_2_001,2436,44.16
STORE_3,FOODS_2_001,2437,44.16
STORE_3,FOODS_2_001,2438,54.65
STORE_3,FOODS_2_001,2439,54.65
STORE_3,FOODS_2_001,2440,54.65
STORE_3,FOODS_2_001,2441,44.44
STORE_3,FOODS_2_001,2442,44.44
STORE_3,FOODS_2_001,2443,44.44
STORE_3,FOODS_2_001,2444,44.44
STORE_3,FOODS_2_001,2445,44.44
STORE_3,FOODS_2_001,2446,44.44
STORE_3,FOODS_2_001,2447,44.44
STORE_3,FOODS_2_001,2448,44.44
STORE_3,FOODS_2_001,2449,44.44
STORE_3,FOODS_2_001,2450,44.44
STORE_3,FOODS_2_001,2451,44.44
STORE_3,FOODS_2_001,2452,44.44
STORE_3,FOODS_2_001,2501,44.44
STORE_3,FOODS_2_001,2502,44.44
STORE_3,FOODS_2_001,2503,44.44
STORE_3,FOODS_2_001,2504,44.44
STORE_3,FOODS_2_001,2505,44.44
STORE_3,FOODS_2_002,2252,47.69
STORE_3,FOODS_2_002,2201,47.69
STORE_3,FOODS_2_002,2202,47.69
STORE_3,FOODS_2_002,2203,47.69
STORE_3,FOODS_2_002,2204,47.69
STORE_3,FOODS_2_002,2205,47.69
STORE_3,FOODS_2_002,2206,47.69
STORE_3,FOODS_2_002,2207,52.03
STORE_3,FOODS_2_002,2208,52.03
STORE_3,FOODS_2_002,2209,52.03
STORE_3,FOODS_2_002,2210,52.03
STORE_3,FOODS_2_002,2211,52.03
STORE_3,FOODS_2_002,2212,52.03
STORE_3,FOODS_2_002,2213,52.03
STORE_3,FOODS_2_002,2214,52.03
STORE_3,FOODS_2_002,2215,52.03
STORE_3,FOODS_2_002,2216,52.03
STORE_3,FOODS_2_002,2217,52.03
STORE_3,FOODS_2_002,2218,52.03
STORE_3,FOODS_2_002,2219,52.03
STORE_3,FOODS_2_002,2220,52.03
STORE_3,FOODS_2_002,2221,52.03
STORE_3,FOODS_2_002,2222,52.03
STORE_3,FOODS_2_002,2223,52.03
STORE_3,FOODS_2_002,2224,52.03
STORE_3,FOODS_2_002,2225,52.03
STORE_3,FOODS_2_002,2226,52.03
STORE_3,FOODS_2_002,2227,52.03
STORE_3,FOODS_2_002,2228,52.03
STORE_3,FOODS_2_002,2229,52.03
STORE_3,FOODS_2_002,2230,52.03
STORE_3,FOODS_2_002,2231,52.03
STORE_3,FOODS_2_002,2232,52.03
STORE_3,FOODS_2_002,2233,52.03
STORE_3,FOODS_2_002,2234,52.03
STORE_3,FOODS_2_002,2235,52.03
STORE_3,FOODS_2_002,2236,52.03
STORE_3,FOODS_2_002,2237,52.03
STORE_3,FOODS_2_002,2238,52.03
STORE_3,FOODS_2_002,2239,52.03
STORE_3,FOODS_2_002,2240,52.03
STORE_3,FOODS_2_002,2241,52.03
STORE_3,FOODS_2_002,2242,52.03
STORE_3,FOODS_2_002,2243,52.03
STORE_3,FOODS_2_002,2244,52.03
STORE_3,FOODS_2_002,2245,52.03
STORE_3,FOODS_2_002,2246,52.03
STORE_3,FOODS_2_002,2247,52.03
STORE_3,FOODS_2_002,2248,52.03
STORE_3,FOODS_2_002,2249,52.03
STORE_3,FOODS_2_002,2250,52.03
STORE_3,FOODS_2_002,2251,52.03
STORE_3,FOODS_2_002,2352,52.03
STORE_3,FOODS_2_002,2301,52.03
STORE_3,FOODS_2_002,2302,52.03
STORE_3,FOODS_2_002,2303,52.03
STORE_3,FOODS_2_002,2304,52.03
STORE_3,FOODS_2_002,2305,52.03
STORE_3,FOODS_2_002,2306,52.03
STORE_3,FOODS_2_002,2307,52.18
STORE_3,FOODS_2_002,2308,52.18
STORE_3,FOODS_2_002,2309,52.18
STORE_3,FOODS_2_002,2310,52.18
STORE_3,FOODS_2_002,2311,52.18
STORE_3,FOODS_2_002,2312,52.18
STORE_3,FOODS_2_002,2313,38.71
STORE_3,FOODS_2_002,2314,38.71
STORE_3,FOODS_2_002,2315,38.71
STORE_3,FOODS_2_002,2316,38.71
STORE_3,FOODS_2_002,2317,38.71
STORE_3,FOODS_2_002,2318,38.71
STORE_3,FOODS_2_002,2319,38.71
STORE_3,FOODS_2_002,2320,38.71
STORE_3,FOODS_2_002,2321,38.71
STORE_3,FOODS_2_002,2322,38.71
STORE_3,FOODS_2_002,2323,38.71
STORE_3,FOODS_2_002,2324,38.71
STORE_3,FOODS_2_002,2325,38.71
STORE_3,FOODS_2_002,2326,38.71
STORE_3,FOODS_2_002,2327,38.71
STORE_3,FOODS_2_002,2328,38.71
STORE_3,FOODS_2_002,2329,38.71
STORE_3,FOODS_2_002,2330,38.71
STORE_3,FOODS_2_002,2331,38.71
STORE_3,FOODS_2_002,2332,38.71
STORE_3,FOODS_2_002,2333,38.71
STORE_3,FOODS_2_002,2334,38.71
STORE_3,FOODS_2_002,2335,38.71
STORE_3,FOODS_2_002,2336,38.71
STORE_3,FOODS_2_002,2337,38.71
STORE_3,FOODS_2_002,2338,38.71
STORE_3,FOODS_2_002,2339,38.71
STORE_3,FOODS_2_002,2340,38.71
STORE_3,FOODS_2_002,2341,38.71
STORE_3,FOODS_2_002,2342,38.71
STORE_3,FOODS_2_002,2343,38.71
STORE_3,FOODS_2_002,2344,38.71
STORE_3,FOODS_2_002,2345,38.71
STORE_3,FOODS_2_002,2346,38.71
STORE_3,FOODS_2_002,2347,38.71
STORE_3,FOODS_2_002,2348,38.71
STORE_3,FOODS_2_002,2349,38.71
STORE_3,FOODS_2_002,2350,38.71
STORE_3,FOODS_2_002,2351,38.71
STORE_3,FOODS_2_002,2401,38.71
STORE_3,FOODS_2_002,2402,38.71
STORE_3,FOODS_2_002,2403,38.71
STORE_3,FOODS_2_002,2404,38.71
STORE_3,FOODS_2_002,2405,38.71
STORE_3,FOODS_2_002,2406,38.71
STORE_3,FOODS_2_002,2407,38.71
STORE_3,FOODS_2_002,2408,38.71
STORE_3,FOODS_2_002,2409,38.71
STORE_3,FOODS_2_002,2410,38.71
STORE_3,FOODS_2_002,2411,38.71
STORE_3,FOODS_2_002,2412,38.71
STORE_3,FOODS_2_002,2413,38.71
STORE_3,FOODS_2_002,2414,38.71
STORE_3,FOODS_2_002,2415,38.71
STORE_3,FOODS_2_002,2416,38.71
STORE_3,FOODS_2_002,2417,38.71
STORE_3,FOODS_2_002,2418,38.71
STORE_3,FOODS_2_002,2419,38.71
STORE_3,FOODS_2_002,2420,38.71
STORE_3,FOODS_2_002,2421,38.71
STORE_3,FOODS_2_002,2422,38.71
STORE_3,FOODS_2_002,2423,38.71
STORE_3,FOODS_2_002,2424,38.71
STORE_3,FOODS_2_002,2425,38.71
STORE_3,FOODS_2_002,2426,38.71
STORE_3,FOODS_2_002,2427,38.71
STORE_3,FOODS_2_002,2428,38.71
STORE_3,FOODS_2_002,2429,38.71
STORE_3,FOODS_2_002,2430,38.71
STORE_3,FOODS_2_002,2431,38.71
STORE_3,FOODS_2_002,2432,38.71
STORE_3,FOODS_2_002,2433,38.71
STORE_3,FOODS_2_002,2434,38.71
STORE_3,FOODS_2_002,2435,38.71
STORE_3,FOODS_2_002,2436,38.71
STORE_3,FOODS_2_002,2437,38.72
STORE_3,FOODS_2_002,2438,38.72
STORE_3,FOODS_2_002,2439,38.72
STORE_3,FOODS_2_002,2440,38.72
STORE_3,FOODS_2_002,2441,38.72
STORE_3,FOODS_2_002,2442,45.0
STORE_3,FOODS_2_002,2443,45.0
STORE_3,FOODS_2_002,2444,45.0
STORE_3,FOODS_2_002,2445,45.0
STORE_3,FOODS_2_002,2446,45.0
STORE_3,FOODS_2_002,2447,45.0
STORE_3,FOODS_2_002,2448,45.0
STORE_3,FOODS_2_002,2449,45.0
STORE_3,FOODS_2_002,2450,45.0
STORE_3,FOODS_2_002,2451,45.0
STORE_3,FOODS_2_002,2452,45.0
STORE_3,FOODS_2_002,2501,45.0
STORE_3,FOODS_2_002,2502,45.0
STORE_3,FOODS_2_002,2503,45.0
STORE_3,FOODS_2_002,2504,45.0
STORE_3,FOODS_2_002,2505,45.0
STORE_3,FOODS_2_003,2252,58.84
STORE_3,FOODS_2_003,2201,60.94
STORE_3,FOODS_2_003,2202,60.94
STORE_3,FOODS_2_003,2203,60.94
STORE_3,FOODS_2_003,2204,60.94
STORE_3,FOODS_2_003,2205,60.94
STORE_3,FOODS_2_003,2206,60.94
STORE_3,FOODS_2_003,2207,60.94
STORE_3,FOODS_2_003,2208,60.94
STORE_3,FOODS_2_003,2209,60.94
STORE_3,FOODS_2_003,2210,60.94
STORE_3,FOODS_2_003,2211,60.94
STORE_3,FOODS_2_003,2212,60.94
STORE_3,FOODS_2_003,2213,60.94
STORE_3,FOODS_2_003,2214,60.94
STORE_3,FOODS_2_003,2215,60.94
STORE_3,FOODS_2_003,2216,65.12
STORE_3,FOODS_2_003,2217,65.12
STORE_3,FOODS_2_003,2218,45.47
STORE_3,FOODS_2_003,2219,45.47
STORE_3,FOODS_2_003,2220,55.17
STORE_3,FOODS_2_003,2221,55.17
STORE_3,FOODS_2_003,2222,55.17
STORE_3,FOODS_2_003,2223,55.17
STORE_3,FOODS_2_003,2224,55.17
STORE_3,FOODS_2_003,2225,55.17
STORE_3,FOODS_2_003,2226,55.17
STORE_3,FOODS_2_003,2227,55.17
STORE_3,FOODS_2_003,2228,55.17
STORE_3,FOODS_2_003,2229,55.17
STORE_3,FOODS_2_003,2230,55.17
STORE_3,FOODS_2_003,2231,55.17
STORE_3,FOODS_2_003,2232,55.17
STORE_3,FOODS_2_003,2233,55.17
STORE_3,FOODS_2_003,2234,55.17
STORE_3,FOODS_2_003,2235,55.17
STORE_3,FOODS_2_003,2236,55.17
STORE_3,FOODS_2_003,2237,55.17
STORE_3,FOODS_2_003,2238,55.17
STORE_3,FOODS_2_003,2239,55.17
STORE_3,FOODS_2_003,2240,55.17
STORE_3,FOODS_2_003,2241,55.17
STORE_3,FOODS_2_003,2242,55.17
STORE_3,FOODS_2_003,2243,55.17
STORE_3,FOODS_2_003,2244,55.17
STORE_3,FOODS_2_003,2245,55.17
STORE_3,FOODS_2_003,2246,55.17
STORE_3,FOODS_2_003,2247,67.65
STORE_3,FOODS_2_003,2248,67.65
STORE_3,FOODS_2_003,2249,67.65
STORE_3,FOODS_2_003,2250,67.65
STORE_3,FOODS_2_003,2251,67.65
STORE_3,FOODS_2_003,2352,67.65
STORE_3,FOODS_2_003,2301,67.65
STORE_3,FOODS_2_003,2302,67.65
STORE_3,FOODS_2_003,2303,67.65
STORE_3,FOODS_2_003,2304,67.65
STORE_3,FOODS_2_003,2305,67.65
STORE_3,FOODS_2_003,2306,67.65
STORE_3,FOODS_2_003,2307,67.65
STORE_3,FOODS_2_003,2308,67.65
STORE_3,FOODS_2_003,2309,67.65
STORE_3,FOODS_2_003,2310,67.65
STORE_3,FOODS_2_003,2311,67.65
STORE_3,FOODS_2_003,2312,67.65
STORE_3,FOODS_2_003,2313,67.65
STORE_3,FOODS_2_003,2314,67.65
STORE_3,FOODS_2_003,2315,67.65
STORE_3,FOODS_2_003,2316,67.65
STORE_3,FOODS_2_003,2317,67.65
STORE_3,FOODS_2_003,2318,67.65
STORE_3,FOODS_2_003,2319,67.65
STORE_3,FOODS_2_003,2320,67.65
STORE_3,FOODS_2_003,2321,67.65
STORE_3,FOODS_2_003,2322,67.65
STORE_3,FOODS_2_003,2323,67.65
STORE_3,FOODS_2_003,2324,67.65
STORE_3,FOODS_2_003,2325,67.65
STORE_3,FOODS_2_003,2326,67.65
STORE_3,FOODS_2_003,2327,67.65
STORE_3,FOODS_2_003,2328,45.32
STORE_3,FOODS_2_003,2329,45.32
STORE_3,FOODS_2_003,2330,45.32
STORE_3,FOODS_2_003,2331,45.32
STORE_3,FOODS_2_003,2332,45.32
STORE_3,FOODS_2_003,2333,45.32
STORE_3,FOODS_2_003,2334,45.32
STORE_3,FOODS_2_003,2335,45.32
STORE_3,FOODS_2_003,2336,45.32
STORE_3,FOODS_2_003,2337,45.32
STORE_3,FOODS_2_003,2338,45.32
STORE_3,FOODS_2_003,2339,45.32
STORE_3,FOODS_2_003,2340,45.32
STORE_3,FOODS_2_003,2341,45.32
STORE_3,FOODS_2_003,2342,45.32
STORE_3,FOODS_2_003,2343,45.32
STORE_3,FOODS_2_003,2344,45.32
STORE_3,FOODS_2_003,2345,45.32
STORE_3,FOODS_2_003,2346,45.32
STORE_3,FOODS_2_003,2347,59.93
STORE_3,FOODS_2_003,2348,59.93
STORE_3,FOODS_2_003,2349,59.93
STORE_3,FOODS_2_003,2350,59.93
STORE_3,FOODS_2_003,2351,53.85
STORE_3,FOODS_2_003,2401,53.85
STORE_3,FOODS_2_003,2402,53.85
STORE_3,FOODS_2_003,2403,53.85
STORE_3,FOODS_2_003,2404,53.85
STORE_3,FOODS_2_003,2405,53.85
STORE_3,FOODS_2_003,2406,53.85
STORE_3,FOODS_2_003,2407,53.85
STORE_3,FOODS_2_003,2408,53.85
STORE_3,FOODS_2_003,2409,53.85
STORE_3,FOODS_2_003,2410,53.85
STORE_3,FOODS_2_003,2411,53.85
STORE_3,FOODS_2_003,2412,53.85
STORE_3,FOODS_2_003,2413,53.85
STORE_3,FOODS_2_003,2414,53.85
STORE_3,FOODS_2_003,2415,53.85
STORE_3,FOODS_2_003,2416,53.85
STORE_3,FOODS_2_003,2417,53.85
STORE_3,FOODS_2_003,2418,53.85
STORE_3,FOODS_2_003,2419,53.85
STORE_3,FOODS_2_003,2420,53.85
STORE_3,FOODS_2_003,2421,53.85
STORE_3,FOODS_2_003,2422,53.85
STORE_3,FOODS_2_003,2423,53.85
STORE_3,FOODS_2_003,2424,53.85
STORE_3,FOODS_2_003,2425,53.85
STORE_3,FOODS_2_003,2426,53.85
STORE_3,FOODS_2_003,2427,53.85
STORE_3,FOODS_2_003,2428,53.85
STORE_3,FOODS_2_003,2429,53.85
STORE_3,FOODS_2_003,2430,53.85
STORE_3,FOODS_2_003,2431,53.85
STORE_3,FOODS_2_003,2432,53.85
STORE_3,FOODS_2_003,2433,53.85
STORE_3,FOODS_2_003,2434,53.85
STORE_3,FOODS_2_003,2435,53.85
STORE_3,FOODS_2_003,2436,53.85
STORE_3,FOODS_2_003,2437,53.85
STORE_3,FOODS_2_003,2438,53.85
STORE_3,FOODS_2_003,2439,53.85
STORE_3,FOODS_2_003,2440,53.85
STORE_3,FOODS_2_003,2441,53.85
STORE_3,FOODS_2_003,2442,53.85
STORE_3,FOODS_2_003,2443,53.85
STORE_3,FOODS_2_003,2444,53.85
STORE_3,FOODS_2_003,2445,53.85
STORE_3,FOODS_2_003,2446,53.85
STORE_3,FOODS_2_003,2447,45.84
STORE_3,FOODS_2_003,2448,45.84
STORE_3,FOODS_2_003,2449,45.84
STORE_3,FOODS_2_003,2450,45.84
STORE_3,FOODS_2_003,2451,45.84
STORE_3,FOODS_2_003,2452,45.84
STORE_3,FOODS_2_003,2501,45.84
STORE_3,FOODS_2_003,2502,45.84
STORE_3,FOODS_2_003,2503,45.84
STORE_3,FOODS_2_003,2504,45.84
STORE_3,FOODS_2_003,2505,45.84
STORE_3,FOODS_2_004,2252,19.48
STORE_3,FOODS_2_004,2201,19.48
STORE_3,FOODS_2_004,2202,19.36
STORE_3,FOODS_2_004,2203,19.36
STORE_3,FOODS_2_004,2204,19.36
STORE_3,FOODS_2_004,2205,19.36
STORE_3,FOODS_2_004,2206,19.36
STORE_3,FOODS_2_004,2207,19.36
STORE_3,FOODS_2_004,2208,19.36
STORE_3,FOODS_2_004,2209,19.36
STORE_3,FOODS_2_004,2210,19.36
STORE_3,FOODS_2_004,2211,19.36
STORE_3,FOODS_2_004,2212,19.36
STORE_3,FOODS_2_004,2213,19.36
STORE_3,FOODS_2_004,2214,19.36
STORE_3,FOODS_2_004,2215,19.36
STORE_3,FOODS_2_004,2216,19.36
STORE_3,FOODS_2_004,2217,19.36
STORE_3,FOODS_2_004,2218,20.34
STORE_3,FOODS_2_004,2219,20.34
STORE_3,FOODS_2_004,2220,20.34
STORE_3,FOODS_2_004,2221,20.34
STORE_3,FOODS_2_004,2222,20.34
STORE_3,FOODS_2_004,2223,20.34
STORE_3,FOODS_2_004,2224,20.34
STORE_3,FOODS_2_004,2225,20.34
STORE_3,FOODS_2_004,2226,20.34
STORE_3,FOODS_2_004,2227,20.34
STORE_3,FOODS_2_004,2228,20.34
STORE_3,FOODS_2_004,2229,20.34
STORE_3,FOODS_2_004,2230,20.34
STORE_3,FOODS_2_004,2231,20.34
STORE_3,FOODS_2_004,2232,20.34
STORE_3,FOODS_2_004,2233,20.34
STORE_3,FOODS_2_004,2234,20.34
STORE_3,FOODS_2_004,2235,20.34
STORE_3,FOODS_2_004,2236,20.34
STORE_3,FOODS_2_004,2237,20.34
STORE_3,FOODS_2_004,2238,20.34
STORE_3,FOODS_2_004,2239,20.37
STORE_3,FOODS_2_004,2240,20.37
STORE_3,FOODS_2_004,2241,20.37
STORE_3,FOODS_2_004,2242,20.37
STORE_3,FOODS_2_004,2243,20.37
STORE_3,FOODS_2_004,2244,20.37
STORE_3,FOODS_2_004,2245,20.37
STORE_3,FOODS_2_004,2246,20.37
STORE_3,FOODS_2_004,2247,20.37
STORE_3,FOODS_2_004,2248,20.37
STORE_3,FOODS_2_004,2249,20.37
STORE_3,FOODS_2_004,2250,20.37
STORE_3,FOODS_2_004,2251,20.37
STORE_3,FOODS_2_004,2352,20.37
STORE_3,FOODS_2_004,2301,20.37
STORE_3,FOODS_2_004,2302,20.37
STORE_3,FOODS_2_004,2303,20.37
STORE_3,FOODS_2_004,2304,20.37
STORE_3,FOODS_2_004,2305,15.95
STORE_3,FOODS_2_004,2306,15.95
STORE_3,FOODS_2_004,2307,15.95
STORE_3,FOODS_2_004,2308,15.95
STORE_3,FOODS_2_004,2309,15.87
STORE_3,FOODS_2_004,2310,15.87
STORE_3,FOODS_2_004,2311,15.87
STORE_3,FOODS_2_004,2312,15.87
STORE_3,FOODS_2_004,2313,15.87
STORE_3,FOODS_2_004,2314,15.87
STORE_3,FOODS_2_004,2315,15.87
STORE_3,FOODS_2_004,2316,15.87
STORE_3,FOODS_2_004,2317,15.87
STORE_3,FOODS_2_004,2318,15.87
STORE_3,FOODS_2_004,2319,15.87
STORE_3,FOODS_2_004,2320,15.87
STORE_3,FOODS_2_004,2321,15.87
STORE_3,FOODS_2_004,2322,15.87
STORE_3,FOODS_2_004,2323,15.87
STORE_3,FOODS_2_004,2324,15.87
STORE_3,FOODS_2_004,2325,15.87
STORE_3,FOODS_2_004,2326,15.87
STORE_3,FOODS_2_004,2327,15.87
STORE_3,FOODS_2_004,2328,15.87
STORE_3,FOODS_2_004,2329,15.87
STORE_3,FOODS_2_004,2330,15.87
STORE_3,FOODS_2_004,2331,15.87
STORE_3,FOODS_2_004,2332,15.87
STORE_3,FOODS_2_004,2333,15.87
STORE_3,FOODS_2_004,2334,15.87
STORE_3,FOODS_2_004,2335,15.87
STORE_3,FOODS_2_004,2336,15.87
STORE_3,FOODS_2_004,2337,15.87
STORE_3,FOODS_2_004,2338,15.87
STORE_3,FOODS_2_004,2339,15.87
STORE_3,FOODS_2_004,2340,15.87
STORE_3,FOODS_2_004,2341,15.87
STORE_3,FOODS_2_004,2342,15.87
STORE_3,FOODS_2_004,2343,15.87
STORE_3,FOODS_2_004,2344,15.87
STORE_3,FOODS_2_004,2345,15.87
STORE_3,FOODS_2_004,2346,15.87
STORE_3,FOODS_2_004,2347,15.87
STORE_3,FOODS_2_004,2348,15.87
STORE_3,FOODS_2_004,2349,15.87
STORE_3,FOODS_2_004,2350,15.87
STORE_3,FOODS_2_004,2351,15.87
STORE_3,FOODS_2_004,2401,15.87
STORE_3,FOODS_2_004,2402,15.87
STORE_3,FOODS_2_004,2403,15.87
STORE_3,FOODS_2_004,2404,15.87
STORE_3,FOODS_2_004,2405,15.87
STORE_3,FOODS_2_004,2406,15.87
STORE_3,FOODS_2_004,2407,15.87
STORE_3,FOODS_2_004,2408,15.87
STORE_3,FOODS_2_004,2409,15.87
STORE_3,FOODS_2_004,2410,15.87
STORE_3,FOODS_2_004,2411,15.87
STORE_3,FOODS_2_004,2412,15.87
STORE_3,FOODS_2_004,2413,15.87
STORE_3,FOODS_2_004,2414,15.87
STORE_3,FOODS_2_004,2415,15.87
STORE_3,FOODS_2_004,2416,15.87
STORE_3,FOODS_2_004,2417,15.87
STORE_3,FOODS_2_004,2418,15.87
STORE_3,FOODS_2_004,2419,15.87
STORE_3,FOODS_2_004,2420,15.87
STORE_3,FOODS_2_004,2421,15.87
STORE_3,FOODS_2_004,2422,15.87
STORE_3,FOODS_2_004,2423,15.87
STORE_3,FOODS_2_004,2424,15.87
STORE_3,FOODS_2_004,2425,15.87
STORE_3,FOODS_2_004,2426,15.87
STORE_3,FOODS_2_004,2427,15.87
STORE_3,FOODS_2_004,2428,15.87
STORE_3,FOODS_2_004,2429,15.87
STORE_3,FOODS_2_004,2430,15.87
STORE_3,FOODS_2_004,2431,15.87
STORE_3,FOODS_2_004,2432,15.87
STORE_3,FOODS_2_004,2433,15.87
STORE_3,FOODS_2_004,2434,15.87
STORE_3,FOODS_2_004,2435,15.87
STORE_3,FOODS_2_004,2436,15.87
STORE_3,FOODS_2_004,2437,15.87
STORE_3,FOODS_2_004,2438,15.87
STORE_3,FOODS_2_004,2439,15.87
STORE_3,FOODS_2_004,2440,15.87
STORE_3,FOODS_2_004,2441,15.87
STORE_3,FOODS_2_004,2442,15.87
STORE_3,FOODS_2_004,2443,15.87
STORE_3,FOODS_2_004,2444,15.87
STORE_3,FOODS_2_004,2445,15.87
STORE_3,FOODS_2_004,2446,15.87
STORE_3,FOODS_2_004,2447,15.87
STORE_3,FOODS_2_004,2448,15.87
STORE_3,FOODS_2_004,2449,15.87
STORE_3,FOODS_2_004,2450,15.87
STORE_3,FOODS_2_004,2451,15.87
STORE_3,FOODS_2_004,2452,15.87
STORE_3,FOODS_2_004,2501,15.87
STORE_3,FOODS_2_004,2502,15.87
STORE_3,FOODS_2_004,2503,15.87
STORE_3,FOODS_2_004,2504,15.87
STORE_3,FOODS_2_004,2505,15.87
STORE_3,FOODS_2_005,2252,21.54
STORE_3,FOODS_2_005,2201,21.54
STORE_3,FOODS_2_005,2202,21.54
STORE_3,FOODS_2_005,2203,21.54
STORE_3,FOODS_2_005,2204,21.54
STORE_3,FOODS_2_005,2205,21.54
STORE_3,FOODS_2_005,2206,21.54
STORE_3,FOODS_2_005,2207,20.36
STORE_3,FOODS_2_005,2208,20.36
STORE_3,FOODS_2_005,2209,20.36
STORE_3,FOODS_2_005,2210,20.36
STORE_3,FOODS_2_005,2211,20.36
STORE_3,FOODS_2_005,2212,20.36
STORE_3,FOODS_2_005,2213,20.36
STORE_3,FOODS_2_005,2214,20.36
STORE_3,FOODS_2_005,2215,20.36
STORE_3,FOODS_2_005,2216,20.36
STORE_3,FOODS_2_005,2217,20.36
STORE_3,FOODS_2_005,2218,20.36
STORE_3,FOODS_2_005,2219,20.36
STORE_3,FOODS_2_005,2220,20.36
STORE_3,FOODS_2_005,2221,20.36
STORE_3,FOODS_2_005,2222,20.36
STORE_3,FOODS_2_005,2223,20.36
STORE_3,FOODS_2_005,2224,20.36
STORE_3,FOODS_2_005,2225,20.36
STORE_3,FOODS_2_005,2226,20.36
STORE_3,FOODS_2_005,2227,20.36
STORE_3,FOODS_2_005,2228,20.36
STORE_3,FOODS_2_005,2229,20.36
STORE_3,FOODS_2_005,2230,20.36
STORE_3,FOODS_2_005,2231,20.36
STORE_3,FOODS_2_005,2232,20.36
STORE_3,FOODS_2_005,2233,20.36
STORE_3,FOODS_2_005,2234,20.36
STORE_3,FOODS_2_005,2235,20.36
STORE_3,FOODS_2_005,2236,20.36
STORE_3,FOODS_2_005,2237,20.36
STORE_3,FOODS_2_005,2238,20.36
STORE_3,FOODS_2_005,2239,20.36
STORE_3,FOODS_2_005,2240,24.16
STORE_3,FOODS_2_005,2241,24.16
STORE_3,FOODS_2_005,2242,24.16
STORE_3,FOODS_2_005,2243,24.16
STORE_3,FOODS_2_005,2244,24.16
STORE_3,FOODS_2_005,2245,24.16
STORE_3,FOODS_2_005,2246,24.16
STORE_3,FOODS_2_005,2247,21.51
STORE_3,FOODS_2_005,2248,21.51
STORE_3,FOODS_2_005,2249,21.51
STORE_3,FOODS_2_005,2250,21.51
STORE_3,FOODS_2_005,2251,21.51
STORE_3,FOODS_2_005,2352,21.51
STORE_3,FOODS_2_005,2301,21.51
STORE_3,FOODS_2_005,2302,21.51
STORE_3,FOODS_2_005,2303,21.51
STORE_3,FOODS_2_005,2304,21.51
STORE_3,FOODS_2_005,2305,21.51
STORE_3,FOODS_2_005,2306,21.51
STORE_3,FOODS_2_005,2307,21.51
STORE_3,FOODS_2_005,2308,21.51
STORE_3,FOODS_2_005,2309,21.51
STORE_3,FOODS_2_005,2310,21.51
STORE_3,FOODS_2_005,2311,21.51
STORE_3,FOODS_2_005,2312,21.51
STORE_3,FOODS_2_005,2313,21.51
STORE_3,FOODS_2_005,2314,21.51
STORE_3,FOODS_2_005,2315,21.51
STORE_3,FOODS_2_005,2316,21.51
STORE_3,FOODS_2_005,2317,21.51
STORE_3,FOODS_2_005,2318,21.51
STORE_3,FOODS_2_005,2319,21.51
STORE_3,FOODS_2_005,2320,21.51
STORE_3,FOODS_2_005,2321,21.51
STORE_3,FOODS_2_005,2322,21.51
STORE_3,FOODS_2_005,2323,21.51
STORE_3,FOODS_2_005,2324,21.51
STORE_3,FOODS_2_005,2325,21.51
STORE_3,FOODS_2_005,2326,21.51
STORE_3,FOODS_2_005,2327,21.51
STORE_3,FOODS_2_005,2328,23.63
STORE_3,FOODS_2_005,2329,23.63
STORE_3,FOODS_2_005,2330,23.63
STORE_3,FOODS_2_005,2331,23.63
STORE_3,FOODS_2_005,2332,23.63
STORE_3,FOODS_2_005,2333,23.63
STORE_3,FOODS_2_005,2334,23.63
STORE_3,FOODS_2_005,2335,23.63
STORE_3,FOODS_2_005,2336,22.09
STORE_3,FOODS_2_005,2337,22.09
STORE_3,FOODS_2_005,2338,22.09
STORE_3,FOODS_2_005,2339,22.09
STORE_3,FOODS_2_005,2340,22.09
STORE_3,FOODS_2_005,2341,22.09
STORE_3,FOODS_2_005,2342,22.09
STORE_3,FOODS_2_005,2343,22.09
STORE_3,FOODS_2_005,2344,22.09
STORE_3,FOODS_2_005,2345,22.09
STORE_3,FOODS_2_005,2346,22.09
STORE_3,FOODS_2_005,2347,22.09
STORE_3,FOODS_2_005,2348,22.09
STORE_3,FOODS_2_005,2349,22.09
STORE_3,FOODS_2_005,2350,22.09
STORE_3,FOODS_2_005,2351,22.09
STORE_3,FOODS_2_005,2401,22.09
STORE_3,FOODS_2_005,2402,22.09
STORE_3,FOODS_2_005,2403,22.09
STORE_3,FOODS_2_005,2404,22.09
STORE_3,FOODS_2_005,2405,22.09
STORE_3,FOODS_2_005,2406,22.09
STORE_3,FOODS_2_005,2407,22.09
STORE_3,FOODS_2_005,2408,22.09
STORE_3,FOODS_2_005,2409,22.09
STORE_3,FOODS_2_005,2410,22.09
STORE_3,FOODS_2_005,2411,22.09
STORE_3,FOODS_2_005,2412,22.09
STORE_3,FOODS_2_005,2413,22.09
STORE_3,FOODS_2_005,2414,22.09
STORE_3,FOODS_2_005,2415,22.09
STORE_3,FOODS_2_005,2416,22.09
STORE_3,FOODS_2_005,2417,22.09
STORE_3,FOODS_2_005,2418,22.09
STORE_3,FOODS_2_005,2419,22.09
STORE_3,FOODS_2_005,2420,22.09
STORE_3,FOODS_2_005,2421,22.09
STORE_3,FOODS_2_005,2422,22.09
STORE_3,FOODS_2_005,2423,22.09
STORE_3,FOODS_2_005,2424,22.09
STORE_3,FOODS_2_005,2425,22.09
STORE_3,FOODS_2_005,2426,22.09
STORE_3,FOODS_2_005,2427,22.09
STORE_3,FOODS_2_005,2428,22.09
STORE_3,FOODS_2_005,2429,22.09
STORE_3,FOODS_2_005,2430,22.09
STORE_3,FOODS_2_005,2431,18.09
STORE_3,FOODS_2_005,2432,18.09
STORE_3,FOODS_2_005,2433,18.09
STORE_3,FOODS_2_005,2434,18.09
STORE_3,FOODS_2_005,2435,18.09
STORE_3,FOODS_2_005,2436,18.09
STORE_3,FOODS_2_005,2437,18.09
STORE_3,FOODS_2_005,2438,18.09
STORE_3,FOODS_2_005,2439,23.52
STORE_3,FOODS_2_005,2440,23.52
STORE_3,FOODS_2_005,2441,23.52
STORE_3,FOODS_2_005,2442,23.52
STORE_3,FOODS_2_005,2443,23.52
STORE_3,FOODS_2_005,2444,23.52
STORE_3,FOODS_2_005,2445,23.52
STORE_3,FOODS_2_005,2446,23.52
STORE_3,FOODS_2_005,2447,23.52
STORE_3,FOODS_2_005,2448,23.52
STORE_3,FOODS_2_005,2449,23.52
STORE_3,FOODS_2_005,2450,23.52
STORE_3,FOODS_2_005,2451,23.52
STORE_3,FOODS_2_005,2452,23.52
STORE_3,FOODS_2_005,2501,23.52
STORE_3,FOODS_2_005,2502,23.52
STORE_3,FOODS_2_005,2503,23.52
STORE_3,FOODS_2_005,2504,23.52
STORE_3,FOODS_2_005,2505,23.52
STORE_3,FOODS_2_006,2252,40.19
STORE_3,FOODS_2_006,2201,40.19
STORE_3,FOODS_2_006,2202,40.19
STORE_3,FOODS_2_006,2203,40.19
STORE_3,FOODS_2_006,2204,40.19
STORE_3,FOODS_2_006,2205,40.19
STORE_3,FOODS_2_006,2206,40.19
STORE_3,FOODS_2_006,2207,40.19
STORE_3,FOODS_2_006,2208,40.19
STORE_3,FOODS_2_006,2209,40.19
STORE_3,FOODS_2_006,2210,40.19
STORE_3,FOODS_2_006,2211,40.19
STORE_3,FOODS_2_006,2212,44.59
STORE_3,FOODS_2_006,2213,44.59
STORE_3,FOODS_2_006,2214,44.59
STORE_3,FOODS_2_006,2215,44.59
STORE_3,FOODS_2_006,2216,44.59
STORE_3,FOODS_2_006,2217,44.59
STORE_3,FOODS_2_006,2218,30.48
STORE_3,FOODS_2_006,2219,30.48
STORE_3,FOODS_2_006,2220,30.48
STORE_3,FOODS_2_006,2221,30.48
STORE_3,FOODS_2_006,2222,30.48
STORE_3,FOODS_2_006,2223,30.48
STORE_3,FOODS_2_006,2224,30.48
STORE_3,FOODS_2_006,2225,30.48
STORE_3,FOODS_2_006,2226,30.48
STORE_3,FOODS_2_006,2227,30.48
STORE_3,FOODS_2_006,2228,30.48
STORE_3,FOODS_2_006,2229,30.48
STORE_3,FOODS_2_006,2230,30.48
STORE_3,FOODS_2_006,2231,30.48
STORE_3,FOODS_2_006,2232,30.48
STORE_3,FOODS_2_006,2233,30.48
STORE_3,FOODS_2_006,2234,30.48
STORE_3,FOODS_2_006,2235,30.48
STORE_3,FOODS_2_006,2236,30.48
STORE_3,FOODS_2_006,2237,30.48
STORE_3,FOODS_2_006,2238,30.48
STORE_3,FOODS_2_006,2239,30.48
STORE_3,FOODS_2_006,2240,30.48
STORE_3,FOODS_2_006,2241,30.48
STORE_3,FOODS_2_006,2242,30.48
STORE_3,FOODS_2_006,2243,30.48
STORE_3,FOODS_2_006,2244,30.48
STORE_3,FOODS_2_006,2245,30.48
STORE_3,FOODS_2_006,2246,30.48
STORE_3,FOODS_2_006,2247,30.48
STORE_3,FOODS_2_006,2248,32.96
STORE_3,FOODS_2_006,2249,32.96
STORE_3,FOODS_2_006,2250,32.96
STORE_3,FOODS_2_006,2251,32.96
STORE_3,FOODS_2_006,2352,32.96
STORE_3,FOODS_2_006,2301,32.96
STORE_3,FOODS_2_006,2302,32.96
STORE_3,FOODS_2_006,2303,32.96
STORE_3,FOODS_2_006,2304,32.96
STORE_3,FOODS_2_006,2305,32.96
STORE_3,FOODS_2_006,2306,32.96
STORE_3,FOODS_2_006,2307,32.96
STORE_3,FOODS_2_006,2308,32.96
STORE_3,FOODS_2_006,2309,32.96
STORE_3,FOODS_2_006,2310,32.96
STORE_3,FOODS_2_006,2311,44.74
STORE_3,FOODS_2_006,2312,44.74
STORE_3,FOODS_2_006,2313,44.74
STORE_3,FOODS_2_006,2314,44.74
STORE_3,FOODS_2_006,2315,44.74
STORE_3,FOODS_2_006,2316,44.74
STORE_3,FOODS_2_006,2317,44.74
STORE_3,FOODS_2_006,2318,44.74
STORE_3,FOODS_2_006,2319,44.74
STORE_3,FOODS_2_006,2320,44.74
STORE_3,FOODS_2_006,2321,44.74
STORE_3,FOODS_2_006,2322,44.74
STORE_3,FOODS_2_006,2323,44.74
STORE_3,FOODS_2_006,2324,44.74
STORE_3,FOODS_2_006,2325,44.74
STORE_3,FOODS_2_006,2326,44.74
STORE_3,FOODS_2_006,2327,44.74
STORE_3,FOODS_2_006,2328,44.74
STORE_3,FOODS_2_006,2329,44.74
STORE_3,FOODS_2_006,2330,44.74
STORE_3,FOODS_2_006,2331,44.74
STORE_3,FOODS_2_006,2332,44.74
STORE_3,FOODS_2_006,2333,44.74
STORE_3,FOODS_2_006,2334,44.74
STORE_3,FOODS_2_006,2335,44.74
STORE_3,FOODS_2_006,2336,44.74
STORE_3,FOODS_2_006,2337,31.02
STORE_3,FOODS_2_006,2338,31.02
STORE_3,FOODS_2_006,2339,31.02
STORE_3,FOODS_2_006,2340,31.02
STORE_3,FOODS_2_006,2341,39.27
STORE_3,FOODS_2_006,2342,39.27
STORE_3,FOODS_2_006,2343,39.27
STORE_3,FOODS_2_006,2344,39.27
STORE_3,FOODS_2_006,2345,39.27
STORE_3,FOODS_2_006,2346,39.27
STORE_3,FOODS_2_006,2347,39.27
STORE_3,FOODS_2_006,2348,39.27
STORE_3,FOODS_2_006,2349,39.27
STORE_3,FOODS_2_006,2350,39.27
STORE_3,FOODS_2_006,2351,39.27
STORE_3,FOODS_2_006,2401,39.27
STORE_3,FOODS_2_006,2402,39.27
STORE_3,FOODS_2_006,2403,39.27
STORE_3,FOODS_2_006,2404,39.27
STORE_3,FOODS_2_006,2405,39.27
STORE_3,FOODS_2_006,2406,39.27
STORE_3,FOODS_2_006,2407,39.27
STORE_3,FOODS_2_006,2408,39.27
STORE_3,FOODS_2_006,2409,39.27
STORE_3,FOODS_2_006,2410,39.27
STORE_3,FOODS_2_006,2411,39.27
STORE_3,FOODS_2_006,2412,39.27
STORE_3,FOODS_2_006,2413,39.27
STORE_3,FOODS_2_006,2414,32.99
STORE_3,FOODS_2_006,2415,32.99
STORE_3,FOODS_2_006,2416,32.99
STORE_3,FOODS_2_006,2417,32.99
STORE_3,FOODS_2_006,2418,32.99
STORE_3,FOODS_2_006,2419,32.99
STORE_3,FOODS_2_006,2420,32.99
STORE_3,FOODS_2_006,2421,32.99
STORE_3,FOODS_2_006,2422,32.99
STORE_3,FOODS_2_006,2423,32.99
STORE_3,FOODS_2_006,2424,32.99
STORE_3,FOODS_2_006,2425,32.99
STORE_3,FOODS_2_006,2426,32.99
STORE_3,FOODS_2_006,2427,32.99
STORE_3,FOODS_2_006,2428,32.99
STORE_3,FOODS_2_006,2429,32.99
STORE_3,FOODS_2_006,2430,32.99
STORE_3,FOODS_2_006,2431,32.99
STORE_3,FOODS_2_006,2432,32.99
STORE_3,FOODS_2_006,2433,32.99
STORE_3,FOODS_2_006,2434,32.99
STORE_3,FOODS_2_006,2435,32.99
STORE_3,FOODS_2_006,2436,32.99
STORE_3,FOODS_2_006,2437,32.99
STORE_3,FOODS_2_006,2438,32.99
STORE_3,FOODS_2_006,2439,32.99
STORE_3,FOODS_2_006,2440,32.99
STORE_3,FOODS_2_006,2441,32.99
STORE_3,FOODS_2_006,2442,32.99
STORE_3,FOODS_2_006,2443,32.99
STORE_3,FOODS_2_006,2444,32.99
STORE_3,FOODS_2_006,2445,32.99
STORE_3,FOODS_2_006,2446,32.99
STORE_3,FOODS_2_006,2447,32.99
STORE_3,FOODS_2_006,2448,32.99
STORE_3,FOODS_2_006,2449,32.99
STORE_3,FOODS_2_006,2450,32.99
STORE_3,FOODS_2_006,2451,32.99
STORE_3,FOODS_2_006,2452,32.99
STORE_3,FOODS_2_006,2501,32.99
STORE_3,FOODS_2_006,2502,32.99
STORE_3,FOODS_2_006,2503,32.99
STORE_3,FOODS_2_006,2504,32.99
STORE_3,FOODS_2_006,2505,32.99
STORE_3,FOODS_2_007,2252,3.42
STORE_3,FOODS_2_007,2201,3.82
STORE_3,FOODS_2_007,2202,3.82
STORE_3,FOODS_2_007,2203,3.82
STORE_3,FOODS_2_007,2204,3.82
STORE_3,FOODS_2_007,2205,3.82
STORE_3,FOODS_2_007,2206,3.82
STORE_3,FOODS_2_007,2207,3.82
STORE_3,FOODS_2_007,2208,3.62
STORE_3,FOODS_2_007,2209,3.62
STORE_3,FOODS_2_007,2210,3.62
STORE_3,FOODS_2_007,2211,3.62
STORE_3,FOODS_2_007,2212,3.62
STORE_3,FOODS_2_007,2213,3.62
STORE_3,FOODS_2_007,2214,3.62
STORE_3,FOODS_2_007,2215,3.62
STORE_3,FOODS_2_007,2216,3.62
STORE_3,FOODS_2_007,2217,3.62
STORE_3,FOODS_2_007,2218,3.62
STORE_3,FOODS_2_007,2219,3.62
STORE_3,FOODS_2_007,2220,3.62
STORE_3,FOODS_2_007,2221,3.62
STORE_3,FOODS_2_007,2222,3.62
STORE_3,FOODS_2_007,2223,3.62
STORE_3,FOODS_2_007,2224,3.62
STORE_3,FOODS_2_007,2225,3.62
STORE_3,FOODS_2_007,2226,3.62
STORE_3,FOODS_2_007,2227,3.62
STORE_3,FOODS_2_007,2228,3.62
STORE_3,FOODS_2_007,2229,3.62
STORE_3,FOODS_2_007,2230,3.62
STORE_3,FOODS_2_007,2231,3.62
STORE_3,FOODS_2_007,2232,3.62
STORE_3,FOODS_2_007,2233,3.62
STORE_3,FOODS_2_007,2234,3.62
STORE_3,FOODS_2_007,2235,3.62
STORE_3,FOODS_2_007,2236,3.62
STORE_3,FOODS_2_007,2237,3.62
STORE_3,FOODS_2_007,2238,3.62
STORE_3,FOODS_2_007,2239,3.62
STORE_3,FOODS_2_007,2240,3.62
STORE_3,FOODS_2_007,2241,2.73
STORE_3,FOODS_2_007,2242,2.73
STORE_3,FOODS_2_007,2243,2.73
STORE_3,FOODS_2_007,2244,2.73
STORE_3,FOODS_2_007,2245,2.73
STORE_3,FOODS_2_007,2246,2.73
STORE_3,FOODS_2_007,2247,2.73
STORE_3,FOODS_2_007,2248,2.73
STORE_3,FOODS_2_007,2249,2.73
STORE_3,FOODS_2_007,2250,2.73
STORE_3,FOODS_2_007,2251,2.73
STORE_3,FOODS_2_007,2352,2.73
STORE_3,FOODS_2_007,2301,2.73
STORE_3,FOODS_2_007,2302,2.73
STORE_3,FOODS_2_007,2303,2.73
STORE_3,FOODS_2_007,2304,2.73
STORE_3,FOODS_2_007,2305,2.73
STORE_3,FOODS_2_007,2306,2.84
STORE_3,FOODS_2_007,2307,2.84
STORE_3,FOODS_2_007,2308,2.84
STORE_3,FOODS_2_007,2309,2.84
STORE_3,FOODS_2_007,2310,2.84
STORE_3,FOODS_2_007,2311,2.84
STORE_3,FOODS_2_007,2312,2.84
STORE_3,FOODS_2_007,2313,2.84
STORE_3,FOODS_2_007,2314,2.84
STORE_3,FOODS_2_007,2315,2.84
STORE_3,FOODS_2_007,2316,2.84
STORE_3,FOODS_2_007,2317,2.84
STORE_3,FOODS_2_007,2318,2.84
STORE_3,FOODS_2_007,2319,2.84
STORE_3,FOODS_2_007,2320,2.84
STORE_3,FOODS_2_007,2321,2.84
STORE_3,FOODS_2_007,2322,2.84
STORE_3,FOODS_2_007,2323,2.84
STORE_3,FOODS_2_007,2324,2.84
STORE_3,FOODS_2_007,2325,2.84
STORE_3,FOODS_2_007,2326,2.84
STORE_3,FOODS_2_007,2327,2.84
STORE_3,FOODS_2_007,2328,2.84
STORE_3,FOODS_2_007,2329,2.84
STORE_3,FOODS_2_007,2330,2.84
STORE_3,FOODS_2_007,2331,2.84
STORE_3,FOODS_2_007,2332,2.84
STORE_3,FOODS_2_007,2333,2.84
STORE_3,FOODS_2_007,2334,2.84
STORE_3,FOODS_2_007,2335,2.84
STORE_3,FOODS_2_007,2336,2.84
STORE_3,FOODS_2_007,2337,2.84
STORE_3,FOODS_2_007,2338,2.84
STORE_3,FOODS_2_007,2339,2.84
STORE_3,FOODS_2_007,2340,2.84
STORE_3,FOODS_2_007,2341,2.84
STORE_3,FOODS_2_007,2342,2.84
STORE_3,FOODS_2_007,2343,2.93
STORE_3,FOODS_2_007,2344,2.93
STORE_3,FOODS_2_007,2345,2.93
STORE_3,FOODS_2_007,2346,2.93
STORE_3,FOODS_2_007,2347,2.93
STORE_3,FOODS_2_007,2348,2.93
STORE_3,FOODS_2_007,2349,2.93
STORE_3,FOODS_2_007,2350,2.93
STORE_3,FOODS_2_007,2351,2.93
STORE_3,FOODS_2_007,2401,2.93
STORE_3,FOODS_2_007,2402,2.93
STORE_3,FOODS_2_007,2403,2.93
STORE_3,FOODS_2_007,2404,2.93
STORE_3,FOODS_2_007,2405,2.93
STORE_3,FOODS_2_007,2406,2.93
STORE_3,FOODS_2_007,2407,2.93
STORE_3,FOODS_2_007,2408,2.93
STORE_3,FOODS_2_007,2409,2.93
STORE_3,FOODS_2_007,2410,2.93
STORE_3,FOODS_2_007,2411,2.93
STORE_3,FOODS_2_007,2412,2.93
STORE_3,FOODS_2_007,2413,2.93
STORE_3,FOODS_2_007,2414,2.93
STORE_3,FOODS_2_007,2415,2.93
STORE_3,FOODS_2_007,2416,2.93
STORE_3,FOODS_2_007,2417,2.93
STORE_3,FOODS_2_007,2418,2.93
STORE_3,FOODS_2_007,2419,2.93
STORE_3,FOODS_2_007,2420,2.93
STORE_3,FOODS_2_007,2421,2.93
STORE_3,FOODS_2_007,2422,2.93
STORE_3,FOODS_2_007,2423,2.93
STORE_3,FOODS_2_007,2424,2.93
STORE_3,FOODS_2_007,2425,2.93
STORE_3,FOODS_2_007,2426,2.93
STORE_3,FOODS_2_007,2427,2.93
STORE_3,FOODS_2_007,2428,2.93
STORE_3,FOODS_2_007,2429,2.93
STORE_3,FOODS_2_007,2430,2.93
STORE_3,FOODS_2_007,2431,2.93
STORE_3,FOODS_2_007,2432,2.93
STORE_3,FOODS_2_007,2433,2.93
STORE_3,FOODS_2_007,2434,2.93
STORE_3,FOODS_2_007,2435,2.93
STORE_3,FOODS_2_007,2436,2.93
STORE_3,FOODS_2_007,2437,2.93
STORE_3,FOODS_2_007,2438,2.93
STORE_3,FOODS_2_007,2439,2.93
STORE_3,FOODS_2_007,2440,2.93
STORE_3,FOODS_2_007,2441,3.01
STORE_3,FOODS_2_007,2442,3.01
STORE_3,FOODS_2_007,2443,3.01
STORE_3,FOODS_2_007,2444,3.01
STORE_3,FOODS_2_007,2445,3.01
STORE_3,FOODS_2_007,2446,3.01
STORE_3,FOODS_2_007,2447,3.01
STORE_3,FOODS_2_007,2448,3.01
STORE_3,FOODS_2_007,2449,3.01
STORE_3,FOODS_2_007,2450,3.01
STORE_3,FOODS_2_007,2451,3.01
STORE_3,FOODS_2_007,2452,3.01
STORE_3,FOODS_2_007,2501,3.01
STORE_3,FOODS_2_007,2502,3.01
STORE_3,FOODS_2_007,2503,3.01
STORE_3,FOODS_2_007,2504,3.01
STORE_3,FOODS_2_007,2505,3.01
STORE_3,FOODS_2_008,2252,43.29
STORE_3,FOODS_2_008,2201,43.29
STORE_3,FOODS_2_008,2202,43.29
STORE_3,FOODS_2_008,2203,43.29
STORE_3,FOODS_2_008,2204,43.29
STORE_3,FOODS_2_008,2205,43.29
STORE_3,FOODS_2_008,2206,43.29
STORE_3,FOODS_2_008,2207,43.29
STORE_3,FOODS_2_008,2208,43.29
STORE_3,FOODS_2_008,2209,39.13
STORE_3,FOODS_2_008,2210,39.13
STORE_3,FOODS_2_008,2211,39.13
STORE_3,FOODS_2_008,2212,39.13
STORE_3,FOODS_2_008,2213,39.13
STORE_3,FOODS_2_008,2214,39.13
STORE_3,FOODS_2_008,2215,39.13
STORE_3,FOODS_2_008,2216,39.13
STORE_3,FOODS_2_008,2217,49.31
STORE_3,FOODS_2_008,2218,49.31
STORE_3,FOODS_2_008,2219,49.31
STORE_3,FOODS_2_008,2220,49.31
STORE_3,FOODS_2_008,2221,49.31
STORE_3,FOODS_2_008,2222,36.59
STORE_3,FOODS_2_008,2223,36.59
STORE_3,FOODS_2_008,2224,36.59
STORE_3,FOODS_2_008,2225,36.59
STORE_3,FOODS_2_008,2226,36.59
STORE_3,FOODS_2_008,2227,36.59
STORE_3,FOODS_2_008,2228,36.59
STORE_3,FOODS_2_008,2229,34.32
STORE_3,FOODS_2_008,2230,34.32
STORE_3,FOODS_2_008,2231,34.32
STORE_3,FOODS_2_008,2232,34.32
STORE_3,FOODS_2_008,2233,34.32
STORE_3,FOODS_2_008,2234,34.32
STORE_3,FOODS_2_008,2235,34.32
STORE_3,FOODS_2_008,2236,34.32
STORE_3,FOODS_2_008,2237,34.32
STORE_3,FOODS_2_008,2238,34.32
STORE_3,FOODS_2_008,2239,34.32
STORE_3,FOODS_2_008,2240,34.32
STORE_3,FOODS_2_008,2241,34.32
STORE_3,FOODS_2_008,2242,34.32
STORE_3,FOODS_2_008,2243,34.32
STORE_3,FOODS_2_008,2244,34.32
STORE_3,FOODS_2_008,2245,34.32
STORE_3,FOODS_2_008,2246,34.32
STORE_3,FOODS_2_008,2247,37.62
STORE_3,FOODS_2_008,2248,37.62
STORE_3,FOODS_2_008,2249,37.62
STORE_3,FOODS_2_008,2250,37.62
STORE_3,FOODS_2_008,2251,37.62
STORE_3,FOODS_2_008,2352,37.62
STORE_3,FOODS_2_008,2301,37.62
STORE_3,FOODS_2_008,2302,37.62
STORE_3,FOODS_2_008,2303,37.62
STORE_3,FOODS_2_008,2304,47.71
STORE_3,FOODS_2_008,2305,47.71
STORE_3,FOODS_2_008,2306,47.71
STORE_3,FOODS_2_008,2307,47.71
STORE_3,FOODS_2_008,2308,47.71
STORE_3,FOODS_2_008,2309,47.71
STORE_3,FOODS_2_008,2310,47.71
STORE_3,FOODS_2_008,2311,47.71
STORE_3,FOODS_2_008,2312,47.71
STORE_3,FOODS_2_008,2313,47.71
STORE_3,FOODS_2_008,2314,47.71
STORE_3,FOODS_2_008,2315,47.71
STORE_3,FOODS_2_008,2316,47.71
STORE_3,FOODS_2_008,2317,47.71
STORE_3,FOODS_2_008,2318,47.71
STORE_3,FOODS_2_008,2319,47.71
STORE_3,FOODS_2_008,2320,47.71
STORE_3,FOODS_2_008,2321,47.71
STORE_3,FOODS_2_008,2322,47.71
STORE_3,FOODS_2_008,2323,47.71
STORE_3,FOODS_2_008,2324,47.71
STORE_3,FOODS_2_008,2325,47.71
STORE_3,FOODS_2_008,2326,47.71
STORE_3,FOODS_2_008,2327,47.71
STORE_3,FOODS_2_008,2328,47.71
STORE_3,FOODS_2_008,2329,47.71
STORE_3,FOODS_2_008,2330,47.71
STORE_3,FOODS_2_008,2331,47.71
STORE_3,FOODS_2_008,2332,47.71
STORE_3,FOODS_2_008,2333,47.71
STORE_3,FOODS_2_008,2334,47.71
STORE_3,FOODS_2_008,2335,47.71
STORE_3,FOODS_2_008,2336,47.71
STORE_3,FOODS_2_008,2337,47.71
STORE_3,FOODS_2_008,2338,47.71
STORE_3,FOODS_2_008,2339,47.71
STORE_3,FOODS_2_008,2340,47.71
STORE_3,FOODS_2_008,2341,47.71
STORE_3,FOODS_2_008,2342,47.71
STORE_3,FOODS_2_008,2343,47.71
STORE_3,FOODS_2_008,2344,47.71
STORE_3,FOODS_2_008,2345,47.71
STORE_3,FOODS_2_008,2346,47.71
STORE_3,FOODS_2_008,2347,47.71
STORE_3,FOODS_2_008,2348,47.71
STORE_3,FOODS_2_008,2349,47.71
STORE_3,FOODS_2_008,2350,47.71
STORE_3,FOODS_2_008,2351,47.71
STORE_3,FOODS_2_008,2401,47.71
STORE_3,FOODS_2_008,2402,47.71
STORE_3,FOODS_2_008,2403,47.71
STORE_3,FOODS_2_008,2404,47.71
STORE_3,FOODS_2_008,2405,47.71
STORE_3,FOODS_2_008,2406,47.71
STORE_3,FOODS_2_008,2407,47.71
STORE_3,FOODS_2_008,2408,47.71
STORE_3,FOODS_2_008,2409,47.71
STORE_3,FOODS_2_008,2410,47.71
STORE_3,FOODS_2_008,2411,47.71
STORE_3,FOODS_2_008,2412,47.71
STORE_3,FOODS_2_008,2413,47.71
STORE_3,FOODS_2_008,2414,47.71
STORE_3,FOODS_2_008,2415,47.71
STORE_3,FOODS_2_008,2416,47.71
STORE_3,FOODS_2_008,2417,47.71
STORE_3,FOODS_2_008,2418,47.71
STORE_3,FOODS_2_008,2419,47.71
STORE_3,FOODS_2_008,2420,47.71
STORE_3,FOODS_2_008,2421,47.71
STORE_3,FOODS_2_008,2422,47.71
STORE_3,FOODS_2_008,2423,47.71
STORE_3,FOODS_2_008,2424,43.25
STORE_3,FOODS_2_008,2425,43.25
STORE_3,FOODS_2_008,2426,43.25
STORE_3,FOODS_2_008,2427,43.25
STORE_3,FOODS_2_008,2428,43.25
STORE_3,FOODS_2_008,2429,43.25
STORE_3,FOODS_2_008,2430,43.25
STORE_3,FOODS_2_008,2431,43.25
STORE_3,FOODS_2_008,2432,43.25
STORE_3,FOODS_2_008,2433,43.25
STORE_3,FOODS_2_008,2434,43.25
STORE_3,FOODS_2_008,2435,43.25
STORE_3,FOODS_2_008,2436,43.25
STORE_3,FOODS_2_008,2437,43.25
STORE_3,FOODS_2_008,2438,43.25
STORE_3,FOODS_2_008,2439,39.21
STORE_3,FOODS_2_008,2440,39.21
STORE_3,FOODS_2_008,2441,39.21
STORE_3,FOODS_2_008,2442,39.21
STORE_3,FOODS_2_008,2443,39.21
STORE_3,FOODS_2_008,2444,39.21
STORE_3,FOODS_2_008,2445,39.21
STORE_3,FOODS_2_008,2446,39.21
STORE_3,FOODS_2_008,2447,39.21
STORE_3,FOODS_2_008,2448,39.21
STORE_3,FOODS_2_008,2449,39.21
STORE_3,FOODS_2_008,2450,33.41
STORE_3,FOODS_2_008,2451,33.41
STORE_3,FOODS_2_008,2452,33.41
STORE_3,FOODS_2_008,2501,33.41
STORE_3,FOODS_2_008,2502,33.41
STORE_3,FOODS_2_008,2503,33.41
STORE_3,FOODS_2_008,2504,33.41
STORE_3,FOODS_2_008,2505,33.41
STORE_3,HOBBIES_1_001,2252,30.75
STORE_3,HOBBIES_1_001,2201,30.75
STORE_3,HOBBIES_1_001,2202,30.75
STORE_3,HOBBIES_1_001,2203,30.75
STORE_3,HOBBIES_1_001,2204,30.75
STORE_3,HOBBIES_1_001,2205,30.75
STORE_3,HOBBIES_1_001,2206,30.75
STORE_3,HOBBIES_1_001,2207,30.75
STORE_3,HOBBIES_1_001,2208,30.75
STORE_3,HOBBIES_1_001,2209,30.75
STORE_3,HOBBIES_1_001,2210,30.75
STORE_3,HOBBIES_1_001,2211,30.75
STORE_3,HOBBIES_1_001,2212,30.75
STORE_3,HOBBIES_1_001,2213,30.75
STORE_3,HOBBIES_1_001,2214,30.75
STORE_3,HOBBIES_1_001,2215,30.75
STORE_3,HOBBIES_1_001,2216,30.75
STORE_3,HOBBIES_1_001,2217,30.75
STORE_3,HOBBIES_1_001,2218,30.75
STORE_3,HOBBIES_1_001,2219,30.75
STORE_3,HOBBIES_1_001,2220,30.75
STORE_3,HOBBIES_1_001,2221,30.75
STORE_3,HOBBIES_1_001,2222,30.75
STORE_3,HOBBIES_1_001,2223,30.75
STORE_3,HOBBIES_1_001,2224,30.75
STORE_3,HOBBIES_1_001,2225,30.75
STORE_3,HOBBIES_1_001,2226,30.75
STORE_3,HOBBIES_1_001,2227,26.79
STORE_3,HOBBIES_1_001,2228,26.79
STORE_3,HOBBIES_1_001,2229,26.79
STORE_3,HOBBIES_1_001,2230,26.79
STORE_3,HOBBIES_1_001,2231,26.79
STORE_3,HOBBIES_1_001,2232,26.79
STORE_3,HOBBIES_1_001,2233,26.79
STORE_3,HOBBIES_1_001,2234,26.79
STORE_3,HOBBIES_1_001,2235,26.79
STORE_3,HOBBIES_1_001,2236,26.79
STORE_3,HOBBIES_1_001,2237,26.79
STORE_3,HOBBIES_1_001,2238,26.79
STORE_3,HOBBIES_1_001,2239,26.79
STORE_3,HOBBIES_1_001,2240,28.37
STORE_3,HOBBIES_1_001,2241,28.37
STORE_3,HOBBIES_1_001,2242,28.37
STORE_3,HOBBIES_1_001,2243,28.37
STORE_3,HOBBIES_1_001,2244,28.37
STORE_3,HOBBIES_1_001,2245,28.37
STORE_3,HOBBIES_1_001,2246,28.37
STORE_3,HOBBIES_1_001,2247,28.37
STORE_3,HOBBIES_1_001,2248,28.37
STORE_3,HOBBIES_1_001,2249,28.37
STORE_3,HOBBIES_1_001,2250,28.37
STORE_3,HOBBIES_1_001,2251,28.37
STORE_3,HOBBIES_1_001,2352,34.14
STORE_3,HOBBIES_1_001,2301,34.14
STORE_3,HOBBIES_1_001,2302,34.14
STORE_3,HOBBIES_1_001,2303,34.14
STORE_3,HOBBIES_1_001,2304,34.14
STORE_3,HOBBIES_1_001,2305,34.14
STORE_3,HOBBIES_1_001,2306,34.14
STORE_3,HOBBIES_1_001,2307,34.14
STORE_3,HOBBIES_1_001,2308,34.14
STORE_3,HOBBIES_1_001,2309,34.14
STORE_3,HOBBIES_1_001,2310,34.14
STORE_3,HOBBIES_1_001,2311,34.14
STORE_3,HOBBIES_1_001,2312,34.14
STORE_3,HOBBIES_1_001,2313,34.14
STORE_3,HOBBIES_1_001,2314,34.14
STORE_3,HOBBIES_1_001,2315,34.14
STORE_3,HOBBIES_1_001,2316,34.14
STORE_3,HOBBIES_1_001,2317,34.14
STORE_3,HOBBIES_1_001,2318,34.14
STORE_3,HOBBIES_1_001,2319,34.14
STORE_3,HOBBIES_1_001,2320,34.14
STORE_3,HOBBIES_1_001,2321,34.14
STORE_3,HOBBIES_1_001,2322,24.0
STORE_3,HOBBIES_1_001,2323,24.0
STORE_3,HOBBIES_1_001,2324,24.0
STORE_3,HOBBIES_1_001,2325,24.0
STORE_3,HOBBIES_1_001,2326,24.0
STORE_3,HOBBIES_1_001,2327,24.0
STORE_3,HOBBIES_1_001,2328,24.0
STORE_3,HOBBIES_1_001,2329,24.0
STORE_3,HOBBIES_1_001,2330,24.0
STORE_3,HOBBIES_1_001,2331,24.0
STORE_3,HOBBIES_1_001,2332,24.0
STORE_3,HOBBIES_1_001,2333,24.0
STORE_3,HOBBIES_1_001,2334,24.0
STORE_3,HOBBIES_1_001,2335,24.0
STORE_3,HOBBIES_1_001,2336,24.0
STORE_3,HOBBIES_1_001,2337,24.0
STORE_3,HOBBIES_1_001,2338,24.0
STORE_3,HOBBIES_1_001,2339,24.0
STORE_3,HOBBIES_1_001,2340,24.0
STORE_3,HOBBIES_1_001,2341,24.0
STORE_3,HOBBIES_1_001,2342,24.0
STORE_3,HOBBIES_1_001,2343,24.0
STORE_3,HOBBIES_1_001,2344,24.0
STORE_3,HOBBIES_1_001,2345,25.55
STORE_3,HOBBIES_1_001,2346,25.55
STORE_3,HOBBIES_1_001,2347,25.55
STORE_3,HOBBIES_1_001,2348,25.55
STORE_3,HOBBIES_1_001,2349,25.55
STORE_3,HOBBIES_1_001,2350,25.55
STORE_3,HOBBIES_1_001,2351,25.55
STORE_3,HOBBIES_1_001,2401,25.55
STORE_3,HOBBIES_1_001,2402,25.55
STORE_3,HOBBIES_1_001,2403,25.55
STORE_3,HOBBIES_1_001,2404,25.55
STORE_3,HOBBIES_1_001,2405,25.55
STORE_3,HOBBIES_1_001,2406,25.55
STORE_3,HOBBIES_1_001,2407,25.55
STORE_3,HOBBIES_1_001,2408,25.55
STORE_3,HOBBIES_1_001,2409,25.55
STORE_3,HOBBIES_1_001,2410,25.55
STORE_3,HOBBIES_1_001,2411,25.55
STORE_3,HOBBIES_1_001,2412,25.55
STORE_3,HOBBIES_1_001,2413,25.55
STORE_3,HOBBIES_1_001,2414,25.55
STORE_3,HOBBIES_1_001,2415,35.29
STORE_3,HOBBIES_1_001,2416,29.6
STORE_3,HOBBIES_1_001,2417,29.6
STORE_3,HOBBIES_1_001,2418,29.6
STORE_3,HOBBIES_1_001,2419,29.6
STORE_3,HOBBIES_1_001,2420,29.6
STORE_3,HOBBIES_1_001,2421,29.6
STORE_3,HOBBIES_1_001,2422,29.6
STORE_3,HOBBIES_1_001,2423,29.6
STORE_3,HOBBIES_1_001,2424,29.6
STORE_3,HOBBIES_1_001,2425,29.6
STORE_3,HOBBIES_1_001,2426,29.6
STORE_3,HOBBIES_1_001,2427,29.6
STORE_3,HOBBIES_1_001,2428,29.6
STORE_3,HOBBIES_1_001,2429,29.6
STORE_3,HOBBIES_1_001,2430,29.6
STORE_3,HOBBIES_1_001,2431,29.6
STORE_3,HOBBIES_1_001,2432,29.6
STORE_3,HOBBIES_1_001,2433,29.6
STORE_3,HOBBIES_1_001,2434,29.6
STORE_3,HOBBIES_1_001,2435,29.6
STORE_3,HOBBIES_1_001,2436,29.6
STORE_3,HOBBIES_1_001,2437,29.6
STORE_3,HOBBIES_1_001,2438,29.6
STORE_3,HOBBIES_1_001,2439,29.6
STORE_3,HOBBIES_1_001,2440,29.6
STORE_3,HOBBIES_1_001,2441,29.6
STORE_3,HOBBIES_1_001,2442,29.6
STORE_3,HOBBIES_1_001,2443,29.6
STORE_3,HOBBIES_1_001,2444,29.6
STORE_3,HOBBIES_1_001,2445,29.6
STORE_3,HOBBIES_1_001,2446,29.6
STORE_3,HOBBIES_1_001,2447,29.6
STORE_3,HOBBIES_1_001,2448,29.6
STORE_3,HOBBIES_1_001,2449,29.6
STORE_3,HOBBIES_1_001,2450,29.6
STORE_3,HOBBIES_1_001,2451,29.6
STORE_3,HOBBIES_1_001,2452,29.6
STORE_3,HOBBIES_1_001,2501,29.6
STORE_3,HOBBIES_1_001,2502,29.6
STORE_3,HOBBIES_1_001,2503,29.6
STORE_3,HOBBIES_1_001,2504,29.6
STORE_3,HOBBIES_1_001,2505,29.6
STORE_3,HOBBIES_1_002,2252,22.2
STORE_3,HOBBIES_1_002,2201,22.2
STORE_3,HOBBIES_1_002,2202,22.2
STORE_3,HOBBIES_1_002,2203,19.0
STORE_3,HOBBIES_1_002,2204,19.0
STORE_3,HOBBIES_1_002,2205,19.0
STORE_3,HOBBIES_1_002,2206,21.44
STORE_3,HOBBIES_1_002,2207,21.44
STORE_3,HOBBIES_1_002,2208,21.44
STORE_3,HOBBIES_1_002,2209,21.44
STORE_3,HOBBIES_1_002,2210,21.44
STORE_3,HOBBIES_1_002,2211,21.44
STORE_3,HOBBIES_1_002,2212,21.44
STORE_3,HOBBIES_1_002,2213,21.44
STORE_3,HOBBIES_1_002,2214,21.44
STORE_3,HOBBIES_1_002,2215,21.44
STORE_3,HOBBIES_1_002,2216,21.44
STORE_3,HOBBIES_1_002,2217,21.44
STORE_3,HOBBIES_1_002,2218,21.44
STORE_3,HOBBIES_1_002,2219,21.44
STORE_3,HOBBIES_1_002,2220,21.44
STORE_3,HOBBIES_1_002,2221,21.44
STORE_3,HOBBIES_1_002,2222,21.44
STORE_3,HOBBIES_1_002,2223,21.44
STORE_3,HOBBIES_1_002,2224,21.44
STORE_3,HOBBIES_1_002,2225,21.44
STORE_3,HOBBIES_1_002,2226,21.44
STORE_3,HOBBIES_1_002,2227,21.44
STORE_3,HOBBIES_1_002,2228,21.44
STORE_3,HOBBIES_1_002,2229,21.44
STORE_3,HOBBIES_1_002,2230,21.44
STORE_3,HOBBIES_1_002,2231,21.44
STORE_3,HOBBIES_1_002,2232,21.44
STORE_3,HOBBIES_1_002,2233,21.44
STORE_3,HOBBIES_1_002,2234,22.16
STORE_3,HOBBIES_1_002,2235,22.16
STORE_3,HOBBIES_1_002,2236,22.16
STORE_3,HOBBIES_1_002,2237,22.16
STORE_3,HOBBIES_1_002,2238,22.16
STORE_3,HOBBIES_1_002,2239,22.16
STORE_3,HOBBIES_1_002,2240,22.16
STORE_3,HOBBIES_1_002,2241,22.16
STORE_3,HOBBIES_1_002,2242,22.16
STORE_3,HOBBIES_1_002,2243,22.16
STORE_3,HOBBIES_1_002,2244,22.16
STORE_3,HOBBIES_1_002,2245,22.16
STORE_3,HOBBIES_1_002,2246,22.16
STORE_3,HOBBIES_1_002,2247,22.16
STORE_3,HOBBIES_1_002,2248,22.16
STORE_3,HOBBIES_1_002,2249,22.16
STORE_3,HOBBIES_1_002,2250,22.16
STORE_3,HOBBIES_1_002,2251,22.16
STORE_3,HOBBIES_1_002,2352,22.16
STORE_3,HOBBIES_1_002,2301,22.16
STORE_3,HOBBIES_1_002,2302,22.16
STORE_3,HOBBIES_1_002,2303,22.16
STORE_3,HOBBIES_1_002,2304,22.16
STORE_3,HOBBIES_1_002,2305,22.16
STORE_3,HOBBIES_1_002,2306,22.16
STORE_3,HOBBIES_1_002,2307,22.16
STORE_3,HOBBIES_1_002,2308,22.16
STORE_3,HOBBIES_1_002,2309,22.16
STORE_3,HOBBIES_1_002,2310,22.16
STORE_3,HOBBIES_1_002,2311,22.16
STORE_3,HOBBIES_1_002,2312,22.16
STORE_3,HOBBIES_1_002,2313,22.16
STORE_3,HOBBIES_1_002,2314,22.16
STORE_3,HOBBIES_1_002,2315,22.16
STORE_3,HOBBIES_1_002,2316,22.16
STORE_3,HOBBIES_1_002,2317,22.16
STORE_3,HOBBIES_1_002,2318,22.16
STORE_3,HOBBIES_1_002,2319,22.16
STORE_3,HOBBIES_1_002,2320,22.16
STORE_3,HOBBIES_1_002,2321,22.16
STORE_3,HOBBIES_1_002,2322,22.16
STORE_3,HOBBIES_1_002,2323,22.16
STORE_3,HOBBIES_1_002,2324,22.16
STORE_3,HOBBIES_1_002,2325,22.16
STORE_3,HOBBIES_1_002,2326,22.16
STORE_3,HOBBIES_1_002,2327,22.16
STORE_3,HOBBIES_1_002,2328,22.16
STORE_3,HOBBIES_1_002,2329,22.16
STORE_3,HOBBIES_1_002,2330,22.16
STORE_3,HOBBIES_1_002,2331,22.16
STORE_3,HOBBIES_1_002,2332,22.16
STORE_3,HOBBIES_1_002,2333,22.16
STORE_3,HOBBIES_1_002,2334,22.16
STORE_3,HOBBIES_1_002,2335,22.16
STORE_3,HOBBIES_1_002,2336,22.16
STORE_3,HOBBIES_1_002,2337,22.16
STORE_3,HOBBIES_1_002,2338,22.16
STORE_3,HOBBIES_1_002,2339,22.16
STORE_3,HOBBIES_1_002,2340,22.16
STORE_3,HOBBIES_1_002,2341,22.16
STORE_3,HOBBIES_1_002,2342,22.16
STORE_3,HOBBIES_1_002,2343,22.16
STORE_3,HOBBIES_1_002,2344,22.16
STORE_3,HOBBIES_1_002,2345,22.16
STORE_3,HOBBIES_1_002,2346,22.16
STORE_3,HOBBIES_1_002,2347,22.16
STORE_3,HOBBIES_1_002,2348,22.16
STORE_3,HOBBIES_1_002,2349,22.16
STORE_3,HOBBIES_1_002,2350,22.16
STORE_3,HOBBIES_1_002,2351,22.16
STORE_3,HOBBIES_1_002,2401,22.16
STORE_3,HOBBIES_1_002,2402,22.16
STORE_3,HOBBIES_1_002,2403,22.16
STORE_3,HOBBIES_1_002,2404,22.16
STORE_3,HOBBIES_1_002,2405,22.16
STORE_3,HOBBIES_1_002,2406,22.16
STORE_3,HOBBIES_1_002,2407,22.16
STORE_3,HOBBIES_1_002,2408,22.16
STORE_3,HOBBIES_1_002,2409,22.16
STORE_3,HOBBIES_1_002,2410,22.16
STORE_3,HOBBIES_1_002,2411,22.16
STORE_3,HOBBIES_1_002,2412,22.16
STORE_3,HOBBIES_1_002,2413,22.16
STORE_3,HOBBIES_1_002,2414,22.16
STORE_3,HOBBIES_1_002,2415,22.16
STORE_3,HOBBIES_1_002,2416,22.16
STORE_3,HOBBIES_1_002,2417,22.16
STORE_3,HOBBIES_1_002,2418,22.16
STORE_3,HOBBIES_1_002,2419,22.16
STORE_3,HOBBIES_1_002,2420,22.16
STORE_3,HOBBIES_1_002,2421,22.16
STORE_3,HOBBIES_1_002,2422,22.16
STORE_3,HOBBIES_1_002,2423,22.16
STORE_3,HOBBIES_1_002,2424,22.16
STORE_3,HOBBIES_1_002,2425,22.16
STORE_3,HOBBIES_1_002,2426,22.16
STORE_3,HOBBIES_1_002,2427,22.16
STORE_3,HOBBIES_1_002,2428,22.16
STORE_3,HOBBIES_1_002,2429,22.16
STORE_3,HOBBIES_1_002,2430,22.16
STORE_3,HOBBIES_1_002,2431,22.16
STORE_3,HOBBIES_1_002,2432,22.16
STORE_3,HOBBIES_1_002,2433,22.16
STORE_3,HOBBIES_1_002,2434,18.44
STORE_3,HOBBIES_1_002,2435,18.44
STORE_3,HOBBIES_1_002,2436,18.44
STORE_3,HOBBIES_1_002,2437,18.44
STORE_3,HOBBIES_1_002,2438,18.44
STORE_3,HOBBIES_1_002,2439,18.44
STORE_3,HOBBIES_1_002,2440,18.44
STORE_3,HOBBIES_1_002,2441,18.44
STORE_3,HOBBIES_1_002,2442,18.44
STORE_3,HOBBIES_1_002,2443,18.44
STORE_3,HOBBIES_1_002,2444,19.11
STORE_3,HOBBIES_1_002,2445,19.11
STORE_3,HOBBIES_1_002,2446,19.11
STORE_3,HOBBIES_1_002,2447,19.11
STORE_3,HOBBIES_1_002,2448,19.11
STORE_3,HOBBIES_1_002,2449,19.11
STORE_3,HOBBIES_1_002,2450,19.11
STORE_3,HOBBIES_1_002,2451,19.11
STORE_3,HOBBIES_1_002,2452,19.11
STORE_3,HOBBIES_1_002,2501,19.11
STORE_3,HOBBIES_1_002,2502,19.11
STORE_3,HOBBIES_1_002,2503,19.11
STORE_3,HOBBIES_1_002,2504,19.11
STORE_3,HOBBIES_1_002,2505,19.11
STORE_3,HOBBIES_1_003,2252,3.79
STORE_3,HOBBIES_1_003,2201,3.85
STORE_3,HOBBIES_1_003,2202,3.85
STORE_3,HOBBIES_1_003,2203,3.85
STORE_3,HOBBIES_1_003,2204,3.85
STORE_3,HOBBIES_1_003,2205,3.85
STORE_3,HOBBIES_1_003,2206,3.85
STORE_3,HOBBIES_1_003,2207,3.85
STORE_3,HOBBIES_1_003,2208,3.85
STORE_3,HOBBIES_1_003,2209,3.85
STORE_3,HOBBIES_1_003,2210,3.85
STORE_3,HOBBIES_1_003,2211,3.85
STORE_3,HOBBIES_1_003,2212,3.85
STORE_3,HOBBIES_1_003,2213,3.85
STORE_3,HOBBIES_1_003,2214,3.85
STORE_3,HOBBIES_1_003,2215,3.85
STORE_3,HOBBIES_1_003,2216,3.65
STORE_3,HOBBIES_1_003,2217,3.65
STORE_3,HOBBIES_1_003,2218,3.65
STORE_3,HOBBIES_1_003,2219,3.65
STORE_3,HOBBIES_1_003,2220,3.65
STORE_3,HOBBIES_1_003,2221,3.65
STORE_3,HOBBIES_1_003,2222,3.65
STORE_3,HOBBIES_1_003,2223,3.65
STORE_3,HOBBIES_1_003,2224,3.65
STORE_3,HOBBIES_1_003,2225,3.65
STORE_3,HOBBIES_1_003,2226,3.94
STORE_3,HOBBIES_1_003,2227,3.94
STORE_3,HOBBIES_1_003,2228,3.94
STORE_3,HOBBIES_1_003,2229,3.94
STORE_3,HOBBIES_1_003,2230,3.94
STORE_3,HOBBIES_1_003,2231,3.94
STORE_3,HOBBIES_1_003,2232,3.13
STORE_3,HOBBIES_1_003,2233,3.13
STORE_3,HOBBIES_1_003,2234,3.13
STORE_3,HOBBIES_1_003,2235,3.71
STORE_3,HOBBIES_1_003,2236,3.71
STORE_3,HOBBIES_1_003,2237,3.71
STORE_3,HOBBIES_1_003,2238,3.71
STORE_3,HOBBIES_1_003,2239,3.71
STORE_3,HOBBIES_1_003,2240,3.71
STORE_3,HOBBIES_1_003,2241,3.71
STORE_3,HOBBIES_1_003,2242,3.71
STORE_3,HOBBIES_1_003,2243,3.71
STORE_3,HOBBIES_1_003,2244,3.71
STORE_3,HOBBIES_1_003,2245,3.71
STORE_3,HOBBIES_1_003,2246,3.71
STORE_3,HOBBIES_1_003,2247,3.71
STORE_3,HOBBIES_1_003,2248,3.71
STORE_3,HOBBIES_1_003,2249,3.71
STORE_3,HOBBIES_1_003,2250,3.71
STORE_3,HOBBIES_1_003,2251,3.71
STORE_3,HOBBIES_1_003,2352,3.71
STORE_3,HOBBIES_1_003,2301,3.71
STORE_3,HOBBIES_1_003,2302,3.71
STORE_3,HOBBIES_1_003,2303,3.71
STORE_3,HOBBIES_1_003,2304,3.71
STORE_3,HOBBIES_1_003,2305,3.71
STORE_3,HOBBIES_1_003,2306,3.71
STORE_3,HOBBIES_1_003,2307,3.71
STORE_3,HOBBIES_1_003,2308,3.71
STORE_3,HOBBIES_1_003,2309,3.71
STORE_3,HOBBIES_1_003,2310,3.71
STORE_3,HOBBIES_1_003,2311,3.71
STORE_3,HOBBIES_1_003,2312,3.71
STORE_3,HOBBIES_1_003,2313,3.71
STORE_3,HOBBIES_1_003,2314,3.71
STORE_3,HOBBIES_1_003,2315,3.71
STORE_3,HOBBIES_1_003,2316,3.71
STORE_3,HOBBIES_1_003,2317,3.71
STORE_3,HOBBIES_1_003,2318,3.71
STORE_3,HOBBIES_1_003,2319,3.71
STORE_3,HOBBIES_1_003,2320,3.71
STORE_3,HOBBIES_1_003,2321,3.71
STORE_3,HOBBIES_1_003,2322,3.71
STORE_3,HOBBIES_1_003,2323,3.71
STORE_3,HOBBIES_1_003,2324,3.71
STORE_3,HOBBIES_1_003,2325,3.71
STORE_3,HOBBIES_1_003,2326,3.71
STORE_3,HOBBIES_1_003,2327,3.71
STORE_3,HOBBIES_1_003,2328,3.71
STORE_3,HOBBIES_1_003,2329,3.71
STORE_3,HOBBIES_1_003,2330,3.71
STORE_3,HOBBIES_1_003,2331,3.71
STORE_3,HOBBIES_1_003,2332,3.71
STORE_3,HOBBIES_1_003,2333,3.71
STORE_3,HOBBIES_1_003,2334,3.71
STORE_3,HOBBIES_1_003,2335,3.71
STORE_3,HOBBIES_1_003,2336,3.71
STORE_3,HOBBIES_1_003,2337,3.71
STORE_3,HOBBIES_1_003,2338,3.71
STORE_3,HOBBIES_1_003,2339,3.71
STORE_3,HOBBIES_1_003,2340,3.71
STORE_3,HOBBIES_1_003,2341,3.71
STORE_3,HOBBIES_1_003,2342,3.71
STORE_3,HOBBIES_1_003,2343,3.71
STORE_3,HOBBIES_1_003,2344,3.71
STORE_3,HOBBIES_1_003,2345,3.71
STORE_3,HOBBIES_1_003,2346,3.71
STORE_3,HOBBIES_1_003,2347,3.71
STORE_3,HOBBIES_1_003,2348,3.71
STORE_3,HOBBIES_1_003,2349,3.71
STORE_3,HOBBIES_1_003,2350,3.71
STORE_3,HOBBIES_1_003,2351,3.71
STORE_3,HOBBIES_1_003,2401,3.71
STORE_3,HOBBIES_1_003,2402,3.71
STORE_3,HOBBIES_1_003,2403,3.71
STORE_3,HOBBIES_1_003,2404,3.71
STORE_3,HOBBIES_1_003,2405,3.71
STORE_3,HOBBIES_1_003,2406,3.71
STORE_3,HOBBIES_1_003,2407,3.71
STORE_3,HOBBIES_1_003,2408,3.71
STORE_3,HOBBIES_1_003,2409,3.71
STORE_3,HOBBIES_1_003,2410,3.71
STORE_3,HOBBIES_1_003,2411,3.71
STORE_3,HOBBIES_1_003,2412,3.71
STORE_3,HOBBIES_1_003,2413,3.71
STORE_3,HOBBIES_1_003,2414,3.71
STORE_3,HOBBIES_1_003,2415,3.71
STORE_3,HOBBIES_1_003,2416,3.71
STORE_3,HOBBIES_1_003,2417,3.71
STORE_3,HOBBIES_1_003,2418,3.71
STORE_3,HOBBIES_1_003,2419,3.71
STORE_3,HOBBIES_1_003,2420,3.71
STORE_3,HOBBIES_1_003,2421,3.71
STORE_3,HOBBIES_1_003,2422,3.71
STORE_3,HOBBIES_1_003,2423,3.71
STORE_3,HOBBIES_1_003,2424,3.71
STORE_3,HOBBIES_1_003,2425,3.71
STORE_3,HOBBIES_1_003,2426,3.71
STORE_3,HOBBIES_1_003,2427,3.71
STORE_3,HOBBIES_1_003,2428,3.71
STORE_3,HOBBIES_1_003,2429,3.71
STORE_3,HOBBIES_1_003,2430,3.71
STORE_3,HOBBIES_1_003,2431,3.71
STORE_3,HOBBIES_1_003,2432,3.71
STORE_3,HOBBIES_1_003,2433,3.71
STORE_3,HOBBIES_1_003,2434,3.71
STORE_3,HOBBIES_1_003,2435,3.71
STORE_3,HOBBIES_1_003,2436,3.71
STORE_3,HOBBIES_1_003,2437,3.71
STORE_3,HOBBIES_1_003,2438,3.71
STORE_3,HOBBIES_1_003,2439,3.71
STORE_3,HOBBIES_1_003,2440,3.71
STORE_3,HOBBIES_1_003,2441,3.71
STORE_3,HOBBIES_1_003,2442,3.71
STORE_3,HOBBIES_1_003,2443,3.71
STORE_3,HOBBIES_1_003,2444,3.71
STORE_3,HOBBIES_1_003,2445,3.71
STORE_3,HOBBIES_1_003,2446,3.71
STORE_3,HOBBIES_1_003,2447,3.71
STORE_3,HOBBIES_1_003,2448,3.71
STORE_3,HOBBIES_1_003,2449,3.71
STORE_3,HOBBIES_1_003,2450,3.71
STORE_3,HOBBIES_1_003,2451,3.71
STORE_3,HOBBIES_1_003,2452,3.71
STORE_3,HOBBIES_1_003,2501,3.71
STORE_3,HOBBIES_1_003,2502,3.71
STORE_3,HOBBIES_1_003,2503,3.71
STORE_3,HOBBIES_1_003,2504,3.71
STORE_3,HOBBIES_1_003,2505,3.71
STORE_3,HOBBIES_1_004,2252,56.82
STORE_3,HOBBIES_1_004,2201,56.82
STORE_3,HOBBIES_1_004,2202,56.82
STORE_3,HOBBIES_1_004,2203,56.82
STORE_3,HOBBIES_1_004,2204,56.82
STORE_3,HOBBIES_1_004,2205,56.82
STORE_3,HOBBIES_1_004,2206,56.82
STORE_3,HOBBIES_1_004,2207,56.82
STORE_3,HOBBIES_1_004,2208,56.82
STORE_3,HOBBIES_1_004,2209,56.82
STORE_3,HOBBIES_1_004,2210,56.82
STORE_3,HOBBIES_1_004,2211,56.82
STORE_3,HOBBIES_1_004,2212,56.82
STORE_3,HOBBIES_1_004,2213,56.82
STORE_3,HOBBIES_1_004,2214,56.82
STORE_3,HOBBIES_1_004,2215,56.82
STORE_3,HOBBIES_1_004,2216,56.82
STORE_3,HOBBIES_1_004,2217,56.82
STORE_3,HOBBIES_1_004,2218,46.3
STORE_3,HOBBIES_1_004,2219,46.3
STORE_3,HOBBIES_1_004,2220,46.3
STORE_3,HOBBIES_1_004,2221,46.3
STORE_3,HOBBIES_1_004,2222,46.3
STORE_3,HOBBIES_1_004,2223,46.3
STORE_3,HOBBIES_1_004,2224,46.3
STORE_3,HOBBIES_1_004,2225,46.3
STORE_3,HOBBIES_1_004,2226,46.3
STORE_3,HOBBIES_1_004,2227,46.3
STORE_3,HOBBIES_1_004,2228,46.3
STORE_3,HOBBIES_1_004,2229,46.3
STORE_3,HOBBIES_1_004,2230,46.3
STORE_3,HOBBIES_1_004,2231,46.3
STORE_3,HOBBIES_1_004,2232,46.3
STORE_3,HOBBIES_1_004,2233,46.3
STORE_3,HOBBIES_1_004,2234,46.3
STORE_3,HOBBIES_1_004,2235,46.3
STORE_3,HOBBIES_1_004,2236,46.3
STORE_3,HOBBIES_1_004,2237,46.3
STORE_3,HOBBIES_1_004,2238,46.3
STORE_3,HOBBIES_1_004,2239,46.3
STORE_3,HOBBIES_1_004,2240,46.3
STORE_3,HOBBIES_1_004,2241,46.3
STORE_3,HOBBIES_1_004,2242,46.3
STORE_3,HOBBIES_1_004,2243,46.3
STORE_3,HOBBIES_1_004,2244,46.3
STORE_3,HOBBIES_1_004,2245,46.3
STORE_3,HOBBIES_1_004,2246,46.3
STORE_3,HOBBIES_1_004,2247,46.3
STORE_3,HOBBIES_1_004,2248,46.3
STORE_3,HOBBIES_1_004,2249,46.3
STORE_3,HOBBIES_1_004,2250,46.3
STORE_3,HOBBIES_1_004,2251,46.3
STORE_3,HOBBIES_1_004,2352,46.3
STORE_3,HOBBIES_1_004,2301,46.3
STORE_3,HOBBIES_1_004,2302,46.3
STORE_3,HOBBIES_1_004,2303,46.3
STORE_3,HOBBIES_1_004,2304,64.57
STORE_3,HOBBIES_1_004,2305,64.57
STORE_3,HOBBIES_1_004,2306,64.57
STORE_3,HOBBIES_1_004,2307,64.57
STORE_3,HOBBIES_1_004,2308,64.57
STORE_3,HOBBIES_1_004,2309,64.57
STORE_3,HOBBIES_1_004,2310,64.57
STORE_3,HOBBIES_1_004,2311,64.57
STORE_3,HOBBIES_1_004,2312,64.57
STORE_3,HOBBIES_1_004,2313,64.57
STORE_3,HOBBIES_1_004,2314,64.57
STORE_3,HOBBIES_1_004,2315,64.57
STORE_3,HOBBIES_1_004,2316,64.57
STORE_3,HOBBIES_1_004,2317,64.57
STORE_3,HOBBIES_1_004,2318,48.73
STORE_3,HOBBIES_1_004,2319,48.73
STORE_3,HOBBIES_1_004,2320,48.73
STORE_3,HOBBIES_1_004,2321,48.73
STORE_3,HOBBIES_1_004,2322,48.73
STORE_3,HOBBIES_1_004,2323,48.73
STORE_3,HOBBIES_1_004,2324,48.73
STORE_3,HOBBIES_1_004,2325,48.73
STORE_3,HOBBIES_1_004,2326,61.29
STORE_3,HOBBIES_1_004,2327,61.29
STORE_3,HOBBIES_1_004,2328,61.29
STORE_3,HOBBIES_1_004,2329,61.29
STORE_3,HOBBIES_1_004,2330,61.29
STORE_3,HOBBIES_1_004,2331,61.29
STORE_3,HOBBIES_1_004,2332,61.29
STORE_3,HOBBIES_1_004,2333,61.29
STORE_3,HOBBIES_1_004,2334,61.29
STORE_3,HOBBIES_1_004,2335,61.29
STORE_3,HOBBIES_1_004,2336,61.29
STORE_3,HOBBIES_1_004,2337,61.29
STORE_3,HOBBIES_1_004,2338,61.29
STORE_3,HOBBIES_1_004,2339,61.29
STORE_3,HOBBIES_1_004,2340,61.29
STORE_3,HOBBIES_1_004,2341,61.29
STORE_3,HOBBIES_1_004,2342,61.29
STORE_3,HOBBIES_1_004,2343,61.29
STORE_3,HOBBIES_1_004,2344,61.29
STORE_3,HOBBIES_1_004,2345,54.32
STORE_3,HOBBIES_1_004,2346,54.32
STORE_3,HOBBIES_1_004,2347,54.32
STORE_3,HOBBIES_1_004,2348,54.32
STORE_3,HOBBIES_1_004,2349,54.32
STORE_3,HOBBIES_1_004,2350,54.32
STORE_3,HOBBIES_1_004,2351,54.32
STORE_3,HOBBIES_1_004,2401,54.32
STORE_3,HOBBIES_1_004,2402,54.32
STORE_3,HOBBIES_1_004,2403,54.32
STORE_3,HOBBIES_1_004,2404,54.32
STORE_3,HOBBIES_1_004,2405,54.32
STORE_3,HOBBIES_1_004,2406,54.32
STORE_3,HOBBIES_1_004,2407,54.32
STORE_3,HOBBIES_1_004,2408,54.32
STORE_3,HOBBIES_1_004,2409,54.32
STORE_3,HOBBIES_1_004,2410,54.32
STORE_3,HOBBIES_1_004,2411,54.32
STORE_3,HOBBIES_1_004,2412,54.32
STORE_3,HOBBIES_1_004,2413,54.32
STORE_3,HOBBIES_1_004,2414,54.32
STORE_3,HOBBIES_1_004,2415,54.32
STORE_3,HOBBIES_1_004,2416,54.32
STORE_3,HOBBIES_1_004,2417,54.32
STORE_3,HOBBIES_1_004,2418,54.32
STORE_3,HOBBIES_1_004,2419,54.32
STORE_3,HOBBIES_1_004,2420,54.32
STORE_3,HOBBIES_1_004,2421,54.32
STORE_3,HOBBIES_1_004,2422,61.14
STORE_3,HOBBIES_1_004,2423,61.14
STORE_3,HOBBIES_1_004,2424,60.21
STORE_3,HOBBIES_1_004,2425,60.21
STORE_3,HOBBIES_1_004,2426,60.21
STORE_3,HOBBIES_1_004,2427,60.21
STORE_3,HOBBIES_1_004,2428,60.21
STORE_3,HOBBIES_1_004,2429,60.21
STORE_3,HOBBIES_1_004,2430,60.21
STORE_3,HOBBIES_1_004,2431,60.21
STORE_3,HOBBIES_1_004,2432,60.21
STORE_3,HOBBIES_1_004,2433,60.21
STORE_3,HOBBIES_1_004,2434,60.21
STORE_3,HOBBIES_1_004,2435,60.21
STORE_3,HOBBIES_1_004,2436,60.21
STORE_3,HOBBIES_1_004,2437,60.21
STORE_3,HOBBIES_1_004,2438,60.21
STORE_3,HOBBIES_1_004,2439,60.21
STORE_3,HOBBIES_1_004,2440,60.21
STORE_3,HOBBIES_1_004,2441,60.21
STORE_3,HOBBIES_1_004,2442,60.21
STORE_3,HOBBIES_1_004,2443,60.55
STORE_3,HOBBIES_1_004,2444,60.55
STORE_3,HOBBIES_1_004,2445,60.55
STORE_3,HOBBIES_1_004,2446,60.55
STORE_3,HOBBIES_1_004,2447,60.55
STORE_3,HOBBIES_1_004,2448,60.55
STORE_3,HOBBIES_1_004,2449,60.55
STORE_3,HOBBIES_1_004,2450,60.55
STORE_3,HOBBIES_1_004,2451,60.55
STORE_3,HOBBIES_1_004,2452,60.55
STORE_3,HOBBIES_1_004,2501,60.55
STORE_3,HOBBIES_1_004,2502,56.87
STORE_3,HOBBIES_1_004,2503,56.87
STORE_3,HOBBIES_1_004,2504,56.87
STORE_3,HOBBIES_1_004,2505,56.87
STORE_3,HOBBIES_1_005,2252,45.48
STORE_3,HOBBIES_1_005,2201,45.48
STORE_3,HOBBIES_1_005,2202,45.48
STORE_3,HOBBIES_1_005,2203,45.48
STORE_3,HOBBIES_1_005,2204,45.48
STORE_3,HOBBIES_1_005,2205,45.48
STORE_3,HOBBIES_1_005,2206,45.48
STORE_3,HOBBIES_1_005,2207,45.48
STORE_3,HOBBIES_1_005,2208,45.48
STORE_3,HOBBIES_1_005,2209,45.48
STORE_3,HOBBIES_1_005,2210,39.97
STORE_3,HOBBIES_1_005,2211,39.97
STORE_3,HOBBIES_1_005,2212,39.97
STORE_3,HOBBIES_1_005,2213,39.97
STORE_3,HOBBIES_1_005,2214,39.97
STORE_3,HOBBIES_1_005,2215,39.97
STORE_3,HOBBIES_1_005,2216,39.97
STORE_3,HOBBIES_1_005,2217,39.97
STORE_3,HOBBIES_1_005,2218,39.97
STORE_3,HOBBIES_1_005,2219,39.97
STORE_3,HOBBIES_1_005,2220,39.97
STORE_3,HOBBIES_1_005,2221,39.97
STORE_3,HOBBIES_1_005,2222,39.97
STORE_3,HOBBIES_1_005,2223,39.97
STORE_3,HOBBIES_1_005,2224,39.97
STORE_3,HOBBIES_1_005,2225,39.97
STORE_3,HOBBIES_1_005,2226,39.97
STORE_3,HOBBIES_1_005,2227,39.97
STORE_3,HOBBIES_1_005,2228,39.97
STORE_3,HOBBIES_1_005,2229,39.97
STORE_3,HOBBIES_1_005,2230,39.97
STORE_3,HOBBIES_1_005,2231,39.97
STORE_3,HOBBIES_1_005,2232,39.97
STORE_3,HOBBIES_1_005,2233,39.97
STORE_3,HOBBIES_1_005,2234,39.97
STORE_3,HOBBIES_1_005,2235,39.97
STORE_3,HOBBIES_1_005,2236,39.97
STORE_3,HOBBIES_1_005,2237,39.97
STORE_3,HOBBIES_1_005,2238,39.97
STORE_3,HOBBIES_1_005,2239,39.97
STORE_3,HOBBIES_1_005,2240,39.97
STORE_3,HOBBIES_1_005,2241,39.97
STORE_3,HOBBIES_1_005,2242,39.97
STORE_3,HOBBIES_1_005,2243,39.97
STORE_3,HOBBIES_1_005,2244,39.97
STORE_3,HOBBIES_1_005,2245,39.97
STORE_3,HOBBIES_1_005,2246,39.97
STORE_3,HOBBIES_1_005,2247,39.97
STORE_3,HOBBIES_1_005,2248,39.97
STORE_3,HOBBIES_1_005,2249,39.97
STORE_3,HOBBIES_1_005,2250,39.97
STORE_3,HOBBIES_1_005,2251,39.97
STORE_3,HOBBIES_1_005,2352,39.97
STORE_3,HOBBIES_1_005,2301,39.97
STORE_3,HOBBIES_1_005,2302,39.97
STORE_3,HOBBIES_1_005,2303,39.97
STORE_3,HOBBIES_1_005,2304,39.97
STORE_3,HOBBIES_1_005,2305,39.97
STORE_3,HOBBIES_1_005,2306,39.97
STORE_3,HOBBIES_1_005,2307,39.97
STORE_3,HOBBIES_1_005,2308,39.97
STORE_3,HOBBIES_1_005,2309,39.97
STORE_3,HOBBIES_1_005,2310,39.97
STORE_3,HOBBIES_1_005,2311,39.97
STORE_3,HOBBIES_1_005,2312,39.97
STORE_3,HOBBIES_1_005,2313,39.97
STORE_3,HOBBIES_1_005,2314,39.97
STORE_3,HOBBIES_1_005,2315,39.97
STORE_3,HOBBIES_1_005,2316,39.97
STORE_3,HOBBIES_1_005,2317,39.97
STORE_3,HOBBIES_1_005,2318,39.97
STORE_3,HOBBIES_1_005,2319,39.97
STORE_3,HOBBIES_1_005,2320,39.97
STORE_3,HOBBIES_1_005,2321,35.14
STORE_3,HOBBIES_1_005,2322,35.14
STORE_3,HOBBIES_1_005,2323,35.14
STORE_3,HOBBIES_1_005,2324,35.14
STORE_3,HOBBIES_1_005,2325,35.14
STORE_3,HOBBIES_1_005,2326,35.14
STORE_3,HOBBIES_1_005,2327,35.14
STORE_3,HOBBIES_1_005,2328,35.14
STORE_3,HOBBIES_1_005,2329,35.14
STORE_3,HOBBIES_1_005,2330,35.14
STORE_3,HOBBIES_1_005,2331,35.14
STORE_3,HOBBIES_1_005,2332,35.14
STORE_3,HOBBIES_1_005,2333,35.14
STORE_3,HOBBIES_1_005,2334,35.14
STORE_3,HOBBIES_1_005,2335,35.14
STORE_3,HOBBIES_1_005,2336,35.14
STORE_3,HOBBIES_1_005,2337,35.14
STORE_3,HOBBIES_1_005,2338,35.14
STORE_3,HOBBIES_1_005,2339,35.14
STORE_3,HOBBIES_1_005,2340,35.14
STORE_3,HOBBIES_1_005,2341,49.57
STORE_3,HOBBIES_1_005,2342,49.57
STORE_3,HOBBIES_1_005,2343,49.57
STORE_3,HOBBIES_1_005,2344,49.57
STORE_3,HOBBIES_1_005,2345,49.57
STORE_3,HOBBIES_1_005,2346,49.57
STORE_3,HOBBIES_1_005,2347,49.57
STORE_3,HOBBIES_1_005,2348,49.57
STORE_3,HOBBIES_1_005,2349,49.57
STORE_3,HOBBIES_1_005,2350,49.57
STORE_3,HOBBIES_1_005,2351,49.57
STORE_3,HOBBIES_1_005,2401,49.57
STORE_3,HOBBIES_1_005,2402,49.57
STORE_3,HOBBIES_1_005,2403,49.57
STORE_3,HOBBIES_1_005,2404,49.57
STORE_3,HOBBIES_1_005,2405,49.57
STORE_3,HOBBIES_1_005,2406,49.57
STORE_3,HOBBIES_1_005,2407,49.57
STORE_3,HOBBIES_1_005,2408,49.57
STORE_3,HOBBIES_1_005,2409,49.57
STORE_3,HOBBIES_1_005,2410,49.57
STORE_3,HOBBIES_1_005,2411,49.57
STORE_3,HOBBIES_1_005,2412,49.57
STORE_3,HOBBIES_1_005,2413,49.57
STORE_3,HOBBIES_1_005,2414,49.57
STORE_3,HOBBIES_1_005,2415,49.57
STORE_3,HOBBIES_1_005,2416,49.57
STORE_3,HOBBIES_1_005,2417,49.57
STORE_3,HOBBIES_1_005,2418,49.57
STORE_3,HOBBIES_1_005,2419,49.57
STORE_3,HOBBIES_1_005,2420,49.57
STORE_3,HOBBIES_1_005,2421,49.57
STORE_3,HOBBIES_1_005,2422,49.57
STORE_3,HOBBIES_1_005,2423,49.57
STORE_3,HOBBIES_1_005,2424,49.57
STORE_3,HOBBIES_1_005,2425,49.57
STORE_3,HOBBIES_1_005,2426,49.57
STORE_3,HOBBIES_1_005,2427,49.57
STORE_3,HOBBIES_1_005,2428,49.57
STORE_3,HOBBIES_1_005,2429,49.57
STORE_3,HOBBIES_1_005,2430,34.61
STORE_3,HOBBIES_1_005,2431,34.61
STORE_3,HOBBIES_1_005,2432,34.61
STORE_3,HOBBIES_1_005,2433,34.61
STORE_3,HOBBIES_1_005,2434,34.61
STORE_3,HOBBIES_1_005,2435,34.61
STORE_3,HOBBIES_1_005,2436,34.61
STORE_3,HOBBIES_1_005,2437,34.61
STORE_3,HOBBIES_1_005,2438,34.61
STORE_3,HOBBIES_1_005,2439,34.61
STORE_3,HOBBIES_1_005,2440,34.61
STORE_3,HOBBIES_1_005,2441,34.61
STORE_3,HOBBIES_1_005,2442,34.61
STORE_3,HOBBIES_1_005,2443,34.61
STORE_3,HOBBIES_1_005,2444,34.61
STORE_3,HOBBIES_1_005,2445,34.61
STORE_3,HOBBIES_1_005,2446,34.61
STORE_3,HOBBIES_1_005,2447,34.61
STORE_3,HOBBIES_1_005,2448,34.61
STORE_3,HOBBIES_1_005,2449,34.61
STORE_3,HOBBIES_1_005,2450,34.61
STORE_3,HOBBIES_1_005,2451,34.61
STORE_3,HOBBIES_1_005,2452,34.61
STORE_3,HOBBIES_1_005,2501,34.61
STORE_3,HOBBIES_1_005,2502,34.61
STORE_3,HOBBIES_1_005,2503,34.61
STORE_3,HOBBIES_1_005,2504,34.61
STORE_3,HOBBIES_1_005,2505,34.61
STORE_3,HOBBIES_1_006,2252,52.26
STORE_3,HOBBIES_1_006,2201,52.26
STORE_3,HOBBIES_1_006,2202,52.26
STORE_3,HOBBIES_1_006,2203,52.26
STORE_3,HOBBIES_1_006,2204,52.26
STORE_3,HOBBIES_1_006,2205,52.26
STORE_3,HOBBIES_1_006,2206,52.26
STORE_3,HOBBIES_1_006,2207,52.26
STORE_3,HOBBIES_1_006,2208,52.26
STORE_3,HOBBIES_1_006,2209,52.26
STORE_3,HOBBIES_1_006,2210,52.26
STORE_3,HOBBIES_1_006,2211,52.26
STORE_3,HOBBIES_1_006,2212,52.26
STORE_3,HOBBIES_1_006,2213,52.26
STORE_3,HOBBIES_1_006,2214,52.26
STORE_3,HOBBIES_1_006,2215,52.26
STORE_3,HOBBIES_1_006,2216,52.26
STORE_3,HOBBIES_1_006,2217,52.26
STORE_3,HOBBIES_1_006,2218,52.26
STORE_3,HOBBIES_1_006,2219,52.26
STORE_3,HOBBIES_1_006,2220,52.26
STORE_3,HOBBIES_1_006,2221,40.19
STORE_3,HOBBIES_1_006,2222,40.19
STORE_3,HOBBIES_1_006,2223,40.19
STORE_3,HOBBIES_1_006,2224,40.19
STORE_3,HOBBIES_1_006,2225,40.19
STORE_3,HOBBIES_1_006,2226,40.19
STORE_3,HOBBIES_1_006,2227,40.19
STORE_3,HOBBIES_1_006,2228,40.19
STORE_3,HOBBIES_1_006,2229,40.19
STORE_3,HOBBIES_1_006,2230,40.19
STORE_3,HOBBIES_1_006,2231,40.19
STORE_3,HOBBIES_1_006,2232,40.19
STORE_3,HOBBIES_1_006,2233,40.19
STORE_3,HOBBIES_1_006,2234,40.19
STORE_3,HOBBIES_1_006,2235,40.19
STORE_3,HOBBIES_1_006,2236,40.19
STORE_3,HOBBIES_1_006,2237,40.19
STORE_3,HOBBIES_1_006,2238,40.19
STORE_3,HOBBIES_1_006,2239,40.19
STORE_3,HOBBIES_1_006,2240,40.19
STORE_3,HOBBIES_1_006,2241,40.19
STORE_3,HOBBIES_1_006,2242,40.19
STORE_3,HOBBIES_1_006,2243,40.19
STORE_3,HOBBIES_1_006,2244,40.19
STORE_3,HOBBIES_1_006,2245,40.19
STORE_3,HOBBIES_1_006,2246,40.19
STORE_3,HOBBIES_1_006,2247,40.19
STORE_3,HOBBIES_1_006,2248,40.19
STORE_3,HOBBIES_1_006,2249,40.19
STORE_3,HOBBIES_1_006,2250,40.19
STORE_3,HOBBIES_1_006,2251,40.19
STORE_3,HOBBIES_1_006,2352,40.19
STORE_3,HOBBIES_1_006,2301,40.19
STORE_3,HOBBIES_1_006,2302,40.19
STORE_3,HOBBIES_1_006,2303,40.19
STORE_3,HOBBIES_1_006,2304,52.39
STORE_3,HOBBIES_1_006,2305,55.52
STORE_3,HOBBIES_1_006,2306,55.52
STORE_3,HOBBIES_1_006,2307,55.52
STORE_3,HOBBIES_1_006,2308,55.52
STORE_3,HOBBIES_1_006,2309,55.52
STORE_3,HOBBIES_1_006,2310,55.52
STORE_3,HOBBIES_1_006,2311,55.52
STORE_3,HOBBIES_1_006,2312,55.52
STORE_3,HOBBIES_1_006,2313,55.52
STORE_3,HOBBIES_1_006,2314,55.52
STORE_3,HOBBIES_1_006,2315,55.52
STORE_3,HOBBIES_1_006,2316,55.52
STORE_3,HOBBIES_1_006,2317,55.52
STORE_3,HOBBIES_1_006,2318,55.52
STORE_3,HOBBIES_1_006,2319,55.52
STORE_3,HOBBIES_1_006,2320,55.52
STORE_3,HOBBIES_1_006,2321,55.52
STORE_3,HOBBIES_1_006,2322,55.52
STORE_3,HOBBIES_1_006,2323,55.52
STORE_3,HOBBIES_1_006,2324,55.52
STORE_3,HOBBIES_1_006,2325,55.52
STORE_3,HOBBIES_1_006,2326,55.52
STORE_3,HOBBIES_1_006,2327,55.52
STORE_3,HOBBIES_1_006,2328,55.52
STORE_3,HOBBIES_1_006,2329,55.52
STORE_3,HOBBIES_1_006,2330,55.52
STORE_3,HOBBIES_1_006,2331,55.52
STORE_3,HOBBIES_1_006,2332,55.52
STORE_3,HOBBIES_1_006,2333,55.52
STORE_3,HOBBIES_1_006,2334,55.52
STORE_3,HOBBIES_1_006,2335,55.52
STORE_3,HOBBIES_1_006,2336,55.52
STORE_3,HOBBIES_1_006,2337,55.52
STORE_3,HOBBIES_1_006,2338,55.52
STORE_3,HOBBIES_1_006,2339,55.52
STORE_3,HOBBIES_1_006,2340,55.52
STORE_3,HOBBIES_1_006,2341,55.52
STORE_3,HOBBIES_1_006,2342,55.52
STORE_3,HOBBIES_1_006,2343,55.52
STORE_3,HOBBIES_1_006,2344,55.52
STORE_3,HOBBIES_1_006,2345,55.52
STORE_3,HOBBIES_1_006,2346,55.52
STORE_3,HOBBIES_1_006,2347,55.52
STORE_3,HOBBIES_1_006,2348,55.52
STORE_3,HOBBIES_1_006,2349,55.52
STORE_3,HOBBIES_1_006,2350,55.52
STORE_3,HOBBIES_1_006,2351,55.52
STORE_3,HOBBIES_1_006,2401,55.52
STORE_3,HOBBIES_1_006,2402,55.52
STORE_3,HOBBIES_1_006,2403,55.52
STORE_3,HOBBIES_1_006,2404,55.52
STORE_3,HOBBIES_1_006,2405,55.52
STORE_3,HOBBIES_1_006,2406,55.52
STORE_3,HOBBIES_1_006,2407,55.52
STORE_3,HOBBIES_1_006,2408,55.52
STORE_3,HOBBIES_1_006,2409,55.52
STORE_3,HOBBIES_1_006,2410,55.52
STORE_3,HOBBIES_1_006,2411,55.52
STORE_3,HOBBIES_1_006,2412,55.52
STORE_3,HOBBIES_1_006,2413,55.52
STORE_3,HOBBIES_1_006,2414,55.52
STORE_3,HOBBIES_1_006,2415,55.52
STORE_3,HOBBIES_1_006,2416,55.52
STORE_3,HOBBIES_1_006,2417,55.52
STORE_3,HOBBIES_1_006,2418,55.52
STORE_3,HOBBIES_1_006,2419,55.52
STORE_3,HOBBIES_1_006,2420,55.52
STORE_3,HOBBIES_1_006,2421,55.52
STORE_3,HOBBIES_1_006,2422,55.52
STORE_3,HOBBIES_1_006,2423,55.52
STORE_3,HOBBIES_1_006,2424,55.52
STORE_3,HOBBIES_1_006,2425,55.52
STORE_3,HOBBIES_1_006,2426,55.52
STORE_3,HOBBIES_1_006,2427,55.52
STORE_3,HOBBIES_1_006,2428,55.52
STORE_3,HOBBIES_1_006,2429,55.52
STORE_3,HOBBIES_1_006,2430,55.52
STORE_3,HOBBIES_1_006,2431,55.52
STORE_3,HOBBIES_1_006,2432,55.52
STORE_3,HOBBIES_1_006,2433,55.52
STORE_3,HOBBIES_1_006,2434,55.52
STORE_3,HOBBIES_1_006,2435,55.52
STORE_3,HOBBIES_1_006,2436,55.52
STORE_3,HOBBIES_1_006,2437,55.52
STORE_3,HOBBIES_1_006,2438,55.52
STORE_3,HOBBIES_1_006,2439,55.52
STORE_3,HOBBIES_1_006,2440,55.52
STORE_3,HOBBIES_1_006,2441,55.52
STORE_3,HOBBIES_1_006,2442,55.52
STORE_3,HOBBIES_1_006,2443,55.52
STORE_3,HOBBIES_1_006,2444,55.52
STORE_3,HOBBIES_1_006,2445,55.52
STORE_3,HOBBIES_1_006,2446,55.52
STORE_3,HOBBIES_1_006,2447,55.52
STORE_3,HOBBIES_1_006,2448,55.52
STORE_3,HOBBIES_1_006,2449,55.52
STORE_3,HOBBIES_1_006,2450,54.35
STORE_3,HOBBIES_1_006,2451,54.35
STORE_3,HOBBIES_1_006,2452,40.9
STORE_3,HOBBIES_1_006,2501,40.9
STORE_3,HOBBIES_1_006,2502,40.9
STORE_3,HOBBIES_1_006,2503,40.9
STORE_3,HOBBIES_1_006,2504,40.9
STORE_3,HOBBIES_1_006,2505,40.9
STORE_3,HOBBIES_1_007,2252,14.52
STORE_3,HOBBIES_1_007,2201,14.52
STORE_3,HOBBIES_1_007,2202,14.52
STORE_3,HOBBIES_1_007,2203,14.52
STORE_3,HOBBIES_1_007,2204,14.52
STORE_3,HOBBIES_1_007,2205,14.52
STORE_3,HOBBIES_1_007,2206,14.52
STORE_3,HOBBIES_1_007,2207,14.52
STORE_3,HOBBIES_1_007,2208,14.52
STORE_3,HOBBIES_1_007,2209,14.52
STORE_3,HOBBIES_1_007,2210,14.52
STORE_3,HOBBIES_1_007,2211,14.52
STORE_3,HOBBIES_1_007,2212,14.52
STORE_3,HOBBIES_1_007,2213,14.52
STORE_3,HOBBIES_1_007,2214,14.52
STORE_3,HOBBIES_1_007,2215,14.52
STORE_3,HOBBIES_1_007,2216,14.52
STORE_3,HOBBIES_1_007,2217,14.52
STORE_3,HOBBIES_1_007,2218,14.52
STORE_3,HOBBIES_1_007,2219,14.52
STORE_3,HOBBIES_1_007,2220,14.52
STORE_3,HOBBIES_1_007,2221,14.52
STORE_3,HOBBIES_1_007,2222,14.52
STORE_3,HOBBIES_1_007,2223,14.52
STORE_3,HOBBIES_1_007,2224,14.52
STORE_3,HOBBIES_1_007,2225,14.52
STORE_3,HOBBIES_1_007,2226,14.52
STORE_3,HOBBIES_1_007,2227,14.52
STORE_3,HOBBIES_1_007,2228,14.52
STORE_3,HOBBIES_1_007,2229,14.52
STORE_3,HOBBIES_1_007,2230,14.52
STORE_3,HOBBIES_1_007,2231,14.52
STORE_3,HOBBIES_1_007,2232,14.52
STORE_3,HOBBIES_1_007,2233,14.52
STORE_3,HOBBIES_1_007,2234,14.52
STORE_3,HOBBIES_1_007,2235,14.52
STORE_3,HOBBIES_1_007,2236,14.52
STORE_3,HOBBIES_1_007,2237,14.52
STORE_3,HOBBIES_1_007,2238,14.52
STORE_3,HOBBIES_1_007,2239,14.52
STORE_3,HOBBIES_1_007,2240,14.52
STORE_3,HOBBIES_1_007,2241,14.52
STORE_3,HOBBIES_1_007,2242,14.52
STORE_3,HOBBIES_1_007,2243,13.9
STORE_3,HOBBIES_1_007,2244,13.9
STORE_3,HOBBIES_1_007,2245,13.9
STORE_3,HOBBIES_1_007,2246,13.9
STORE_3,HOBBIES_1_007,2247,13.9
STORE_3,HOBBIES_1_007,2248,13.9
STORE_3,HOBBIES_1_007,2249,13.9
STORE_3,HOBBIES_1_007,2250,13.9
STORE_3,HOBBIES_1_007,2251,13.9
STORE_3,HOBBIES_1_007,2352,13.9
STORE_3,HOBBIES_1_007,2301,13.9
STORE_3,HOBBIES_1_007,2302,13.9
STORE_3,HOBBIES_1_007,2303,13.9
STORE_3,HOBBIES_1_007,2304,13.9
STORE_3,HOBBIES_1_007,2305,13.9
STORE_3,HOBBIES_1_007,2306,13.9
STORE_3,HOBBIES_1_007,2307,13.9
STORE_3,HOBBIES_1_007,2308,13.9
STORE_3,HOBBIES_1_007,2309,13.9
STORE_3,HOBBIES_1_007,2310,13.9
STORE_3,HOBBIES_1_007,2311,13.9
STORE_3,HOBBIES_1_007,2312,13.9
STORE_3,HOBBIES_1_007,2313,13.9
STORE_3,HOBBIES_1_007,2314,13.65
STORE_3,HOBBIES_1_007,2315,13.65
STORE_3,HOBBIES_1_007,2316,13.65
STORE_3,HOBBIES_1_007,2317,13.65
STORE_3,HOBBIES_1_007,2318,13.65
STORE_3,HOBBIES_1_007,2319,13.65
STORE_3,HOBBIES_1_007,2320,13.65
STORE_3,HOBBIES_1_007,2321,13.65
STORE_3,HOBBIES_1_007,2322,13.65
STORE_3,HOBBIES_1_007,2323,13.65
STORE_3,HOBBIES_1_007,2324,13.65
STORE_3,HOBBIES_1_007,2325,13.65
STORE_3,HOBBIES_1_007,2326,13.65
STORE_3,HOBBIES_1_007,2327,13.65
STORE_3,HOBBIES_1_007,2328,13.65
STORE_3,HOBBIES_1_007,2329,13.65
STORE_3,HOBBIES_1_007,2330,13.65
STORE_3,HOBBIES_1_007,2331,13.65
STORE_3,HOBBIES_1_007,2332,13.65
STORE_3,HOBBIES_1_007,2333,13.65
STORE_3,HOBBIES_1_007,2334,13.65
STORE_3,HOBBIES_1_007,2335,13.65
STORE_3,HOBBIES_1_007,2336,13.65
STORE_3,HOBBIES_1_007,2337,13.65
STORE_3,HOBBIES_1_007,2338,13.65
STORE_3,HOBBIES_1_007,2339,13.65
STORE_3,HOBBIES_1_007,2340,13.65
STORE_3,HOBBIES_1_007,2341,13.65
STORE_3,HOBBIES_1_007,2342,13.65
STORE_3,HOBBIES_1_007,2343,13.65
STORE_3,HOBBIES_1_007,2344,13.65
STORE_3,HOBBIES_1_007,2345,13.65
STORE_3,HOBBIES_1_007,2346,13.65
STORE_3,HOBBIES_1_007,2347,13.65
STORE_3,HOBBIES_1_007,2348,13.65
STORE_3,HOBBIES_1_007,2349,13.65
STORE_3,HOBBIES_1_007,2350,13.65
STORE_3,HOBBIES_1_007,2351,13.65
STORE_3,HOBBIES_1_007,2401,13.65
STORE_3,HOBBIES_1_007,2402,13.65
STORE_3,HOBBIES_1_007,2403,13.65
STORE_3,HOBBIES_1_007,2404,13.65
STORE_3,HOBBIES_1_007,2405,13.65
STORE_3,HOBBIES_1_007,2406,13.65
STORE_3,HOBBIES_1_007,2407,13.65
STORE_3,HOBBIES_1_007,2408,13.65
STORE_3,HOBBIES_1_007,2409,13.65
STORE_3,HOBBIES_1_007,2410,13.65
STORE_3,HOBBIES_1_007,2411,13.65
STORE_3,HOBBIES_1_007,2412,13.65
STORE_3,HOBBIES_1_007,2413,13.65
STORE_3,HOBBIES_1_007,2414,13.65
STORE_3,HOBBIES_1_007,2415,13.65
STORE_3,HOBBIES_1_007,2416,13.65
STORE_3,HOBBIES_1_007,2417,13.65
STORE_3,HOBBIES_1_007,2418,13.65
STORE_3,HOBBIES_1_007,2419,13.65
STORE_3,HOBBIES_1_007,2420,13.65
STORE_3,HOBBIES_1_007,2421,13.65
STORE_3,HOBBIES_1_007,2422,13.65
STORE_3,HOBBIES_1_007,2423,13.65
STORE_3,HOBBIES_1_007,2424,13.65
STORE_3,HOBBIES_1_007,2425,13.65
STORE_3,HOBBIES_1_007,2426,13.65
STORE_3,HOBBIES_1_007,2427,13.65
STORE_3,HOBBIES_1_007,2428,13.65
STORE_3,HOBBIES_1_007,2429,13.65
STORE_3,HOBBIES_1_007,2430,13.65
STORE_3,HOBBIES_1_007,2431,13.65
STORE_3,HOBBIES_1_007,2432,13.65
STORE_3,HOBBIES_1_007,2433,13.65
STORE_3,HOBBIES_1_007,2434,13.65
STORE_3,HOBBIES_1_007,2435,13.65
STORE_3,HOBBIES_1_007,2436,13.65
STORE_3,HOBBIES_1_007,2437,13.65
STORE_3,HOBBIES_1_007,2438,13.65
STORE_3,HOBBIES_1_007,2439,13.65
STORE_3,HOBBIES_1_007,2440,13.65
STORE_3,HOBBIES_1_007,2441,13.65
STORE_3,HOBBIES_1_007,2442,13.65
STORE_3,HOBBIES_1_007,2443,13.65
STORE_3,HOBBIES_1_007,2444,13.65
STORE_3,HOBBIES_1_007,2445,13.65
STORE_3,HOBBIES_1_007,2446,13.65
STORE_3,HOBBIES_1_007,2447,13.65
STORE_3,HOBBIES_1_007,2448,13.65
STORE_3,HOBBIES_1_007,2449,13.65
STORE_3,HOBBIES_1_007,2450,13.65
STORE_3,HOBBIES_1_007,2451,13.65
STORE_3,HOBBIES_1_007,2452,13.65
STORE_3,HOBBIES_1_007,2501,13.65
STORE_3,HOBBIES_1_007,2502,13.65
STORE_3,HOBBIES_1_007,2503,13.65
STORE_3,HOBBIES_1_007,2504,13.65
STORE_3,HOBBIES_1_007,2505,13.65
STORE_3,HOBBIES_1_008,2252,47.2
STORE_3,HOBBIES_1_008,2201,47.2
STORE_3,HOBBIES_1_008,2202,47.2
STORE_3,HOBBIES_1_008,2203,47.2
STORE_3,HOBBIES_1_008,2204,47.2
STORE_3,HOBBIES_1_008,2205,47.2
STORE_3,HOBBIES_1_008,2206,47.2
STORE_3,HOBBIES_1_008,2207,47.2
STORE_3,HOBBIES_1_008,2208,47.2
STORE_3,HOBBIES_1_008,2209,47.2
STORE_3,HOBBIES_1_008,2210,47.2
STORE_3,HOBBIES_1_008,2211,47.2
STORE_3,HOBBIES_1_008,2212,47.2
STORE_3,HOBBIES_1_008,2213,51.44
STORE_3,HOBBIES_1_008,2214,51.44
STORE_3,HOBBIES_1_008,2215,51.44
STORE_3,HOBBIES_1_008,2216,51.44
STORE_3,HOBBIES_1_008,2217,51.44
STORE_3,HOBBIES_1_008,2218,51.44
STORE_3,HOBBIES_1_008,2219,51.44
STORE_3,HOBBIES_1_008,2220,51.44
STORE_3,HOBBIES_1_008,2221,51.44
STORE_3,HOBBIES_1_008,2222,51.44
STORE_3,HOBBIES_1_008,2223,37.45
STORE_3,HOBBIES_1_008,2224,37.45
STORE_3,HOBBIES_1_008,2225,37.45
STORE_3,HOBBIES_1_008,2226,37.45
STORE_3,HOBBIES_1_008,2227,37.45
STORE_3,HOBBIES_1_008,2228,50.38
STORE_3,HOBBIES_1_008,2229,50.38
STORE_3,HOBBIES_1_008,2230,50.38
STORE_3,HOBBIES_1_008,2231,50.38
STORE_3,HOBBIES_1_008,2232,50.38
STORE_3,HOBBIES_1_008,2233,50.38
STORE_3,HOBBIES_1_008,2234,50.38
STORE_3,HOBBIES_1_008,2235,50.38
STORE_3,HOBBIES_1_008,2236,50.38
STORE_3,HOBBIES_1_008,2237,50.38
STORE_3,HOBBIES_1_008,2238,47.81
STORE_3,HOBBIES_1_008,2239,47.81
STORE_3,HOBBIES_1_008,2240,47.81
STORE_3,HOBBIES_1_008,2241,47.81
STORE_3,HOBBIES_1_008,2242,47.81
STORE_3,HOBBIES_1_008,2243,47.81
STORE_3,HOBBIES_1_008,2244,47.81
STORE_3,HOBBIES_1_008,2245,47.81
STORE_3,HOBBIES_1_008,2246,47.81
STORE_3,HOBBIES_1_008,2247,47.81
STORE_3,HOBBIES_1_008,2248,47.81
STORE_3,HOBBIES_1_008,2249,47.81
STORE_3,HOBBIES_1_008,2250,47.81
STORE_3,HOBBIES_1_008,2251,47.81
STORE_3,HOBBIES_1_008,2352,47.81
STORE_3,HOBBIES_1_008,2301,47.81
STORE_3,HOBBIES_1_008,2302,47.81
STORE_3,HOBBIES_1_008,2303,47.81
STORE_3,HOBBIES_1_008,2304,47.81
STORE_3,HOBBIES_1_008,2305,47.81
STORE_3,HOBBIES_1_008,2306,47.81
STORE_3,HOBBIES_1_008,2307,47.81
STORE_3,HOBBIES_1_008,2308,43.95
STORE_3,HOBBIES_1_008,2309,43.95
STORE_3,HOBBIES_1_008,2310,43.95
STORE_3,HOBBIES_1_008,2311,43.95
STORE_3,HOBBIES_1_008,2312,43.95
STORE_3,HOBBIES_1_008,2313,43.95
STORE_3,HOBBIES_1_008,2314,43.95
STORE_3,HOBBIES_1_008,2315,43.95
STORE_3,HOBBIES_1_008,2316,43.95
STORE_3,HOBBIES_1_008,2317,43.95
STORE_3,HOBBIES_1_008,2318,43.95
STORE_3,HOBBIES_1_008,2319,43.95
STORE_3,HOBBIES_1_008,2320,43.95
STORE_3,HOBBIES_1_008,2321,43.95
STORE_3,HOBBIES_1_008,2322,43.95
STORE_3,HOBBIES_1_008,2323,43.95
STORE_3,HOBBIES_1_008,2324,43.95
STORE_3,HOBBIES_1_008,2325,43.95
STORE_3,HOBBIES_1_008,2326,43.95
STORE_3,HOBBIES_1_008,2327,43.95
STORE_3,HOBBIES_1_008,2328,43.95
STORE_3,HOBBIES_1_008,2329,43.95
STORE_3,HOBBIES_1_008,2330,43.95
STORE_3,HOBBIES_1_008,2331,43.95
STORE_3,HOBBIES_1_008,2332,43.95
STORE_3,HOBBIES_1_008,2333,43.95
STORE_3,HOBBIES_1_008,2334,43.95
STORE_3,HOBBIES_1_008,2335,43.95
STORE_3,HOBBIES_1_008,2336,43.95
STORE_3,HOBBIES_1_008,2337,43.95
STORE_3,HOBBIES_1_008,2338,43.95
STORE_3,HOBBIES_1_008,2339,43.95
STORE_3,HOBBIES_1_008,2340,43.95
STORE_3,HOBBIES_1_008,2341,43.95
STORE_3,HOBBIES_1_008,2342,43.95
STORE_3,HOBBIES_1_008,2343,43.95
STORE_3,HOBBIES_1_008,2344,43.95
STORE_3,HOBBIES_1_008,2345,43.95
STORE_3,HOBBIES_1_008,2346,43.95
STORE_3,HOBBIES_1_008,2347,43.95
STORE_3,HOBBIES_1_008,2348,43.95
STORE_3,HOBBIES_1_008,2349,43.95
STORE_3,HOBBIES_1_008,2350,43.95
STORE_3,HOBBIES_1_008,2351,45.84
STORE_3,HOBBIES_1_008,2401,45.84
STORE_3,HOBBIES_1_008,2402,45.84
STORE_3,HOBBIES_1_008,2403,45.84
STORE_3,HOBBIES_1_008,2404,45.84
STORE_3,HOBBIES_1_008,2405,45.84
STORE_3,HOBBIES_1_008,2406,48.98
STORE_3,HOBBIES_1_008,2407,48.98
STORE_3,HOBBIES_1_008,2408,48.98
STORE_3,HOBBIES_1_008,2409,48.98
STORE_3,HOBBIES_1_008,2410,48.98
STORE_3,HOBBIES_1_008,2411,48.98
STORE_3,HOBBIES_1_008,2412,48.98
STORE_3,HOBBIES_1_008,2413,48.98
STORE_3,HOBBIES_1_008,2414,48.98
STORE_3,HOBBIES_1_008,2415,48.98
STORE_3,HOBBIES_1_008,2416,48.98
STORE_3,HOBBIES_1_008,2417,48.98
STORE_3,HOBBIES_1_008,2418,48.98
STORE_3,HOBBIES_1_008,2419,48.98
STORE_3,HOBBIES_1_008,2420,48.98
STORE_3,HOBBIES_1_008,2421,48.98
STORE_3,HOBBIES_1_008,2422,48.98
STORE_3,HOBBIES_1_008,2423,48.98
STORE_3,HOBBIES_1_008,2424,37.81
STORE_3,HOBBIES_1_008,2425,37.81
STORE_3,HOBBIES_1_008,2426,37.81
STORE_3,HOBBIES_1_008,2427,37.81
STORE_3,HOBBIES_1_008,2428,37.81
STORE_3,HOBBIES_1_008,2429,37.81
STORE_3,HOBBIES_1_008,2430,37.81
STORE_3,HOBBIES_1_008,2431,37.81
STORE_3,HOBBIES_1_008,2432,37.81
STORE_3,HOBBIES_1_008,2433,37.81
STORE_3,HOBBIES_1_008,2434,37.81
STORE_3,HOBBIES_1_008,2435,37.81
STORE_3,HOBBIES_1_008,2436,37.81
STORE_3,HOBBIES_1_008,2437,37.81
STORE_3,HOBBIES_1_008,2438,37.81
STORE_3,HOBBIES_1_008,2439,37.81
STORE_3,HOBBIES_1_008,2440,37.81
STORE_3,HOBBIES_1_008,2441,37.81
STORE_3,HOBBIES_1_008,2442,37.81
STORE_3,HOBBIES_1_008,2443,37.81
STORE_3,HOBBIES_1_008,2444,37.81
STORE_3,HOBBIES_1_008,2445,37.81
STORE_3,HOBBIES_1_008,2446,37.81
STORE_3,HOBBIES_1_008,2447,37.81
STORE_3,HOBBIES_1_008,2448,37.81
STORE_3,HOBBIES_1_008,2449,37.81
STORE_3,HOBBIES_1_008,2450,37.81
STORE_3,HOBBIES_1_008,2451,37.81
STORE_3,HOBBIES_1_008,2452,37.81
STORE_3,HOBBIES_1_008,2501,37.81
STORE_3,HOBBIES_1_008,2502,37.81
STORE_3,HOBBIES_1_008,2503,37.81
STORE_3,HOBBIES_1_008,2504,37.81
STORE_3,HOBBIES_1_008,2505,37.81
STORE_3,HOBBIES_2_001,2252,15.38
STORE_3,HOBBIES_2_001,2201,15.38
STORE_3,HOBBIES_2_001,2202,15.38
STORE_3,HOBBIES_2_001,2203,15.38
STORE_3,HOBBIES_2_001,2204,15.38
STORE_3,HOBBIES_2_001,2205,15.38
STORE_3,HOBBIES_2_001,2206,15.38
STORE_3,HOBBIES_2_001,2207,15.38
STORE_3,HOBBIES_2_001,2208,15.38
STORE_3,HOBBIES_2_001,2209,15.38
STORE_3,HOBBIES_2_001,2210,15.38
STORE_3,HOBBIES_2_001,2211,15.38
STORE_3,HOBBIES_2_001,2212,15.38
STORE_3,HOBBIES_2_001,2213,15.38
STORE_3,HOBBIES_2_001,2214,15.38
STORE_3,HOBBIES_2_001,2215,15.38
STORE_3,HOBBIES_2_001,2216,15.38
STORE_3,HOBBIES_2_001,2217,15.38
STORE_3,HOBBIES_2_001,2218,15.38
STORE_3,HOBBIES_2_001,2219,15.38
STORE_3,HOBBIES_2_001,2220,15.38
STORE_3,HOBBIES_2_001,2221,15.38
STORE_3,HOBBIES_2_001,2222,15.38
STORE_3,HOBBIES_2_001,2223,15.38
STORE_3,HOBBIES_2_001,2224,15.38
STORE_3,HOBBIES_2_001,2225,15.38
STORE_3,HOBBIES_2_001,2226,15.38
STORE_3,HOBBIES_2_001,2227,15.38
STORE_3,HOBBIES_2_001,2228,15.49
STORE_3,HOBBIES_2_001,2229,15.49
STORE_3,HOBBIES_2_001,2230,15.49
STORE_3,HOBBIES_2_001,2231,15.49
STORE_3,HOBBIES_2_001,2232,15.49
STORE_3,HOBBIES_2_001,2233,15.49
STORE_3,HOBBIES_2_001,2234,15.49
STORE_3,HOBBIES_2_001,2235,15.49
STORE_3,HOBBIES_2_001,2236,15.49
STORE_3,HOBBIES_2_001,2237,15.49
STORE_3,HOBBIES_2_001,2238,15.49
STORE_3,HOBBIES_2_001,2239,15.49
STORE_3,HOBBIES_2_001,2240,15.49
STORE_3,HOBBIES_2_001,2241,15.49
STORE_3,HOBBIES_2_001,2242,15.49
STORE_3,HOBBIES_2_001,2243,13.72
STORE_3,HOBBIES_2_001,2244,13.72
STORE_3,HOBBIES_2_001,2245,13.72
STORE_3,HOBBIES_2_001,2246,13.72
STORE_3,HOBBIES_2_001,2247,13.72
STORE_3,HOBBIES_2_001,2248,13.72
STORE_3,HOBBIES_2_001,2249,13.72
STORE_3,HOBBIES_2_001,2250,13.72
STORE_3,HOBBIES_2_001,2251,13.72
STORE_3,HOBBIES_2_001,2352,13.72
STORE_3,HOBBIES_2_001,2301,12.46
STORE_3,HOBBIES_2_001,2302,14.95
STORE_3,HOBBIES_2_001,2303,14.95
STORE_3,HOBBIES_2_001,2304,14.95
STORE_3,HOBBIES_2_001,2305,14.95
STORE_3,HOBBIES_2_001,2306,14.95
STORE_3,HOBBIES_2_001,2307,14.95
STORE_3,HOBBIES_2_001,2308,14.95
STORE_3,HOBBIES_2_001,2309,14.95
STORE_3,HOBBIES_2_001,2310,14.95
STORE_3,HOBBIES_2_001,2311,14.95
STORE_3,HOBBIES_2_001,2312,14.95
STORE_3,HOBBIES_2_001,2313,14.95
STORE_3,HOBBIES_2_001,2314,14.95
STORE_3,HOBBIES_2_001,2315,14.95
STORE_3,HOBBIES_2_001,2316,14.95
STORE_3,HOBBIES_2_001,2317,14.95
STORE_3,HOBBIES_2_001,2318,14.95
STORE_3,HOBBIES_2_001,2319,14.95
STORE_3,HOBBIES_2_001,2320,14.95
STORE_3,HOBBIES_2_001,2321,14.95
STORE_3,HOBBIES_2_001,2322,14.95
STORE_3,HOBBIES_2_001,2323,14.95
STORE_3,HOBBIES_2_001,2324,14.95
STORE_3,HOBBIES_2_001,2325,14.95
STORE_3,HOBBIES_2_001,2326,15.03
STORE_3,HOBBIES_2_001,2327,15.03
STORE_3,HOBBIES_2_001,2328,15.03
STORE_3,HOBBIES_2_001,2329,15.03
STORE_3,HOBBIES_2_001,2330,15.03
STORE_3,HOBBIES_2_001,2331,15.03
STORE_3,HOBBIES_2_001,2332,15.03
STORE_3,HOBBIES_2_001,2333,15.03
STORE_3,HOBBIES_2_001,2334,15.03
STORE_3,HOBBIES_2_001,2335,15.03
STORE_3,HOBBIES_2_001,2336,15.03
STORE_3,HOBBIES_2_001,2337,15.03
STORE_3,HOBBIES_2_001,2338,15.03
STORE_3,HOBBIES_2_001,2339,15.03
STORE_3,HOBBIES_2_001,2340,12.93
STORE_3,HOBBIES_2_001,2341,12.93
STORE_3,HOBBIES_2_001,2342,12.93
STORE_3,HOBBIES_2_001,2343,12.93
STORE_3,HOBBIES_2_001,2344,12.93
STORE_3,HOBBIES_2_001,2345,12.93
STORE_3,HOBBIES_2_001,2346,12.93
STORE_3,HOBBIES_2_001,2347,12.39
STORE_3,HOBBIES_2_001,2348,12.39
STORE_3,HOBBIES_2_001,2349,12.39
STORE_3,HOBBIES_2_001,2350,12.39
STORE_3,HOBBIES_2_001,2351,12.39
STORE_3,HOBBIES_2_001,2401,12.39
STORE_3,HOBBIES_2_001,2402,17.5
STORE_3,HOBBIES_2_001,2403,17.5
STORE_3,HOBBIES_2_001,2404,17.5
STORE_3,HOBBIES_2_001,2405,17.5
STORE_3,HOBBIES_2_001,2406,17.5
STORE_3,HOBBIES_2_001,2407,17.5
STORE_3,HOBBIES_2_001,2408,17.5
STORE_3,HOBBIES_2_001,2409,17.5
STORE_3,HOBBIES_2_001,2410,17.5
STORE_3,HOBBIES_2_001,2411,15.67
STORE_3,HOBBIES_2_001,2412,15.67
STORE_3,HOBBIES_2_001,2413,15.67
STORE_3,HOBBIES_2_001,2414,15.67
STORE_3,HOBBIES_2_001,2415,15.67
STORE_3,HOBBIES_2_001,2416,15.67
STORE_3,HOBBIES_2_001,2417,15.67
STORE_3,HOBBIES_2_001,2418,15.67
STORE_3,HOBBIES_2_001,2419,15.67
STORE_3,HOBBIES_2_001,2420,15.67
STORE_3,HOBBIES_2_001,2421,15.67
STORE_3,HOBBIES_2_001,2422,15.67
STORE_3,HOBBIES_2_001,2423,15.67
STORE_3,HOBBIES_2_001,2424,15.67
STORE_3,HOBBIES_2_001,2425,15.67
STORE_3,HOBBIES_2_001,2426,15.67
STORE_3,HOBBIES_2_001,2427,11.91
STORE_3,HOBBIES_2_001,2428,11.91
STORE_3,HOBBIES_2_001,2429,11.91
STORE_3,HOBBIES_2_001,2430,11.91
STORE_3,HOBBIES_2_001,2431,11.91
STORE_3,HOBBIES_2_001,2432,11.91
STORE_3,HOBBIES_2_001,2433,11.91
STORE_3,HOBBIES_2_001,2434,11.91
STORE_3,HOBBIES_2_001,2435,11.91
STORE_3,HOBBIES_2_001,2436,11.91
STORE_3,HOBBIES_2_001,2437,11.91
STORE_3,HOBBIES_2_001,2438,11.91
STORE_3,HOBBIES_2_001,2439,11.91
STORE_3,HOBBIES_2_001,2440,11.91
STORE_3,HOBBIES_2_001,2441,11.91
STORE_3,HOBBIES_2_001,2442,11.91
STORE_3,HOBBIES_2_001,2443,11.91
STORE_3,HOBBIES_2_001,2444,11.91
STORE_3,HOBBIES_2_001,2445,11.91
STORE_3,HOBBIES_2_001,2446,11.91
STORE_3,HOBBIES_2_001,2447,11.91
STORE_3,HOBBIES_2_001,2448,11.91
STORE_3,HOBBIES_2_001,2449,16.76
STORE_3,HOBBIES_2_001,2450,16.76
STORE_3,HOBBIES_2_001,2451,16.76
STORE_3,HOBBIES_2_001,2452,16.76
STORE_3,HOBBIES_2_001,2501,16.76
STORE_3,HOBBIES_2_001,2502,16.76
STORE_3,HOBBIES_2_001,2503,16.76
STORE_3,HOBBIES_2_001,2504,16.76
STORE_3,HOBBIES_2_001,2505,16.76
STORE_3,HOBBIES_2_002,2252,57.59
STORE_3,HOBBIES_2_002,2201,57.59
STORE_3,HOBBIES_2_002,2202,57.59
STORE_3,HOBBIES_2_002,2203,57.59
STORE_3,HOBBIES_2_002,2204,57.59
STORE_3,HOBBIES_2_002,2205,57.59
STORE_3,HOBBIES_2_002,2206,57.59
STORE_3,HOBBIES_2_002,2207,57.59
STORE_3,HOBBIES_2_002,2208,57.59
STORE_3,HOBBIES_2_002,2209,57.59
STORE_3,HOBBIES_2_002,2210,57.59
STORE_3,HOBBIES_2_002,2211,57.59
STORE_3,HOBBIES_2_002,2212,57.59
STORE_3,HOBBIES_2_002,2213,57.59
STORE_3,HOBBIES_2_002,2214,57.59
STORE_3,HOBBIES_2_002,2215,57.59
STORE_3,HOBBIES_2_002,2216,57.59
STORE_3,HOBBIES_2_002,2217,57.59
STORE_3,HOBBIES_2_002,2218,57.59
STORE_3,HOBBIES_2_002,2219,57.59
STORE_3,HOBBIES_2_002,2220,57.59
STORE_3,HOBBIES_2_002,2221,57.59
STORE_3,HOBBIES_2_002,2222,57.59
STORE_3,HOBBIES_2_002,2223,57.59
STORE_3,HOBBIES_2_002,2224,57.59
STORE_3,HOBBIES_2_002,2225,57.59
STORE_3,HOBBIES_2_002,2226,57.59
STORE_3,HOBBIES_2_002,2227,57.59
STORE_3,HOBBIES_2_002,2228,57.59
STORE_3,HOBBIES_2_002,2229,57.59
STORE_3,HOBBIES_2_002,2230,57.59
STORE_3,HOBBIES_2_002,2231,57.59
STORE_3,HOBBIES_2_002,2232,57.59
STORE_3,HOBBIES_2_002,2233,57.59
STORE_3,HOBBIES_2_002,2234,57.59
STORE_3,HOBBIES_2_002,2235,57.59
STORE_3,HOBBIES_2_002,2236,57.59
STORE_3,HOBBIES_2_002,2237,57.59
STORE_3,HOBBIES_2_002,2238,57.59
STORE_3,HOBBIES_2_002,2239,57.59
STORE_3,HOBBIES_2_002,2240,57.59
STORE_3,HOBBIES_2_002,2241,57.59
STORE_3,HOBBIES_2_002,2242,57.59
STORE_3,HOBBIES_2_002,2243,57.59
STORE_3,HOBBIES_2_002,2244,57.59
STORE_3,HOBBIES_2_002,2245,57.59
STORE_3,HOBBIES_2_002,2246,57.59
STORE_3,HOBBIES_2_002,2247,57.59
STORE_3,HOBBIES_2_002,2248,57.59
STORE_3,HOBBIES_2_002,2249,57.59
STORE_3,HOBBIES_2_002,2250,57.59
STORE_3,HOBBIES_2_002,2251,57.59
STORE_3,HOBBIES_2_002,2352,57.59
STORE_3,HOBBIES_2_002,2301,57.59
STORE_3,HOBBIES_2_002,2302,57.59
STORE_3,HOBBIES_2_002,2303,57.59
STORE_3,HOBBIES_2_002,2304,57.59
STORE_3,HOBBIES_2_002,2305,57.59
STORE_3,HOBBIES_2_002,2306,57.59
STORE_3,HOBBIES_2_002,2307,57.59
STORE_3,HOBBIES_2_002,2308,57.59
STORE_3,HOBBIES_2_002,2309,57.59
STORE_3,HOBBIES_2_002,2310,57.59
STORE_3,HOBBIES_2_002,2311,57.59
STORE_3,HOBBIES_2_002,2312,57.59
STORE_3,HOBBIES_2_002,2313,57.59
STORE_3,HOBBIES_2_002,2314,57.59
STORE_3,HOBBIES_2_002,2315,57.59
STORE_3,HOBBIES_2_002,2316,57.59
STORE_3,HOBBIES_2_002,2317,57.59
STORE_3,HOBBIES_2_002,2318,57.59
STORE_3,HOBBIES_2_002,2319,57.59
STORE_3,HOBBIES_2_002,2320,57.59
STORE_3,HOBBIES_2_002,2321,57.59
STORE_3,HOBBIES_2_002,2322,57.59
STORE_3,HOBBIES_2_002,2323,57.59
STORE_3,HOBBIES_2_002,2324,57.59
STORE_3,HOBBIES_2_002,2325,57.59
STORE_3,HOBBIES_2_002,2326,57.59
STORE_3,HOBBIES_2_002,2327,57.59
STORE_3,HOBBIES_2_002,2328,57.59
STORE_3,HOBBIES_2_002,2329,57.59
STORE_3,HOBBIES_2_002,2330,57.59
STORE_3,HOBBIES_2_002,2331,57.59
STORE_3,HOBBIES_2_002,2332,57.59
STORE_3,HOBBIES_2_002,2333,57.59
STORE_3,HOBBIES_2_002,2334,57.59
STORE_3,HOBBIES_2_002,2335,57.59
STORE_3,HOBBIES_2_002,2336,57.59
STORE_3,HOBBIES_2_002,2337,57.59
STORE_3,HOBBIES_2_002,2338,57.59
STORE_3,HOBBIES_2_002,2339,57.59
STORE_3,HOBBIES_2_002,2340,57.59
STORE_3,HOBBIES_2_002,2341,57.59
STORE_3,HOBBIES_2_002,2342,55.52
STORE_3,HOBBIES_2_002,2343,55.52
STORE_3,HOBBIES_2_002,2344,55.52
STORE_3,HOBBIES_2_002,2345,55.52
STORE_3,HOBBIES_2_002,2346,55.52
STORE_3,HOBBIES_2_002,2347,55.52
STORE_3,HOBBIES_2_002,2348,55.52
STORE_3,HOBBIES_2_002,2349,55.52
STORE_3,HOBBIES_2_002,2350,48.62
STORE_3,HOBBIES_2_002,2351,48.62
STORE_3,HOBBIES_2_002,2401,48.62
STORE_3,HOBBIES_2_002,2402,48.62
STORE_3,HOBBIES_2_002,2403,48.62
STORE_3,HOBBIES_2_002,2404,48.62
STORE_3,HOBBIES_2_002,2405,48.62
STORE_3,HOBBIES_2_002,2406,48.62
STORE_3,HOBBIES_2_002,2407,48.62
STORE_3,HOBBIES_2_002,2408,48.62
STORE_3,HOBBIES_2_002,2409,48.62
STORE_3,HOBBIES_2_002,2410,48.62
STORE_3,HOBBIES_2_002,2411,48.62
STORE_3,HOBBIES_2_002,2412,48.62
STORE_3,HOBBIES_2_002,2413,48.62
STORE_3,HOBBIES_2_002,2414,48.62
STORE_3,HOBBIES_2_002,2415,43.96
STORE_3,HOBBIES_2_002,2416,43.96
STORE_3,HOBBIES_2_002,2417,43.96
STORE_3,HOBBIES_2_002,2418,43.96
STORE_3,HOBBIES_2_002,2419,43.96
STORE_3,HOBBIES_2_002,2420,43.96
STORE_3,HOBBIES_2_002,2421,43.96
STORE_3,HOBBIES_2_002,2422,43.96
STORE_3,HOBBIES_2_002,2423,43.96
STORE_3,HOBBIES_2_002,2424,43.96
STORE_3,HOBBIES_2_002,2425,43.96
STORE_3,HOBBIES_2_002,2426,43.96
STORE_3,HOBBIES_2_002,2427,43.96
STORE_3,HOBBIES_2_002,2428,43.96
STORE_3,HOBBIES_2_002,2429,43.96
STORE_3,HOBBIES_2_002,2430,43.96
STORE_3,HOBBIES_2_002,2431,43.96
STORE_3,HOBBIES_2_002,2432,43.96
STORE_3,HOBBIES_2_002,2433,44.9
STORE_3,HOBBIES_2_002,2434,64.05
STORE_3,HOBBIES_2_002,2435,64.05
STORE_3,HOBBIES_2_002,2436,64.05
STORE_3,HOBBIES_2_002,2437,64.05
STORE_3,HOBBIES_2_002,2438,64.05
STORE_3,HOBBIES_2_002,2439,64.05
STORE_3,HOBBIES_2_002,2440,64.05
STORE_3,HOBBIES_2_002,2441,64.05
STORE_3,HOBBIES_2_002,2442,64.05
STORE_3,HOBBIES_2_002,2443,64.05
STORE_3,HOBBIES_2_002,2444,64.05
STORE_3,HOBBIES_2_002,2445,64.05
STORE_3,HOBBIES_2_002,2446,64.05
STORE_3,HOBBIES_2_002,2447,61.11
STORE_3,HOBBIES_2_002,2448,61.11
STORE_3,HOBBIES_2_002,2449,61.11
STORE_3,HOBBIES_2_002,2450,61.11
STORE_3,HOBBIES_2_002,2451,61.11
STORE_3,HOBBIES_2_002,2452,61.11
STORE_3,HOBBIES_2_002,2501,61.11
STORE_3,HOBBIES_2_002,2502,61.11
STORE_3,HOBBIES_2_002,2503,61.11
STORE_3,HOBBIES_2_002,2504,61.11
STORE_3,HOBBIES_2_002,2505,61.11
STORE_3,HOBBIES_2_003,2252,38.86
STORE_3,HOBBIES_2_003,2201,38.86
STORE_3,HOBBIES_2_003,2202,38.86
STORE_3,HOBBIES_2_003,2203,38.86
STORE_3,HOBBIES_2_003,2204,38.86
STORE_3,HOBBIES_2_003,2205,38.86
STORE_3,HOBBIES_2_003,2206,38.86
STORE_3,HOBBIES_2_003,2207,38.86
STORE_3,HOBBIES_2_003,2208,43.51
STORE_3,HOBBIES_2_003,2209,43.51
STORE_3,HOBBIES_2_003,2210,43.51
STORE_3,HOBBIES_2_003,2211,43.51
STORE_3,HOBBIES_2_003,2212,43.51
STORE_3,HOBBIES_2_003,2213,43.51
STORE_3,HOBBIES_2_003,2214,43.51
STORE_3,HOBBIES_2_003,2215,43.51
STORE_3,HOBBIES_2_003,2216,43.51
STORE_3,HOBBIES_2_003,2217,43.51
STORE_3,HOBBIES_2_003,2218,43.51
STORE_3,HOBBIES_2_003,2219,43.51
STORE_3,HOBBIES_2_003,2220,43.51
STORE_3,HOBBIES_2_003,2221,43.51
STORE_3,HOBBIES_2_003,2222,43.51
STORE_3,HOBBIES_2_003,2223,43.51
STORE_3,HOBBIES_2_003,2224,43.51
STORE_3,HOBBIES_2_003,2225,43.51
STORE_3,HOBBIES_2_003,2226,43.51
STORE_3,HOBBIES_2_003,2227,43.51
STORE_3,HOBBIES_2_003,2228,43.51
STORE_3,HOBBIES_2_003,2229,43.51
STORE_3,HOBBIES_2_003,2230,43.51
STORE_3,HOBBIES_2_003,2231,43.51
STORE_3,HOBBIES_2_003,2232,43.51
STORE_3,HOBBIES_2_003,2233,43.51
STORE_3,HOBBIES_2_003,2234,43.51
STORE_3,HOBBIES_2_003,2235,43.51
STORE_3,HOBBIES_2_003,2236,43.51
STORE_3,HOBBIES_2_003,2237,43.51
STORE_3,HOBBIES_2_003,2238,43.51
STORE_3,HOBBIES_2_003,2239,43.51
STORE_3,HOBBIES_2_003,2240,43.51
STORE_3,HOBBIES_2_003,2241,43.51
STORE_3,HOBBIES_2_003,2242,43.51
STORE_3,HOBBIES_2_003,2243,43.51
STORE_3,HOBBIES_2_003,2244,43.51
STORE_3,HOBBIES_2_003,2245,43.51
STORE_3,HOBBIES_2_003,2246,43.51
STORE_3,HOBBIES_2_003,2247,43.51
STORE_3,HOBBIES_2_003,2248,43.51
STORE_3,HOBBIES_2_003,2249,43.51
STORE_3,HOBBIES_2_003,2250,43.51
STORE_3,HOBBIES_2_003,2251,43.51
STORE_3,HOBBIES_2_003,2352,43.51
STORE_3,HOBBIES_2_003,2301,43.51
STORE_3,HOBBIES_2_003,2302,43.51
STORE_3,HOBBIES_2_003,2303,43.51
STORE_3,HOBBIES_2_003,2304,43.51
STORE_3,HOBBIES_2_003,2305,43.51
STORE_3,HOBBIES_2_003,2306,43.51
STORE_3,HOBBIES_2_003,2307,43.51
STORE_3,HOBBIES_2_003,2308,43.51
STORE_3,HOBBIES_2_003,2309,43.51
STORE_3,HOBBIES_2_003,2310,43.51
STORE_3,HOBBIES_2_003,2311,43.51
STORE_3,HOBBIES_2_003,2312,43.51
STORE_3,HOBBIES_2_003,2313,43.51
STORE_3,HOBBIES_2_003,2314,43.51
STORE_3,HOBBIES_2_003,2315,42.74
STORE_3,HOBBIES_2_003,2316,42.74
STORE_3,HOBBIES_2_003,2317,42.74
STORE_3,HOBBIES_2_003,2318,42.74
STORE_3,HOBBIES_2_003,2319,42.74
STORE_3,HOBBIES_2_003,2320,42.74
STORE_3,HOBBIES_2_003,2321,42.74
STORE_3,HOBBIES_2_003,2322,42.74
STORE_3,HOBBIES_2_003,2323,42.74
STORE_3,HOBBIES_2_003,2324,42.74
STORE_3,HOBBIES_2_003,2325,42.74
STORE_3,HOBBIES_2_003,2326,42.74
STORE_3,HOBBIES_2_003,2327,42.74
STORE_3,HOBBIES_2_003,2328,42.74
STORE_3,HOBBIES_2_003,2329,42.74
STORE_3,HOBBIES_2_003,2330,42.74
STORE_3,HOBBIES_2_003,2331,42.74
STORE_3,HOBBIES_2_003,2332,42.74
STORE_3,HOBBIES_2_003,2333,42.74
STORE_3,HOBBIES_2_003,2334,42.74
STORE_3,HOBBIES_2_003,2335,42.74
STORE_3,HOBBIES_2_003,2336,42.74
STORE_3,HOBBIES_2_003,2337,42.74
STORE_3,HOBBIES_2_003,2338,42.74
STORE_3,HOBBIES_2_003,2339,42.74
STORE_3,HOBBIES_2_003,2340,42.74
STORE_3,HOBBIES_2_003,2341,42.74
STORE_3,HOBBIES_2_003,2342,42.74
STORE_3,HOBBIES_2_003,2343,42.74
STORE_3,HOBBIES_2_003,2344,42.74
STORE_3,HOBBIES_2_003,2345,42.74
STORE_3,HOBBIES_2_003,2346,42.74
STORE_3,HOBBIES_2_003,2347,42.74
STORE_3,HOBBIES_2_003,2348,42.74
STORE_3,HOBBIES_2_003,2349,42.74
STORE_3,HOBBIES_2_003,2350,42.74
STORE_3,HOBBIES_2_003,2351,42.74
STORE_3,HOBBIES_2_003,2401,42.74
STORE_3,HOBBIES_2_003,2402,42.74
STORE_3,HOBBIES_2_003,2403,42.74
STORE_3,HOBBIES_2_003,2404,42.74
STORE_3,HOBBIES_2_003,2405,42.74
STORE_3,HOBBIES_2_003,2406,42.74
STORE_3,HOBBIES_2_003,2407,42.74
STORE_3,HOBBIES_2_003,2408,42.74
STORE_3,HOBBIES_2_003,2409,42.74
STORE_3,HOBBIES_2_003,2410,42.74
STORE_3,HOBBIES_2_003,2411,42.74
STORE_3,HOBBIES_2_003,2412,42.74
STORE_3,HOBBIES_2_003,2413,42.74
STORE_3,HOBBIES_2_003,2414,42.74
STORE_3,HOBBIES_2_003,2415,42.74
STORE_3,HOBBIES_2_003,2416,42.74
STORE_3,HOBBIES_2_003,2417,42.74
STORE_3,HOBBIES_2_003,2418,42.74
STORE_3,HOBBIES_2_003,2419,42.74
STORE_3,HOBBIES_2_003,2420,42.74
STORE_3,HOBBIES_2_003,2421,42.74
STORE_3,HOBBIES_2_003,2422,42.74
STORE_3,HOBBIES_2_003,2423,42.74
STORE_3,HOBBIES_2_003,2424,42.74
STORE_3,HOBBIES_2_003,2425,42.74
STORE_3,HOBBIES_2_003,2426,42.74
STORE_3,HOBBIES_2_003,2427,42.74
STORE_3,HOBBIES_2_003,2428,42.74
STORE_3,HOBBIES_2_003,2429,42.74
STORE_3,HOBBIES_2_003,2430,42.74
STORE_3,HOBBIES_2_003,2431,42.74
STORE_3,HOBBIES_2_003,2432,42.74
STORE_3,HOBBIES_2_003,2433,42.74
STORE_3,HOBBIES_2_003,2434,42.74
STORE_3,HOBBIES_2_003,2435,42.74
STORE_3,HOBBIES_2_003,2436,42.74
STORE_3,HOBBIES_2_003,2437,42.74
STORE_3,HOBBIES_2_003,2438,42.74
STORE_3,HOBBIES_2_003,2439,42.74
STORE_3,HOBBIES_2_003,2440,42.74
STORE_3,HOBBIES_2_003,2441,42.74
STORE_3,HOBBIES_2_003,2442,42.74
STORE_3,HOBBIES_2_003,2443,42.74
STORE_3,HOBBIES_2_003,2444,42.74
STORE_3,HOBBIES_2_003,2445,42.74
STORE_3,HOBBIES_2_003,2446,42.74
STORE_3,HOBBIES_2_003,2447,42.74
STORE_3,HOBBIES_2_003,2448,42.74
STORE_3,HOBBIES_2_003,2449,42.74
STORE_3,HOBBIES_2_003,2450,42.74
STORE_3,HOBBIES_2_003,2451,42.74
STORE_3,HOBBIES_2_003,2452,42.74
STORE_3,HOBBIES_2_003,2501,42.74
STORE_3,HOBBIES_2_003,2502,42.74
STORE_3,HOBBIES_2_003,2503,42.74
STORE_3,HOBBIES_2_003,2504,42.74
STORE_3,HOBBIES_2_003,2505,42.74
STORE_3,HOBBIES_2_004,2252,32.83
STORE_3,HOBBIES_2_004,2201,32.83
STORE_3,HOBBIES_2_004,2202,32.83
STORE_3,HOBBIES_2_004,2203,32.83
STORE_3,HOBBIES_2_004,2204,32.83
STORE_3,HOBBIES_2_004,2205,32.83
STORE_3,HOBBIES_2_004,2206,32.83
STORE_3,HOBBIES_2_004,2207,32.83
STORE_3,HOBBIES_2_004,2208,32.83
STORE_3,HOBBIES_2_004,2209,32.83
STORE_3,HOBBIES_2_004,2210,32.83
STORE_3,HOBBIES_2_004,2211,32.83
STORE_3,HOBBIES_2_004,2212,32.83
STORE_3,HOBBIES_2_004,2213,32.83
STORE_3,HOBBIES_2_004,2214,32.83
STORE_3,HOBBIES_2_004,2215,32.83
STORE_3,HOBBIES_2_004,2216,32.83
STORE_3,HOBBIES_2_004,2217,32.83
STORE_3,HOBBIES_2_004,2218,32.83
STORE_3,HOBBIES_2_004,2219,32.83
STORE_3,HOBBIES_2_004,2220,32.83
STORE_3,HOBBIES_2_004,2221,32.83
STORE_3,HOBBIES_2_004,2222,32.83
STORE_3,HOBBIES_2_004,2223,32.83
STORE_3,HOBBIES_2_004,2224,32.83
STORE_3,HOBBIES_2_004,2225,32.83
STORE_3,HOBBIES_2_004,2226,32.83
STORE_3,HOBBIES_2_004,2227,32.83
STORE_3,HOBBIES_2_004,2228,32.83
STORE_3,HOBBIES_2_004,2229,32.83
STORE_3,HOBBIES_2_004,2230,32.83
STORE_3,HOBBIES_2_004,2231,32.83
STORE_3,HOBBIES_2_004,2232,32.83
STORE_3,HOBBIES_2_004,2233,32.83
STORE_3,HOBBIES_2_004,2234,32.83
STORE_3,HOBBIES_2_004,2235,26.01
STORE_3,HOBBIES_2_004,2236,26.01
STORE_3,HOBBIES_2_004,2237,26.01
STORE_3,HOBBIES_2_004,2238,26.01
STORE_3,HOBBIES_2_004,2239,26.01
STORE_3,HOBBIES_2_004,2240,26.01
STORE_3,HOBBIES_2_004,2241,26.01
STORE_3,HOBBIES_2_004,2242,26.01
STORE_3,HOBBIES_2_004,2243,26.01
STORE_3,HOBBIES_2_004,2244,26.01
STORE_3,HOBBIES_2_004,2245,26.01
STORE_3,HOBBIES_2_004,2246,26.01
STORE_3,HOBBIES_2_004,2247,26.01
STORE_3,HOBBIES_2_004,2248,26.01
STORE_3,HOBBIES_2_004,2249,26.01
STORE_3,HOBBIES_2_004,2250,26.01
STORE_3,HOBBIES_2_004,2251,26.01
STORE_3,HOBBIES_2_004,2352,26.01
STORE_3,HOBBIES_2_004,2301,26.01
STORE_3,HOBBIES_2_004,2302,26.01
STORE_3,HOBBIES_2_004,2303,26.01
STORE_3,HOBBIES_2_004,2304,26.01
STORE_3,HOBBIES_2_004,2305,26.01
STORE_3,HOBBIES_2_004,2306,26.01
STORE_3,HOBBIES_2_004,2307,26.01
STORE_3,HOBBIES_2_004,2308,26.01
STORE_3,HOBBIES_2_004,2309,26.01
STORE_3,HOBBIES_2_004,2310,26.01
STORE_3,HOBBIES_2_004,2311,26.01
STORE_3,HOBBIES_2_004,2312,26.01
STORE_3,HOBBIES_2_004,2313,26.01
STORE_3,HOBBIES_2_004,2314,26.01
STORE_3,HOBBIES_2_004,2315,26.01
STORE_3,HOBBIES_2_004,2316,30.91
STORE_3,HOBBIES_2_004,2317,30.91
STORE_3,HOBBIES_2_004,2318,30.91
STORE_3,HOBBIES_2_004,2319,30.91
STORE_3,HOBBIES_2_004,2320,30.91
STORE_3,HOBBIES_2_004,2321,37.66
STORE_3,HOBBIES_2_004,2322,37.66
STORE_3,HOBBIES_2_004,2323,37.66
STORE_3,HOBBIES_2_004,2324,37.66
STORE_3,HOBBIES_2_004,2325,37.66
STORE_3,HOBBIES_2_004,2326,37.66
STORE_3,HOBBIES_2_004,2327,37.66
STORE_3,HOBBIES_2_004,2328,37.66
STORE_3,HOBBIES_2_004,2329,26.36
STORE_3,HOBBIES_2_004,2330,26.36
STORE_3,HOBBIES_2_004,2331,26.36
STORE_3,HOBBIES_2_004,2332,26.36
STORE_3,HOBBIES_2_004,2333,26.36
STORE_3,HOBBIES_2_004,2334,26.36
STORE_3,HOBBIES_2_004,2335,26.36
STORE_3,HOBBIES_2_004,2336,26.36
STORE_3,HOBBIES_2_004,2337,26.36
STORE_3,HOBBIES_2_004,2338,26.36
STORE_3,HOBBIES_2_004,2339,26.36
STORE_3,HOBBIES_2_004,2340,26.36
STORE_3,HOBBIES_2_004,2341,26.36
STORE_3,HOBBIES_2_004,2342,26.36
STORE_3,HOBBIES_2_004,2343,26.36
STORE_3,HOBBIES_2_004,2344,26.36
STORE_3,HOBBIES_2_004,2345,26.36
STORE_3,HOBBIES_2_004,2346,26.36
STORE_3,HOBBIES_2_004,2347,26.36
STORE_3,HOBBIES_2_004,2348,26.36
STORE_3,HOBBIES_2_004,2349,26.36
STORE_3,HOBBIES_2_004,2350,26.36
STORE_3,HOBBIES_2_004,2351,26.36
STORE_3,HOBBIES_2_004,2401,34.78
STORE_3,HOBBIES_2_004,2402,34.78
STORE_3,HOBBIES_2_004,2403,34.78
STORE_3,HOBBIES_2_004,2404,34.78
STORE_3,HOBBIES_2_004,2405,34.78
STORE_3,HOBBIES_2_004,2406,34.78
STORE_3,HOBBIES_2_004,2407,34.78
STORE_3,HOBBIES_2_004,2408,34.78
STORE_3,HOBBIES_2_004,2409,34.78
STORE_3,HOBBIES_2_004,2410,34.78
STORE_3,HOBBIES_2_004,2411,34.78
STORE_3,HOBBIES_2_004,2412,34.78
STORE_3,HOBBIES_2_004,2413,34.78
STORE_3,HOBBIES_2_004,2414,34.78
STORE_3,HOBBIES_2_004,2415,34.78
STORE_3,HOBBIES_2_004,2416,34.78
STORE_3,HOBBIES_2_004,2417,34.78
STORE_3,HOBBIES_2_004,2418,34.78
STORE_3,HOBBIES_2_004,2419,34.78
STORE_3,HOBBIES_2_004,2420,34.78
STORE_3,HOBBIES_2_004,2421,34.78
STORE_3,HOBBIES_2_004,2422,34.78
STORE_3,HOBBIES_2_004,2423,34.78
STORE_3,HOBBIES_2_004,2424,34.78
STORE_3,HOBBIES_2_004,2425,34.78
STORE_3,HOBBIES_2_004,2426,34.78
STORE_3,HOBBIES_2_004,2427,34.78
STORE_3,HOBBIES_2_004,2428,34.78
STORE_3,HOBBIES_2_004,2429,34.78
STORE_3,HOBBIES_2_004,2430,34.78
STORE_3,HOBBIES_2_004,2431,34.78
STORE_3,HOBBIES_2_004,2432,34.78
STORE_3,HOBBIES_2_004,2433,34.78
STORE_3,HOBBIES_2_004,2434,34.78
STORE_3,HOBBIES_2_004,2435,34.78
STORE_3,HOBBIES_2_004,2436,34.78
STORE_3,HOBBIES_2_004,2437,34.78
STORE_3,HOBBIES_2_004,2438,34.78
STORE_3,HOBBIES_2_004,2439,34.78
STORE_3,HOBBIES_2_004,2440,34.78
STORE_3,HOBBIES_2_004,2441,34.78
STORE_3,HOBBIES_2_004,2442,35.2
STORE_3,HOBBIES_2_004,2443,35.2
STORE_3,HOBBIES_2_004,2444,35.2
STORE_3,HOBBIES_2_004,2445,35.2
STORE_3,HOBBIES_2_004,2446,35.2
STORE_3,HOBBIES_2_004,2447,35.2
STORE_3,HOBBIES_2_004,2448,35.2
STORE_3,HOBBIES_2_004,2449,35.2
STORE_3,HOBBIES_2_004,2450,35.2
STORE_3,HOBBIES_2_004,2451,35.2
STORE_3,HOBBIES_2_004,2452,35.2
STORE_3,HOBBIES_2_004,2501,35.2
STORE_3,HOBBIES_2_004,2502,35.2
STORE_3,HOBBIES_2_004,2503,35.2
STORE_3,HOBBIES_2_004,2504,35.2
STORE_3,HOBBIES_2_004,2505,35.2
STORE_3,HOBBIES_2_005,2252,28.07
STORE_3,HOBBIES_2_005,2201,28.07
STORE_3,HOBBIES_2_005,2202,28.07
STORE_3,HOBBIES_2_005,2203,28.07
STORE_3,HOBBIES_2_005,2204,24.55
STORE_3,HOBBIES_2_005,2205,24.55
STORE_3,HOBBIES_2_005,2206,24.55
STORE_3,HOBBIES_2_005,2207,24.55
STORE_3,HOBBIES_2_005,2208,24.55
STORE_3,HOBBIES_2_005,2209,24.55
STORE_3,HOBBIES_2_005,2210,24.55
STORE_3,HOBBIES_2_005,2211,24.55
STORE_3,HOBBIES_2_005,2212,24.55
STORE_3,HOBBIES_2_005,2213,24.55
STORE_3,HOBBIES_2_005,2214,24.55
STORE_3,HOBBIES_2_005,2215,24.55
STORE_3,HOBBIES_2_005,2216,24.55
STORE_3,HOBBIES_2_005,2217,24.55
STORE_3,HOBBIES_2_005,2218,24.55
STORE_3,HOBBIES_2_005,2219,24.55
STORE_3,HOBBIES_2_005,2220,24.55
STORE_3,HOBBIES_2_005,2221,24.55
STORE_3,HOBBIES_2_005,2222,24.55
STORE_3,HOBBIES_2_005,2223,24.55
STORE_3,HOBBIES_2_005,2224,24.55
STORE_3,HOBBIES_2_005,2225,24.55
STORE_3,HOBBIES_2_005,2226,24.55
STORE_3,HOBBIES_2_005,2227,30.33
STORE_3,HOBBIES_2_005,2228,30.33
STORE_3,HOBBIES_2_005,2229,30.33
STORE_3,HOBBIES_2_005,2230,30.33
STORE_3,HOBBIES_2_005,2231,30.33
STORE_3,HOBBIES_2_005,2232,26.96
STORE_3,HOBBIES_2_005,2233,26.96
STORE_3,HOBBIES_2_005,2234,26.96
STORE_3,HOBBIES_2_005,2235,26.96
STORE_3,HOBBIES_2_005,2236,26.96
STORE_3,HOBBIES_2_005,2237,26.96
STORE_3,HOBBIES_2_005,2238,26.96
STORE_3,HOBBIES_2_005,2239,28.28
STORE_3,HOBBIES_2_005,2240,28.28
STORE_3,HOBBIES_2_005,2241,28.28
STORE_3,HOBBIES_2_005,2242,31.41
STORE_3,HOBBIES_2_005,2243,31.41
STORE_3,HOBBIES_2_005,2244,31.41
STORE_3,HOBBIES_2_005,2245,31.41
STORE_3,HOBBIES_2_005,2246,31.41
STORE_3,HOBBIES_2_005,2247,31.41
STORE_3,HOBBIES_2_005,2248,31.41
STORE_3,HOBBIES_2_005,2249,31.41
STORE_3,HOBBIES_2_005,2250,31.41
STORE_3,HOBBIES_2_005,2251,31.41
STORE_3,HOBBIES_2_005,2352,31.41
STORE_3,HOBBIES_2_005,2301,31.41
STORE_3,HOBBIES_2_005,2302,31.41
STORE_3,HOBBIES_2_005,2303,31.41
STORE_3,HOBBIES_2_005,2304,31.41
STORE_3,HOBBIES_2_005,2305,31.41
STORE_3,HOBBIES_2_005,2306,31.41
STORE_3,HOBBIES_2_005,2307,31.41
STORE_3,HOBBIES_2_005,2308,31.41
STORE_3,HOBBIES_2_005,2309,31.41
STORE_3,HOBBIES_2_005,2310,31.41
STORE_3,HOBBIES_2_005,2311,27.79
STORE_3,HOBBIES_2_005,2312,27.79
STORE_3,HOBBIES_2_005,2313,22.59
STORE_3,HOBBIES_2_005,2314,23.9
STORE_3,HOBBIES_2_005,2315,25.74
STORE_3,HOBBIES_2_005,2316,25.74
STORE_3,HOBBIES_2_005,2317,25.74
STORE_3,HOBBIES_2_005,2318,25.74
STORE_3,HOBBIES_2_005,2319,25.74
STORE_3,HOBBIES_2_005,2320,25.74
STORE_3,HOBBIES_2_005,2321,25.74
STORE_3,HOBBIES_2_005,2322,25.74
STORE_3,HOBBIES_2_005,2323,25.74
STORE_3,HOBBIES_2_005,2324,25.74
STORE_3,HOBBIES_2_005,2325,25.74
STORE_3,HOBBIES_2_005,2326,25.74
STORE_3,HOBBIES_2_005,2327,25.74
STORE_3,HOBBIES_2_005,2328,25.74
STORE_3,HOBBIES_2_005,2329,25.74
STORE_3,HOBBIES_2_005,2330,25.74
STORE_3,HOBBIES_2_005,2331,25.74
STORE_3,HOBBIES_2_005,2332,25.74
STORE_3,HOBBIES_2_005,2333,25.74
STORE_3,HOBBIES_2_005,2334,25.74
STORE_3,HOBBIES_2_005,2335,25.74
STORE_3,HOBBIES_2_005,2336,25.74
STORE_3,HOBBIES_2_005,2337,25.74
STORE_3,HOBBIES_2_005,2338,25.74
STORE_3,HOBBIES_2_005,2339,25.74
STORE_3,HOBBIES_2_005,2340,25.74
STORE_3,HOBBIES_2_005,2341,25.74
STORE_3,HOBBIES_2_005,2342,25.74
STORE_3,HOBBIES_2_005,2343,25.74
STORE_3,HOBBIES_2_005,2344,25.74
STORE_3,HOBBIES_2_005,2345,25.74
STORE_3,HOBBIES_2_005,2346,25.74
STORE_3,HOBBIES_2_005,2347,25.74
STORE_3,HOBBIES_2_005,2348,25.74
STORE_3,HOBBIES_2_005,2349,25.74
STORE_3,HOBBIES_2_005,2350,25.74
STORE_3,HOBBIES_2_005,2351,25.74
STORE_3,HOBBIES_2_005,2401,25.74
STORE_3,HOBBIES_2_005,2402,25.74
STORE_3,HOBBIES_2_005,2403,25.74
STORE_3,HOBBIES_2_005,2404,25.74
STORE_3,HOBBIES_2_005,2405,25.74
STORE_3,HOBBIES_2_005,2406,25.74
STORE_3,HOBBIES_2_005,2407,25.74
STORE_3,HOBBIES_2_005,2408,25.74
STORE_3,HOBBIES_2_005,2409,25.74
STORE_3,HOBBIES_2_005,2410,25.74
STORE_3,HOBBIES_2_005,2411,25.74
STORE_3,HOBBIES_2_005,2412,25.74
STORE_3,HOBBIES_2_005,2413,25.74
STORE_3,HOBBIES_2_005,2414,25.74
STORE_3,HOBBIES_2_005,2415,25.74
STORE_3,HOBBIES_2_005,2416,25.74
STORE_3,HOBBIES_2_005,2417,25.74
STORE_3,HOBBIES_2_005,2418,25.74
STORE_3,HOBBIES_2_005,2419,25.74
STORE_3,HOBBIES_2_005,2420,25.74
STORE_3,HOBBIES_2_005,2421,25.74
STORE_3,HOBBIES_2_005,2422,25.74
STORE_3,HOBBIES_2_005,2423,25.74
STORE_3,HOBBIES_2_005,2424,25.74
STORE_3,HOBBIES_2_005,2425,25.74
STORE_3,HOBBIES_2_005,2426,25.74
STORE_3,HOBBIES_2_005,2427,25.74
STORE_3,HOBBIES_2_005,2428,25.74
STORE_3,HOBBIES_2_005,2429,25.74
STORE_3,HOBBIES_2_005,2430,25.74
STORE_3,HOBBIES_2_005,2431,29.39
STORE_3,HOBBIES_2_005,2432,29.39
STORE_3,HOBBIES_2_005,2433,29.39
STORE_3,HOBBIES_2_005,2434,29.39
STORE_3,HOBBIES_2_005,2435,29.39
STORE_3,HOBBIES_2_005,2436,29.39
STORE_3,HOBBIES_2_005,2437,29.39
STORE_3,HOBBIES_2_005,2438,29.39
STORE_3,HOBBIES_2_005,2439,29.39
STORE_3,HOBBIES_2_005,2440,29.39
STORE_3,HOBBIES_2_005,2441,29.39
STORE_3,HOBBIES_2_005,2442,29.39
STORE_3,HOBBIES_2_005,2443,29.39
STORE_3,HOBBIES_2_005,2444,29.39
STORE_3,HOBBIES_2_005,2445,29.39
STORE_3,HOBBIES_2_005,2446,29.39
STORE_3,HOBBIES_2_005,2447,29.39
STORE_3,HOBBIES_2_005,2448,29.39
STORE_3,HOBBIES_2_005,2449,29.39
STORE_3,HOBBIES_2_005,2450,29.39
STORE_3,HOBBIES_2_005,2451,29.39
STORE_3,HOBBIES_2_005,2452,29.39
STORE_3,HOBBIES_2_005,2501,29.39
STORE_3,HOBBIES_2_005,2502,29.39
STORE_3,HOBBIES_2_005,2503,29.39
STORE_3,HOBBIES_2_005,2504,29.39
STORE_3,HOBBIES_2_005,2505,29.39
STORE_3,HOBBIES_2_006,2252,13.69
STORE_3,HOBBIES_2_006,2201,13.69
STORE_3,HOBBIES_2_006,2202,13.69
STORE_3,HOBBIES_2_006,2203,13.69
STORE_3,HOBBIES_2_006,2204,13.69
STORE_3,HOBBIES_2_006,2205,13.69
STORE_3,HOBBIES_2_006,2206,13.69
STORE_3,HOBBIES_2_006,2207,13.69
STORE_3,HOBBIES_2_006,2208,13.69
STORE_3,HOBBIES_2_006,2209,13.69
STORE_3,HOBBIES_2_006,2210,13.69
STORE_3,HOBBIES_2_006,2211,13.69
STORE_3,HOBBIES_2_006,2212,13.69
STORE_3,HOBBIES_2_006,2213,13.69
STORE_3,HOBBIES_2_006,2214,13.69
STORE_3,HOBBIES_2_006,2215,13.69
STORE_3,HOBBIES_2_006,2216,10.3
STORE_3,HOBBIES_2_006,2217,10.3
STORE_3,HOBBIES_2_006,2218,10.3
STORE_3,HOBBIES_2_006,2219,10.3
STORE_3,HOBBIES_2_006,2220,10.3
STORE_3,HOBBIES_2_006,2221,10.3
STORE_3,HOBBIES_2_006,2222,10.3
STORE_3,HOBBIES_2_006,2223,10.3
STORE_3,HOBBIES_2_006,2224,10.3
STORE_3,HOBBIES_2_006,2225,10.3
STORE_3,HOBBIES_2_006,2226,10.3
STORE_3,HOBBIES_2_006,2227,10.3
STORE_3,HOBBIES_2_006,2228,10.3
STORE_3,HOBBIES_2_006,2229,10.3
STORE_3,HOBBIES_2_006,2230,10.3
STORE_3,HOBBIES_2_006,2231,10.3
STORE_3,HOBBIES_2_006,2232,10.3
STORE_3,HOBBIES_2_006,2233,10.3
STORE_3,HOBBIES_2_006,2234,10.3
STORE_3,HOBBIES_2_006,2235,10.3
STORE_3,HOBBIES_2_006,2236,10.3
STORE_3,HOBBIES_2_006,2237,10.3
STORE_3,HOBBIES_2_006,2238,10.3
STORE_3,HOBBIES_2_006,2239,10.3
STORE_3,HOBBIES_2_006,2240,10.3
STORE_3,HOBBIES_2_006,2241,10.3
STORE_3,HOBBIES_2_006,2242,10.3
STORE_3,HOBBIES_2_006,2243,10.3
STORE_3,HOBBIES_2_006,2244,10.3
STORE_3,HOBBIES_2_006,2245,10.3
STORE_3,HOBBIES_2_006,2246,10.3
STORE_3,HOBBIES_2_006,2247,10.3
STORE_3,HOBBIES_2_006,2248,10.3
STORE_3,HOBBIES_2_006,2249,10.3
STORE_3,HOBBIES_2_006,2250,10.3
STORE_3,HOBBIES_2_006,2251,13.06
STORE_3,HOBBIES_2_006,2352,13.06
STORE_3,HOBBIES_2_006,2301,13.06
STORE_3,HOBBIES_2_006,2302,13.06
STORE_3,HOBBIES_2_006,2303,13.06
STORE_3,HOBBIES_2_006,2304,13.06
STORE_3,HOBBIES_2_006,2305,13.06
STORE_3,HOBBIES_2_006,2306,15.58
STORE_3,HOBBIES_2_006,2307,12.14
STORE_3,HOBBIES_2_006,2308,12.14
STORE_3,HOBBIES_2_006,2309,12.14
STORE_3,HOBBIES_2_006,2310,12.14
STORE_3,HOBBIES_2_006,2311,12.14
STORE_3,HOBBIES_2_006,2312,12.14
STORE_3,HOBBIES_2_006,2313,12.14
STORE_3,HOBBIES_2_006,2314,12.14
STORE_3,HOBBIES_2_006,2315,12.14
STORE_3,HOBBIES_2_006,2316,12.14
STORE_3,HOBBIES_2_006,2317,12.14
STORE_3,HOBBIES_2_006,2318,15.63
STORE_3,HOBBIES_2_006,2319,15.63
STORE_3,HOBBIES_2_006,2320,15.63
STORE_3,HOBBIES_2_006,2321,15.63
STORE_3,HOBBIES_2_006,2322,15.63
STORE_3,HOBBIES_2_006,2323,15.63
STORE_3,HOBBIES_2_006,2324,15.63
STORE_3,HOBBIES_2_006,2325,15.63
STORE_3,HOBBIES_2_006,2326,15.63
STORE_3,HOBBIES_2_006,2327,15.63
STORE_3,HOBBIES_2_006,2328,15.63
STORE_3,HOBBIES_2_006,2329,15.63
STORE_3,HOBBIES_2_006,2330,15.63
STORE_3,HOBBIES_2_006,2331,15.63
STORE_3,HOBBIES_2_006,2332,15.63
STORE_3,HOBBIES_2_006,2333,15.63
STORE_3,HOBBIES_2_006,2334,15.63
STORE_3,HOBBIES_2_006,2335,15.63
STORE_3,HOBBIES_2_006,2336,15.63
STORE_3,HOBBIES_2_006,2337,15.63
STORE_3,HOBBIES_2_006,2338,15.63
STORE_3,HOBBIES_2_006,2339,15.63
STORE_3,HOBBIES_2_006,2340,15.63
STORE_3,HOBBIES_2_006,2341,15.63
STORE_3,HOBBIES_2_006,2342,15.63
STORE_3,HOBBIES_2_006,2343,15.63
STORE_3,HOBBIES_2_006,2344,15.63
STORE_3,HOBBIES_2_006,2345,15.63
STORE_3,HOBBIES_2_006,2346,15.63
STORE_3,HOBBIES_2_006,2347,15.63
STORE_3,HOBBIES_2_006,2348,15.63
STORE_3,HOBBIES_2_006,2349,15.63
STORE_3,HOBBIES_2_006,2350,15.63
STORE_3,HOBBIES_2_006,2351,14.59
STORE_3,HOBBIES_2_006,2401,14.59
STORE_3,HOBBIES_2_006,2402,14.59
STORE_3,HOBBIES_2_006,2403,14.59
STORE_3,HOBBIES_2_006,2404,14.59
STORE_3,HOBBIES_2_006,2405,14.59
STORE_3,HOBBIES_2_006,2406,14.59
STORE_3,HOBBIES_2_006,2407,14.59
STORE_3,HOBBIES_2_006,2408,13.17
STORE_3,HOBBIES_2_006,2409,13.17
STORE_3,HOBBIES_2_006,2410,13.17
STORE_3,HOBBIES_2_006,2411,13.17
STORE_3,HOBBIES_2_006,2412,13.17
STORE_3,HOBBIES_2_006,2413,13.17
STORE_3,HOBBIES_2_006,2414,13.17
STORE_3,HOBBIES_2_006,2415,13.17
STORE_3,HOBBIES_2_006,2416,13.17
STORE_3,HOBBIES_2_006,2417,13.17
STORE_3,HOBBIES_2_006,2418,13.17
STORE_3,HOBBIES_2_006,2419,13.17
STORE_3,HOBBIES_2_006,2420,13.17
STORE_3,HOBBIES_2_006,2421,13.17
STORE_3,HOBBIES_2_006,2422,13.17
STORE_3,HOBBIES_2_006,2423,13.17
STORE_3,HOBBIES_2_006,2424,13.17
STORE_3,HOBBIES_2_006,2425,13.17
STORE_3,HOBBIES_2_006,2426,13.17
STORE_3,HOBBIES_2_006,2427,13.17
STORE_3,HOBBIES_2_006,2428,13.17
STORE_3,HOBBIES_2_006,2429,13.17
STORE_3,HOBBIES_2_006,2430,13.17
STORE_3,HOBBIES_2_006,2431,13.17
STORE_3,HOBBIES_2_006,2432,12.3
STORE_3,HOBBIES_2_006,2433,12.3
STORE_3,HOBBIES_2_006,2434,12.3
STORE_3,HOBBIES_2_006,2435,12.3
STORE_3,HOBBIES_2_006,2436,12.3
STORE_3,HOBBIES_2_006,2437,12.3
STORE_3,HOBBIES_2_006,2438,12.3
STORE_3,HOBBIES_2_006,2439,12.3
STORE_3,HOBBIES_2_006,2440,12.3
STORE_3,HOBBIES_2_006,2441,12.3
STORE_3,HOBBIES_2_006,2442,12.3
STORE_3,HOBBIES_2_006,2443,12.3
STORE_3,HOBBIES_2_006,2444,12.3
STORE_3,HOBBIES_2_006,2445,12.3
STORE_3,HOBBIES_2_006,2446,12.3
STORE_3,HOBBIES_2_006,2447,12.3
STORE_3,HOBBIES_2_006,2448,12.3
STORE_3,HOBBIES_2_006,2449,12.3
STORE_3,HOBBIES_2_006,2450,12.3
STORE_3,HOBBIES_2_006,2451,12.3
STORE_3,HOBBIES_2_006,2452,12.3
STORE_3,HOBBIES_2_006,2501,12.3
STORE_3,HOBBIES_2_006,2502,12.3
STORE_3,HOBBIES_2_006,2503,12.3
STORE_3,HOBBIES_2_006,2504,12.3
STORE_3,HOBBIES_2_006,2505,12.3
STORE_3,HOBBIES_2_007,2252,49.08
STORE_3,HOBBIES_2_007,2201,49.08
STORE_3,HOBBIES_2_007,2202,49.08
STORE_3,HOBBIES_2_007,2203,49.08
STORE_3,HOBBIES_2_007,2204,49.08
STORE_3,HOBBIES_2_007,2205,49.08
STORE_3,HOBBIES_2_007,2206,49.08
STORE_3,HOBBIES_2_007,2207,49.08
STORE_3,HOBBIES_2_007,2208,49.08
STORE_3,HOBBIES_2_007,2209,49.08
STORE_3,HOBBIES_2_007,2210,49.08
STORE_3,HOBBIES_2_007,2211,49.08
STORE_3,HOBBIES_2_007,2212,49.08
STORE_3,HOBBIES_2_007,2213,49.08
STORE_3,HOBBIES_2_007,2214,49.08
STORE_3,HOBBIES_2_007,2215,49.08
STORE_3,HOBBIES_2_007,2216,49.08
STORE_3,HOBBIES_2_007,2217,49.08
STORE_3,HOBBIES_2_007,2218,49.08
STORE_3,HOBBIES_2_007,2219,49.08
STORE_3,HOBBIES_2_007,2220,49.08
STORE_3,HOBBIES_2_007,2221,49.08
STORE_3,HOBBIES_2_007,2222,49.08
STORE_3,HOBBIES_2_007,2223,49.08
STORE_3,HOBBIES_2_007,2224,49.08
STORE_3,HOBBIES_2_007,2225,49.08
STORE_3,HOBBIES_2_007,2226,49.08
STORE_3,HOBBIES_2_007,2227,49.08
STORE_3,HOBBIES_2_007,2228,49.08
STORE_3,HOBBIES_2_007,2229,49.08
STORE_3,HOBBIES_2_007,2230,49.08
STORE_3,HOBBIES_2_007,2231,49.08
STORE_3,HOBBIES_2_007,2232,49.08
STORE_3,HOBBIES_2_007,2233,49.08
STORE_3,HOBBIES_2_007,2234,49.08
STORE_3,HOBBIES_2_007,2235,49.08
STORE_3,HOBBIES_2_007,2236,49.08
STORE_3,HOBBIES_2_007,2237,49.08
STORE_3,HOBBIES_2_007,2238,49.08
STORE_3,HOBBIES_2_007,2239,49.08
STORE_3,HOBBIES_2_007,2240,49.08
STORE_3,HOBBIES_2_007,2241,49.08
STORE_3,HOBBIES_2_007,2242,49.08
STORE_3,HOBBIES_2_007,2243,49.08
STORE_3,HOBBIES_2_007,2244,49.08
STORE_3,HOBBIES_2_007,2245,49.08
STORE_3,HOBBIES_2_007,2246,49.08
STORE_3,HOBBIES_2_007,2247,49.08
STORE_3,HOBBIES_2_007,2248,49.08
STORE_3,HOBBIES_2_007,2249,49.08
STORE_3,HOBBIES_2_007,2250,37.42
STORE_3,HOBBIES_2_007,2251,37.42
STORE_3,HOBBIES_2_007,2352,37.42
STORE_3,HOBBIES_2_007,2301,37.42
STORE_3,HOBBIES_2_007,2302,37.42
STORE_3,HOBBIES_2_007,2303,37.42
STORE_3,HOBBIES_2_007,2304,37.42
STORE_3,HOBBIES_2_007,2305,37.42
STORE_3,HOBBIES_2_007,2306,37.42
STORE_3,HOBBIES_2_007,2307,37.42
STORE_3,HOBBIES_2_007,2308,37.42
STORE_3,HOBBIES_2_007,2309,37.42
STORE_3,HOBBIES_2_007,2310,37.42
STORE_3,HOBBIES_2_007,2311,37.42
STORE_3,HOBBIES_2_007,2312,37.42
STORE_3,HOBBIES_2_007,2313,37.42
STORE_3,HOBBIES_2_007,2314,37.42
STORE_3,HOBBIES_2_007,2315,37.42
STORE_3,HOBBIES_2_007,2316,37.42
STORE_3,HOBBIES_2_007,2317,37.42
STORE_3,HOBBIES_2_007,2318,37.42
STORE_3,HOBBIES_2_007,2319,37.42
STORE_3,HOBBIES_2_007,2320,37.42
STORE_3,HOBBIES_2_007,2321,37.42
STORE_3,HOBBIES_2_007,2322,37.42
STORE_3,HOBBIES_2_007,2323,37.42
STORE_3,HOBBIES_2_007,2324,37.42
STORE_3,HOBBIES_2_007,2325,45.55
STORE_3,HOBBIES_2_007,2326,44.76
STORE_3,HOBBIES_2_007,2327,44.76
STORE_3,HOBBIES_2_007,2328,44.76
STORE_3,HOBBIES_2_007,2329,44.76
STORE_3,HOBBIES_2_007,2330,44.76
STORE_3,HOBBIES_2_007,2331,44.76
STORE_3,HOBBIES_2_007,2332,44.76
STORE_3,HOBBIES_2_007,2333,44.76
STORE_3,HOBBIES_2_007,2334,54.79
STORE_3,HOBBIES_2_007,2335,54.79
STORE_3,HOBBIES_2_007,2336,54.79
STORE_3,HOBBIES_2_007,2337,54.79
STORE_3,HOBBIES_2_007,2338,54.79
STORE_3,HOBBIES_2_007,2339,54.79
STORE_3,HOBBIES_2_007,2340,54.79
STORE_3,HOBBIES_2_007,2341,54.79
STORE_3,HOBBIES_2_007,2342,54.79
STORE_3,HOBBIES_2_007,2343,54.79
STORE_3,HOBBIES_2_007,2344,54.79
STORE_3,HOBBIES_2_007,2345,54.79
STORE_3,HOBBIES_2_007,2346,54.79
STORE_3,HOBBIES_2_007,2347,52.35
STORE_3,HOBBIES_2_007,2348,52.35
STORE_3,HOBBIES_2_007,2349,53.44
STORE_3,HOBBIES_2_007,2350,53.44
STORE_3,HOBBIES_2_007,2351,53.44
STORE_3,HOBBIES_2_007,2401,53.44
STORE_3,HOBBIES_2_007,2402,41.96
STORE_3,HOBBIES_2_007,2403,41.96
STORE_3,HOBBIES_2_007,2404,41.96
STORE_3,HOBBIES_2_007,2405,41.96
STORE_3,HOBBIES_2_007,2406,41.96
STORE_3,HOBBIES_2_007,2407,41.96
STORE_3,HOBBIES_2_007,2408,41.96
STORE_3,HOBBIES_2_007,2409,41.96
STORE_3,HOBBIES_2_007,2410,41.96
STORE_3,HOBBIES_2_007,2411,52.99
STORE_3,HOBBIES_2_007,2412,52.99
STORE_3,HOBBIES_2_007,2413,52.99
STORE_3,HOBBIES_2_007,2414,52.99
STORE_3,HOBBIES_2_007,2415,52.99
STORE_3,HOBBIES_2_007,2416,52.99
STORE_3,HOBBIES_2_007,2417,52.99
STORE_3,HOBBIES_2_007,2418,52.99
STORE_3,HOBBIES_2_007,2419,52.99
STORE_3,HOBBIES_2_007,2420,52.99
STORE_3,HOBBIES_2_007,2421,52.99
STORE_3,HOBBIES_2_007,2422,52.99
STORE_3,HOBBIES_2_007,2423,52.99
STORE_3,HOBBIES_2_007,2424,52.99
STORE_3,HOBBIES_2_007,2425,52.99
STORE_3,HOBBIES_2_007,2426,52.99
STORE_3,HOBBIES_2_007,2427,52.99
STORE_3,HOBBIES_2_007,2428,52.99
STORE_3,HOBBIES_2_007,2429,52.99
STORE_3,HOBBIES_2_007,2430,52.99
STORE_3,HOBBIES_2_007,2431,52.99
STORE_3,HOBBIES_2_007,2432,52.99
STORE_3,HOBBIES_2_007,2433,52.99
STORE_3,HOBBIES_2_007,2434,52.99
STORE_3,HOBBIES_2_007,2435,52.99
STORE_3,HOBBIES_2_007,2436,52.99
STORE_3,HOBBIES_2_007,2437,52.99
STORE_3,HOBBIES_2_007,2438,52.99
STORE_3,HOBBIES_2_007,2439,52.99
STORE_3,HOBBIES_2_007,2440,52.99
STORE_3,HOBBIES_2_007,2441,52.99
STORE_3,HOBBIES_2_007,2442,52.99
STORE_3,HOBBIES_2_007,2443,52.99
STORE_3,HOBBIES_2_007,2444,52.99
STORE_3,HOBBIES_2_007,2445,52.99
STORE_3,HOBBIES_2_007,2446,52.99
STORE_3,HOBBIES_2_007,2447,52.99
STORE_3,HOBBIES_2_007,2448,52.99
STORE_3,HOBBIES_2_007,2449,52.99
STORE_3,HOBBIES_2_007,2450,52.99
STORE_3,HOBBIES_2_007,2451,52.99
STORE_3,HOBBIES_2_007,2452,52.99
STORE_3,HOBBIES_2_007,2501,52.99
STORE_3,HOBBIES_2_007,2502,52.99
STORE_3,HOBBIES_2_007,2503,52.99
STORE_3,HOBBIES_2_007,2504,52.99
STORE_3,HOBBIES_2_007,2505,52.99
STORE_3,HOBBIES_2_008,2252,35.56
STORE_3,HOBBIES_2_008,2201,35.56
STORE_3,HOBBIES_2_008,2202,35.56
STORE_3,HOBBIES_2_008,2203,35.56
STORE_3,HOBBIES_2_008,2204,35.56
STORE_3,HOBBIES_2_008,2205,35.56
STORE_3,HOBBIES_2_008,2206,35.56
STORE_3,HOBBIES_2_008,2207,35.56
STORE_3,HOBBIES_2_008,2208,35.56
STORE_3,HOBBIES_2_008,2209,35.56
STORE_3,HOBBIES_2_008,2210,35.56
STORE_3,HOBBIES_2_008,2211,35.56
STORE_3,HOBBIES_2_008,2212,35.56
STORE_3,HOBBIES_2_008,2213,35.56
STORE_3,HOBBIES_2_008,2214,35.56
STORE_3,HOBBIES_2_008,2215,35.56
STORE_3,HOBBIES_2_008,2216,35.56
STORE_3,HOBBIES_2_008,2217,35.56
STORE_3,HOBBIES_2_008,2218,35.56
STORE_3,HOBBIES_2_008,2219,35.56
STORE_3,HOBBIES_2_008,2220,35.56
STORE_3,HOBBIES_2_008,2221,35.56
STORE_3,HOBBIES_2_008,2222,35.56
STORE_3,HOBBIES_2_008,2223,35.56
STORE_3,HOBBIES_2_008,2224,35.56
STORE_3,HOBBIES_2_008,2225,35.56
STORE_3,HOBBIES_2_008,2226,35.56
STORE_3,HOBBIES_2_008,2227,35.56
STORE_3,HOBBIES_2_008,2228,35.56
STORE_3,HOBBIES_2_008,2229,35.56
STORE_3,HOBBIES_2_008,2230,35.56
STORE_3,HOBBIES_2_008,2231,35.56
STORE_3,HOBBIES_2_008,2232,35.56
STORE_3,HOBBIES_2_008,2233,35.56
STORE_3,HOBBIES_2_008,2234,35.56
STORE_3,HOBBIES_2_008,2235,35.56
STORE_3,HOBBIES_2_008,2236,35.56
STORE_3,HOBBIES_2_008,2237,35.56
STORE_3,HOBBIES_2_008,2238,35.56
STORE_3,HOBBIES_2_008,2239,35.56
STORE_3,HOBBIES_2_008,2240,35.56
STORE_3,HOBBIES_2_008,2241,35.56
STORE_3,HOBBIES_2_008,2242,35.56
STORE_3,HOBBIES_2_008,2243,35.56
STORE_3,HOBBIES_2_008,2244,35.56
STORE_3,HOBBIES_2_008,2245,35.56
STORE_3,HOBBIES_2_008,2246,35.56
STORE_3,HOBBIES_2_008,2247,27.95
STORE_3,HOBBIES_2_008,2248,27.95
STORE_3,HOBBIES_2_008,2249,27.95
STORE_3,HOBBIES_2_008,2250,27.95
STORE_3,HOBBIES_2_008,2251,27.95
STORE_3,HOBBIES_2_008,2352,27.95
STORE_3,HOBBIES_2_008,2301,27.95
STORE_3,HOBBIES_2_008,2302,27.95
STORE_3,HOBBIES_2_008,2303,27.95
STORE_3,HOBBIES_2_008,2304,27.95
STORE_3,HOBBIES_2_008,2305,27.95
STORE_3,HOBBIES_2_008,2306,27.95
STORE_3,HOBBIES_2_008,2307,27.95
STORE_3,HOBBIES_2_008,2308,27.95
STORE_3,HOBBIES_2_008,2309,27.95
STORE_3,HOBBIES_2_008,2310,27.95
STORE_3,HOBBIES_2_008,2311,27.95
STORE_3,HOBBIES_2_008,2312,27.95
STORE_3,HOBBIES_2_008,2313,27.95
STORE_3,HOBBIES_2_008,2314,27.95
STORE_3,HOBBIES_2_008,2315,27.95
STORE_3,HOBBIES_2_008,2316,27.95
STORE_3,HOBBIES_2_008,2317,27.95
STORE_3,HOBBIES_2_008,2318,27.95
STORE_3,HOBBIES_2_008,2319,27.95
STORE_3,HOBBIES_2_008,2320,27.95
STORE_3,HOBBIES_2_008,2321,27.95
STORE_3,HOBBIES_2_008,2322,27.95
STORE_3,HOBBIES_2_008,2323,27.95
STORE_3,HOBBIES_2_008,2324,27.95
STORE_3,HOBBIES_2_008,2325,27.95
STORE_3,HOBBIES_2_008,2326,27.95
STORE_3,HOBBIES_2_008,2327,27.95
STORE_3,HOBBIES_2_008,2328,27.95
STORE_3,HOBBIES_2_008,2329,27.95
STORE_3,HOBBIES_2_008,2330,27.95
STORE_3,HOBBIES_2_008,2331,27.95
STORE_3,HOBBIES_2_008,2332,27.95
STORE_3,HOBBIES_2_008,2333,27.95
STORE_3,HOBBIES_2_008,2334,27.95
STORE_3,HOBBIES_2_008,2335,27.95
STORE_3,HOBBIES_2_008,2336,27.95
STORE_3,HOBBIES_2_008,2337,27.95
STORE_3,HOBBIES_2_008,2338,27.95
STORE_3,HOBBIES_2_008,2339,27.95
STORE_3,HOBBIES_2_008,2340,27.95
STORE_3,HOBBIES_2_008,2341,27.95
STORE_3,HOBBIES_2_008,2342,27.95
STORE_3,HOBBIES_2_008,2343,27.95
STORE_3,HOBBIES_2_008,2344,33.46
STORE_3,HOBBIES_2_008,2345,33.46
STORE_3,HOBBIES_2_008,2346,33.46
STORE_3,HOBBIES_2_008,2347,33.46
STORE_3,HOBBIES_2_008,2348,33.46
STORE_3,HOBBIES_2_008,2349,33.46
STORE_3,HOBBIES_2_008,2350,33.46
STORE_3,HOBBIES_2_008,2351,33.46
STORE_3,HOBBIES_2_008,2401,33.46
STORE_3,HOBBIES_2_008,2402,33.46
STORE_3,HOBBIES_2_008,2403,33.46
STORE_3,HOBBIES_2_008,2404,37.29
STORE_3,HOBBIES_2_008,2405,37.29
STORE_3,HOBBIES_2_008,2406,37.29
STORE_3,HOBBIES_2_008,2407,37.29
STORE_3,HOBBIES_2_008,2408,37.29
STORE_3,HOBBIES_2_008,2409,37.29
STORE_3,HOBBIES_2_008,2410,37.29
STORE_3,HOBBIES_2_008,2411,31.64
STORE_3,HOBBIES_2_008,2412,31.64
STORE_3,HOBBIES_2_008,2413,31.64
STORE_3,HOBBIES_2_008,2414,31.64
STORE_3,HOBBIES_2_008,2415,31.64
STORE_3,HOBBIES_2_008,2416,31.64
STORE_3,HOBBIES_2_008,2417,31.64
STORE_3,HOBBIES_2_008,2418,31.64
STORE_3,HOBBIES_2_008,2419,31.64
STORE_3,HOBBIES_2_008,2420,31.64
STORE_3,HOBBIES_2_008,2421,31.64
STORE_3,HOBBIES_2_008,2422,31.64
STORE_3,HOBBIES_2_008,2423,31.64
STORE_3,HOBBIES_2_008,2424,31.64
STORE_3,HOBBIES_2_008,2425,31.64
STORE_3,HOBBIES_2_008,2426,31.64
STORE_3,HOBBIES_2_008,2427,31.64
STORE_3,HOBBIES_2_008,2428,31.64
STORE_3,HOBBIES_2_008,2429,31.64
STORE_3,HOBBIES_2_008,2430,31.64
STORE_3,HOBBIES_2_008,2431,31.64
STORE_3,HOBBIES_2_008,2432,31.64
STORE_3,HOBBIES_2_008,2433,31.64
STORE_3,HOBBIES_2_008,2434,31.64
STORE_3,HOBBIES_2_008,2435,31.64
STORE_3,HOBBIES_2_008,2436,31.64
STORE_3,HOBBIES_2_008,2437,31.64
STORE_3,HOBBIES_2_008,2438,31.64
STORE_3,HOBBIES_2_008,2439,31.64
STORE_3,HOBBIES_2_008,2440,31.64
STORE_3,HOBBIES_2_008,2441,31.64
STORE_3,HOBBIES_2_008,2442,31.64
STORE_3,HOBBIES_2_008,2443,31.64
STORE_3,HOBBIES_2_008,2444,31.64
STORE_3,HOBBIES_2_008,2445,31.64
STORE_3,HOBBIES_2_008,2446,31.64
STORE_3,HOBBIES_2_008,2447,31.64
STORE_3,HOBBIES_2_008,2448,31.64
STORE_3,HOBBIES_2_008,2449,31.64
STORE_3,HOBBIES_2_008,2450,31.64
STORE_3,HOBBIES_2_008,2451,31.64
STORE_3,HOBBIES_2_008,2452,31.64
STORE_3,HOBBIES_2_008,2501,31.64
STORE_3,HOBBIES_2_008,2502,31.64
STORE_3,HOBBIES_2_008,2503,31.64
STORE_3,HOBBIES_2_008,2504,31.64
STORE_3,HOBBIES_2_008,2505,31.64
STORE_3,HOUSEHOLD_1_001,2252,49.3
STORE_3,HOUSEHOLD_1_001,2201,49.3
STORE_3,HOUSEHOLD_1_001,2202,49.3
STORE_3,HOUSEHOLD_1_001,2203,49.3
STORE_3,HOUSEHOLD_1_001,2204,49.3
STORE_3,HOUSEHOLD_1_001,2205,49.3
STORE_3,HOUSEHOLD_1_001,2206,49.3
STORE_3,HOUSEHOLD_1_001,2207,49.3
STORE_3,HOUSEHOLD_1_001,2208,49.3
STORE_3,HOUSEHOLD_1_001,2209,49.3
STORE_3,HOUSEHOLD_1_001,2210,63.05
STORE_3,HOUSEHOLD_1_001,2211,63.05
STORE_3,HOUSEHOLD_1_001,2212,63.05
STORE_3,HOUSEHOLD_1_001,2213,63.05
STORE_3,HOUSEHOLD_1_001,2214,63.05
STORE_3,HOUSEHOLD_1_001,2215,63.05
STORE_3,HOUSEHOLD_1_001,2216,63.05
STORE_3,HOUSEHOLD_1_001,2217,63.05
STORE_3,HOUSEHOLD_1_001,2218,63.05
STORE_3,HOUSEHOLD_1_001,2219,63.05
STORE_3,HOUSEHOLD_1_001,2220,63.05
STORE_3,HOUSEHOLD_1_001,2221,63.05
STORE_3,HOUSEHOLD_1_001,2222,63.05
STORE_3,HOUSEHOLD_1_001,2223,63.05
STORE_3,HOUSEHOLD_1_001,2224,63.05
STORE_3,HOUSEHOLD_1_001,2225,63.05
STORE_3,HOUSEHOLD_1_001,2226,58.26
STORE_3,HOUSEHOLD_1_001,2227,58.26
STORE_3,HOUSEHOLD_1_001,2228,58.26
STORE_3,HOUSEHOLD_1_001,2229,58.26
STORE_3,HOUSEHOLD_1_001,2230,58.26
STORE_3,HOUSEHOLD_1_001,2231,58.26
STORE_3,HOUSEHOLD_1_001,2232,58.26
STORE_3,HOUSEHOLD_1_001,2233,58.26
STORE_3,HOUSEHOLD_1_001,2234,58.26
STORE_3,HOUSEHOLD_1_001,2235,58.26
STORE_3,HOUSEHOLD_1_001,2236,58.26
STORE_3,HOUSEHOLD_1_001,2237,58.26
STORE_3,HOUSEHOLD_1_001,2238,58.26
STORE_3,HOUSEHOLD_1_001,2239,58.26
STORE_3,HOUSEHOLD_1_001,2240,58.26
STORE_3,HOUSEHOLD_1_001,2241,58.26
STORE_3,HOUSEHOLD_1_001,2242,58.26
STORE_3,HOUSEHOLD_1_001,2243,63.66
STORE_3,HOUSEHOLD_1_001,2244,63.66
STORE_3,HOUSEHOLD_1_001,2245,63.66
STORE_3,HOUSEHOLD_1_001,2246,63.66
STORE_3,HOUSEHOLD_1_001,2247,63.66
STORE_3,HOUSEHOLD_1_001,2248,63.66
STORE_3,HOUSEHOLD_1_001,2249,63.66
STORE_3,HOUSEHOLD_1_001,2250,63.66
STORE_3,HOUSEHOLD_1_001,2251,63.66
STORE_3,HOUSEHOLD_1_001,2352,63.66
STORE_3,HOUSEHOLD_1_001,2301,63.66
STORE_3,HOUSEHOLD_1_001,2302,63.66
STORE_3,HOUSEHOLD_1_001,2303,63.66
STORE_3,HOUSEHOLD_1_001,2304,63.66
STORE_3,HOUSEHOLD_1_001,2305,63.66
STORE_3,HOUSEHOLD_1_001,2306,63.66
STORE_3,HOUSEHOLD_1_001,2307,63.66
STORE_3,HOUSEHOLD_1_001,2308,63.66
STORE_3,HOUSEHOLD_1_001,2309,63.66
STORE_3,HOUSEHOLD_1_001,2310,63.66
STORE_3,HOUSEHOLD_1_001,2311,63.66
STORE_3,HOUSEHOLD_1_001,2312,63.66
STORE_3,HOUSEHOLD_1_001,2313,63.66
STORE_3,HOUSEHOLD_1_001,2314,63.66
STORE_3,HOUSEHOLD_1_001,2315,63.66
STORE_3,HOUSEHOLD_1_001,2316,63.66
STORE_3,HOUSEHOLD_1_001,2317,63.66
STORE_3,HOUSEHOLD_1_001,2318,63.66
STORE_3,HOUSEHOLD_1_001,2319,63.66
STORE_3,HOUSEHOLD_1_001,2320,63.66
STORE_3,HOUSEHOLD_1_001,2321,63.66
STORE_3,HOUSEHOLD_1_001,2322,63.66
STORE_3,HOUSEHOLD_1_001,2323,63.66
STORE_3,HOUSEHOLD_1_001,2324,63.66
STORE_3,HOUSEHOLD_1_001,2325,63.66
STORE_3,HOUSEHOLD_1_001,2326,63.66
STORE_3,HOUSEHOLD_1_001,2327,63.66
STORE_3,HOUSEHOLD_1_001,2328,63.66
STORE_3,HOUSEHOLD_1_001,2329,63.66
STORE_3,HOUSEHOLD_1_001,2330,63.66
STORE_3,HOUSEHOLD_1_001,2331,63.66
STORE_3,HOUSEHOLD_1_001,2332,63.66
STORE_3,HOUSEHOLD_1_001,2333,63.66
STORE_3,HOUSEHOLD_1_001,2334,63.66
STORE_3,HOUSEHOLD_1_001,2335,63.66
STORE_3,HOUSEHOLD_1_001,2336,63.66
STORE_3,HOUSEHOLD_1_001,2337,63.66
STORE_3,HOUSEHOLD_1_001,2338,63.66
STORE_3,HOUSEHOLD_1_001,2339,63.66
STORE_3,HOUSEHOLD_1_001,2340,63.66
STORE_3,HOUSEHOLD_1_001,2341,63.66
STORE_3,HOUSEHOLD_1_001,2342,57.47
STORE_3,HOUSEHOLD_1_001,2343,57.47
STORE_3,HOUSEHOLD_1_001,2344,57.47
STORE_3,HOUSEHOLD_1_001,2345,57.47
STORE_3,HOUSEHOLD_1_001,2346,57.47
STORE_3,HOUSEHOLD_1_001,2347,57.47
STORE_3,HOUSEHOLD_1_001,2348,57.47
STORE_3,HOUSEHOLD_1_001,2349,57.47
STORE_3,HOUSEHOLD_1_001,2350,57.47
STORE_3,HOUSEHOLD_1_001,2351,57.47
STORE_3,HOUSEHOLD_1_001,2401,57.47
STORE_3,HOUSEHOLD_1_001,2402,57.47
STORE_3,HOUSEHOLD_1_001,2403,57.47
STORE_3,HOUSEHOLD_1_001,2404,57.47
STORE_3,HOUSEHOLD_1_001,2405,57.47
STORE_3,HOUSEHOLD_1_001,2406,57.47
STORE_3,HOUSEHOLD_1_001,2407,57.47
STORE_3,HOUSEHOLD_1_001,2408,57.47
STORE_3,HOUSEHOLD_1_001,2409,57.47
STORE_3,HOUSEHOLD_1_001,2410,57.47
STORE_3,HOUSEHOLD_1_001,2411,57.47
STORE_3,HOUSEHOLD_1_001,2412,64.64
STORE_3,HOUSEHOLD_1_001,2413,64.64
STORE_3,HOUSEHOLD_1_001,2414,64.64
STORE_3,HOUSEHOLD_1_001,2415,64.64
STORE_3,HOUSEHOLD_1_001,2416,64.64
STORE_3,HOUSEHOLD_1_001,2417,64.64
STORE_3,HOUSEHOLD_1_001,2418,64.64
STORE_3,HOUSEHOLD_1_001,2419,64.64
STORE_3,HOUSEHOLD_1_001,2420,63.11
STORE_3,HOUSEHOLD_1_001,2421,58.58
STORE_3,HOUSEHOLD_1_001,2422,58.58
STORE_3,HOUSEHOLD_1_001,2423,58.58
STORE_3,HOUSEHOLD_1_001,2424,58.58
STORE_3,HOUSEHOLD_1_001,2425,58.58
STORE_3,HOUSEHOLD_1_001,2426,58.58
STORE_3,HOUSEHOLD_1_001,2427,58.58
STORE_3,HOUSEHOLD_1_001,2428,58.58
STORE_3,HOUSEHOLD_1_001,2429,58.58
STORE_3,HOUSEHOLD_1_001,2430,58.58
STORE_3,HOUSEHOLD_1_001,2431,58.58
STORE_3,HOUSEHOLD_1_001,2432,58.58
STORE_3,HOUSEHOLD_1_001,2433,58.58
STORE_3,HOUSEHOLD_1_001,2434,58.58
STORE_3,HOUSEHOLD_1_001,2435,58.58
STORE_3,HOUSEHOLD_1_001,2436,58.58
STORE_3,HOUSEHOLD_1_001,2437,58.58
STORE_3,HOUSEHOLD_1_001,2438,58.58
STORE_3,HOUSEHOLD_1_001,2439,58.58
STORE_3,HOUSEHOLD_1_001,2440,58.58
STORE_3,HOUSEHOLD_1_001,2441,58.58
STORE_3,HOUSEHOLD_1_001,2442,58.58
STORE_3,HOUSEHOLD_1_001,2443,58.58
STORE_3,HOUSEHOLD_1_001,2444,58.58
STORE_3,HOUSEHOLD_1_001,2445,58.58
STORE_3,HOUSEHOLD_1_001,2446,58.58
STORE_3,HOUSEHOLD_1_001,2447,58.58
STORE_3,HOUSEHOLD_1_001,2448,65.85
STORE_3,HOUSEHOLD_1_001,2449,65.85
STORE_3,HOUSEHOLD_1_001,2450,65.85
STORE_3,HOUSEHOLD_1_001,2451,65.85
STORE_3,HOUSEHOLD_1_001,2452,65.85
STORE_3,HOUSEHOLD_1_001,2501,65.85
STORE_3,HOUSEHOLD_1_001,2502,65.85
STORE_3,HOUSEHOLD_1_001,2503,65.85
STORE_3,HOUSEHOLD_1_001,2504,65.85
STORE_3,HOUSEHOLD_1_001,2505,50.22
STORE_3,HOUSEHOLD_1_002,2252,55.47
STORE_3,HOUSEHOLD_1_002,2201,55.47
STORE_3,HOUSEHOLD_1_002,2202,55.47
STORE_3,HOUSEHOLD_1_002,2203,55.47
STORE_3,HOUSEHOLD_1_002,2204,55.47
STORE_3,HOUSEHOLD_1_002,2205,55.47
STORE_3,HOUSEHOLD_1_002,2206,55.47
STORE_3,HOUSEHOLD_1_002,2207,62.45
STORE_3,HOUSEHOLD_1_002,2208,62.45
STORE_3,HOUSEHOLD_1_002,2209,62.45
STORE_3,HOUSEHOLD_1_002,2210,62.45
STORE_3,HOUSEHOLD_1_002,2211,62.45
STORE_3,HOUSEHOLD_1_002,2212,62.45
STORE_3,HOUSEHOLD_1_002,2213,62.45
STORE_3,HOUSEHOLD_1_002,2214,62.45
STORE_3,HOUSEHOLD_1_002,2215,62.45
STORE_3,HOUSEHOLD_1_002,2216,62.45
STORE_3,HOUSEHOLD_1_002,2217,62.45
STORE_3,HOUSEHOLD_1_002,2218,62.45
STORE_3,HOUSEHOLD_1_002,2219,62.45
STORE_3,HOUSEHOLD_1_002,2220,62.45
STORE_3,HOUSEHOLD_1_002,2221,62.45
STORE_3,HOUSEHOLD_1_002,2222,62.45
STORE_3,HOUSEHOLD_1_002,2223,62.45
STORE_3,HOUSEHOLD_1_002,2224,62.45
STORE_3,HOUSEHOLD_1_002,2225,56.6
STORE_3,HOUSEHOLD_1_002,2226,56.6
STORE_3,HOUSEHOLD_1_002,2227,56.6
STORE_3,HOUSEHOLD_1_002,2228,56.6
STORE_3,HOUSEHOLD_1_002,2229,56.6
STORE_3,HOUSEHOLD_1_002,2230,51.46
STORE_3,HOUSEHOLD_1_002,2231,51.46
STORE_3,HOUSEHOLD_1_002,2232,51.46
STORE_3,HOUSEHOLD_1_002,2233,51.46
STORE_3,HOUSEHOLD_1_002,2234,51.46
STORE_3,HOUSEHOLD_1_002,2235,51.46
STORE_3,HOUSEHOLD_1_002,2236,51.46
STORE_3,HOUSEHOLD_1_002,2237,51.46
STORE_3,HOUSEHOLD_1_002,2238,51.46
STORE_3,HOUSEHOLD_1_002,2239,51.46
STORE_3,HOUSEHOLD_1_002,2240,51.46
STORE_3,HOUSEHOLD_1_002,2241,51.46
STORE_3,HOUSEHOLD_1_002,2242,51.46
STORE_3,HOUSEHOLD_1_002,2243,51.46
STORE_3,HOUSEHOLD_1_002,2244,51.46
STORE_3,HOUSEHOLD_1_002,2245,51.46
STORE_3,HOUSEHOLD_1_002,2246,51.46
STORE_3,HOUSEHOLD_1_002,2247,51.46
STORE_3,HOUSEHOLD_1_002,2248,51.46
STORE_3,HOUSEHOLD_1_002,2249,51.46
STORE_3,HOUSEHOLD_1_002,2250,51.46
STORE_3,HOUSEHOLD_1_002,2251,51.46
STORE_3,HOUSEHOLD_1_002,2352,51.46
STORE_3,HOUSEHOLD_1_002,2301,51.46
STORE_3,HOUSEHOLD_1_002,2302,51.46
STORE_3,HOUSEHOLD_1_002,2303,51.46
STORE_3,HOUSEHOLD_1_002,2304,51.46
STORE_3,HOUSEHOLD_1_002,2305,51.46
STORE_3,HOUSEHOLD_1_002,2306,51.46
STORE_3,HOUSEHOLD_1_002,2307,51.46
STORE_3,HOUSEHOLD_1_002,2308,51.46
STORE_3,HOUSEHOLD_1_002,2309,51.46
STORE_3,HOUSEHOLD_1_002,2310,51.46
STORE_3,HOUSEHOLD_1_002,2311,51.46
STORE_3,HOUSEHOLD_1_002,2312,51.46
STORE_3,HOUSEHOLD_1_002,2313,51.46
STORE_3,HOUSEHOLD_1_002,2314,51.46
STORE_3,HOUSEHOLD_1_002,2315,51.46
STORE_3,HOUSEHOLD_1_002,2316,51.46
STORE_3,HOUSEHOLD_1_002,2317,51.46
STORE_3,HOUSEHOLD_1_002,2318,51.46
STORE_3,HOUSEHOLD_1_002,2319,51.46
STORE_3,HOUSEHOLD_1_002,2320,51.46
STORE_3,HOUSEHOLD_1_002,2321,51.46
STORE_3,HOUSEHOLD_1_002,2322,51.46
STORE_3,HOUSEHOLD_1_002,2323,51.46
STORE_3,HOUSEHOLD_1_002,2324,51.46
STORE_3,HOUSEHOLD_1_002,2325,51.46
STORE_3,HOUSEHOLD_1_002,2326,51.46
STORE_3,HOUSEHOLD_1_002,2327,51.46
STORE_3,HOUSEHOLD_1_002,2328,51.46
STORE_3,HOUSEHOLD_1_002,2329,51.46
STORE_3,HOUSEHOLD_1_002,2330,51.46
STORE_3,HOUSEHOLD_1_002,2331,51.46
STORE_3,HOUSEHOLD_1_002,2332,51.46
STORE_3,HOUSEHOLD_1_002,2333,51.46
STORE_3,HOUSEHOLD_1_002,2334,51.46
STORE_3,HOUSEHOLD_1_002,2335,51.46
STORE_3,HOUSEHOLD_1_002,2336,51.46
STORE_3,HOUSEHOLD_1_002,2337,51.46
STORE_3,HOUSEHOLD_1_002,2338,51.46
STORE_3,HOUSEHOLD_1_002,2339,51.46
STORE_3,HOUSEHOLD_1_002,2340,51.46
STORE_3,HOUSEHOLD_1_002,2341,51.46
STORE_3,HOUSEHOLD_1_002,2342,51.46
STORE_3,HOUSEHOLD_1_002,2343,51.46
STORE_3,HOUSEHOLD_1_002,2344,51.46
STORE_3,HOUSEHOLD_1_002,2345,51.46
STORE_3,HOUSEHOLD_1_002,2346,51.46
STORE_3,HOUSEHOLD_1_002,2347,51.46
STORE_3,HOUSEHOLD_1_002,2348,51.46
STORE_3,HOUSEHOLD_1_002,2349,51.46
STORE_3,HOUSEHOLD_1_002,2350,51.46
STORE_3,HOUSEHOLD_1_002,2351,51.46
STORE_3,HOUSEHOLD_1_002,2401,50.14
STORE_3,HOUSEHOLD_1_002,2402,50.14
STORE_3,HOUSEHOLD_1_002,2403,50.14
STORE_3,HOUSEHOLD_1_002,2404,50.14
STORE_3,HOUSEHOLD_1_002,2405,50.14
STORE_3,HOUSEHOLD_1_002,2406,50.14
STORE_3,HOUSEHOLD_1_002,2407,50.14
STORE_3,HOUSEHOLD_1_002,2408,50.14
STORE_3,HOUSEHOLD_1_002,2409,50.14
STORE_3,HOUSEHOLD_1_002,2410,50.14
STORE_3,HOUSEHOLD_1_002,2411,50.14
STORE_3,HOUSEHOLD_1_002,2412,50.14
STORE_3,HOUSEHOLD_1_002,2413,49.57
STORE_3,HOUSEHOLD_1_002,2414,51.25
STORE_3,HOUSEHOLD_1_002,2415,51.25
STORE_3,HOUSEHOLD_1_002,2416,51.25
STORE_3,HOUSEHOLD_1_002,2417,51.25
STORE_3,HOUSEHOLD_1_002,2418,51.25
STORE_3,HOUSEHOLD_1_002,2419,51.25
STORE_3,HOUSEHOLD_1_002,2420,51.25
STORE_3,HOUSEHOLD_1_002,2421,51.25
STORE_3,HOUSEHOLD_1_002,2422,51.25
STORE_3,HOUSEHOLD_1_002,2423,51.25
STORE_3,HOUSEHOLD_1_002,2424,51.25
STORE_3,HOUSEHOLD_1_002,2425,51.25
STORE_3,HOUSEHOLD_1_002,2426,51.25
STORE_3,HOUSEHOLD_1_002,2427,51.25
STORE_3,HOUSEHOLD_1_002,2428,51.25
STORE_3,HOUSEHOLD_1_002,2429,51.25
STORE_3,HOUSEHOLD_1_002,2430,51.25
STORE_3,HOUSEHOLD_1_002,2431,51.25
STORE_3,HOUSEHOLD_1_002,2432,41.61
STORE_3,HOUSEHOLD_1_002,2433,41.61
STORE_3,HOUSEHOLD_1_002,2434,41.61
STORE_3,HOUSEHOLD_1_002,2435,41.61
STORE_3,HOUSEHOLD_1_002,2436,41.61
STORE_3,HOUSEHOLD_1_002,2437,41.61
STORE_3,HOUSEHOLD_1_002,2438,41.61
STORE_3,HOUSEHOLD_1_002,2439,41.61
STORE_3,HOUSEHOLD_1_002,2440,41.61
STORE_3,HOUSEHOLD_1_002,2441,41.61
STORE_3,HOUSEHOLD_1_002,2442,41.61
STORE_3,HOUSEHOLD_1_002,2443,41.61
STORE_3,HOUSEHOLD_1_002,2444,41.61
STORE_3,HOUSEHOLD_1_002,2445,41.61
STORE_3,HOUSEHOLD_1_002,2446,41.61
STORE_3,HOUSEHOLD_1_002,2447,41.61
STORE_3,HOUSEHOLD_1_002,2448,41.61
STORE_3,HOUSEHOLD_1_002,2449,41.61
STORE_3,HOUSEHOLD_1_002,2450,41.61
STORE_3,HOUSEHOLD_1_002,2451,41.61
STORE_3,HOUSEHOLD_1_002,2452,41.61
STORE_3,HOUSEHOLD_1_002,2501,41.61
STORE_3,HOUSEHOLD_1_002,2502,41.61
STORE_3,HOUSEHOLD_1_002,2503,41.61
STORE_3,HOUSEHOLD_1_002,2504,41.61
STORE_3,HOUSEHOLD_1_002,2505,41.61
STORE_3,HOUSEHOLD_1_003,2252,11.81
STORE_3,HOUSEHOLD_1_003,2201,11.81
STORE_3,HOUSEHOLD_1_003,2202,8.87
STORE_3,HOUSEHOLD_1_003,2203,8.87
STORE_3,HOUSEHOLD_1_003,2204,8.87
STORE_3,HOUSEHOLD_1_003,2205,8.87
STORE_3,HOUSEHOLD_1_003,2206,8.87
STORE_3,HOUSEHOLD_1_003,2207,8.87
STORE_3,HOUSEHOLD_1_003,2208,8.87
STORE_3,HOUSEHOLD_1_003,2209,8.87
STORE_3,HOUSEHOLD_1_003,2210,8.87
STORE_3,HOUSEHOLD_1_003,2211,8.87
STORE_3,HOUSEHOLD_1_003,2212,8.87
STORE_3,HOUSEHOLD_1_003,2213,8.87
STORE_3,HOUSEHOLD_1_003,2214,8.87
STORE_3,HOUSEHOLD_1_003,2215,8.87
STORE_3,HOUSEHOLD_1_003,2216,10.05
STORE_3,HOUSEHOLD_1_003,2217,10.05
STORE_3,HOUSEHOLD_1_003,2218,10.05
STORE_3,HOUSEHOLD_1_003,2219,11.53
STORE_3,HOUSEHOLD_1_003,2220,11.53
STORE_3,HOUSEHOLD_1_003,2221,11.53
STORE_3,HOUSEHOLD_1_003,2222,11.53
STORE_3,HOUSEHOLD_1_003,2223,11.53
STORE_3,HOUSEHOLD_1_003,2224,11.53
STORE_3,HOUSEHOLD_1_003,2225,11.53
STORE_3,HOUSEHOLD_1_003,2226,11.39
STORE_3,HOUSEHOLD_1_003,2227,11.39
STORE_3,HOUSEHOLD_1_003,2228,11.39
STORE_3,HOUSEHOLD_1_003,2229,11.39
STORE_3,HOUSEHOLD_1_003,2230,11.39
STORE_3,HOUSEHOLD_1_003,2231,11.39
STORE_3,HOUSEHOLD_1_003,2232,11.39
STORE_3,HOUSEHOLD_1_003,2233,11.39
STORE_3,HOUSEHOLD_1_003,2234,11.39
STORE_3,HOUSEHOLD_1_003,2235,11.39
STORE_3,HOUSEHOLD_1_003,2236,11.39
STORE_3,HOUSEHOLD_1_003,2237,11.39
STORE_3,HOUSEHOLD_1_003,2238,11.39
STORE_3,HOUSEHOLD_1_003,2239,11.39
STORE_3,HOUSEHOLD_1_003,2240,11.39
STORE_3,HOUSEHOLD_1_003,2241,11.39
STORE_3,HOUSEHOLD_1_003,2242,11.39
STORE_3,HOUSEHOLD_1_003,2243,11.39
STORE_3,HOUSEHOLD_1_003,2244,11.39
STORE_3,HOUSEHOLD_1_003,2245,11.39
STORE_3,HOUSEHOLD_1_003,2246,11.39
STORE_3,HOUSEHOLD_1_003,2247,11.39
STORE_3,HOUSEHOLD_1_003,2248,11.39
STORE_3,HOUSEHOLD_1_003,2249,11.39
STORE_3,HOUSEHOLD_1_003,2250,11.39
STORE_3,HOUSEHOLD_1_003,2251,11.39
STORE_3,HOUSEHOLD_1_003,2352,11.39
STORE_3,HOUSEHOLD_1_003,2301,11.39
STORE_3,HOUSEHOLD_1_003,2302,11.39
STORE_3,HOUSEHOLD_1_003,2303,11.39
STORE_3,HOUSEHOLD_1_003,2304,11.39
STORE_3,HOUSEHOLD_1_003,2305,11.39
STORE_3,HOUSEHOLD_1_003,2306,11.39
STORE_3,HOUSEHOLD_1_003,2307,9.24
STORE_3,HOUSEHOLD_1_003,2308,9.24
STORE_3,HOUSEHOLD_1_003,2309,9.24
STORE_3,HOUSEHOLD_1_003,2310,9.24
STORE_3,HOUSEHOLD_1_003,2311,9.24
STORE_3,HOUSEHOLD_1_003,2312,9.24
STORE_3,HOUSEHOLD_1_003,2313,9.24
STORE_3,HOUSEHOLD_1_003,2314,9.24
STORE_3,HOUSEHOLD_1_003,2315,9.24
STORE_3,HOUSEHOLD_1_003,2316,9.24
STORE_3,HOUSEHOLD_1_003,2317,9.24
STORE_3,HOUSEHOLD_1_003,2318,9.24
STORE_3,HOUSEHOLD_1_003,2319,9.24
STORE_3,HOUSEHOLD_1_003,2320,13.49
STORE_3,HOUSEHOLD_1_003,2321,13.49
STORE_3,HOUSEHOLD_1_003,2322,11.22
STORE_3,HOUSEHOLD_1_003,2323,11.22
STORE_3,HOUSEHOLD_1_003,2324,11.22
STORE_3,HOUSEHOLD_1_003,2325,11.22
STORE_3,HOUSEHOLD_1_003,2326,11.22
STORE_3,HOUSEHOLD_1_003,2327,11.22
STORE_3,HOUSEHOLD_1_003,2328,11.6
STORE_3,HOUSEHOLD_1_003,2329,11.6
STORE_3,HOUSEHOLD_1_003,2330,11.6
STORE_3,HOUSEHOLD_1_003,2331,11.6
STORE_3,HOUSEHOLD_1_003,2332,11.6
STORE_3,HOUSEHOLD_1_003,2333,11.6
STORE_3,HOUSEHOLD_1_003,2334,11.6
STORE_3,HOUSEHOLD_1_003,2335,11.6
STORE_3,HOUSEHOLD_1_003,2336,11.6
STORE_3,HOUSEHOLD_1_003,2337,11.6
STORE_3,HOUSEHOLD_1_003,2338,11.6
STORE_3,HOUSEHOLD_1_003,2339,11.6
STORE_3,HOUSEHOLD_1_003,2340,11.6
STORE_3,HOUSEHOLD_1_003,2341,11.4
STORE_3,HOUSEHOLD_1_003,2342,11.4
STORE_3,HOUSEHOLD_1_003,2343,11.4
STORE_3,HOUSEHOLD_1_003,2344,11.4
STORE_3,HOUSEHOLD_1_003,2345,11.4
STORE_3,HOUSEHOLD_1_003,2346,11.4
STORE_3,HOUSEHOLD_1_003,2347,11.4
STORE_3,HOUSEHOLD_1_003,2348,11.4
STORE_3,HOUSEHOLD_1_003,2349,11.4
STORE_3,HOUSEHOLD_1_003,2350,11.4
STORE_3,HOUSEHOLD_1_003,2351,11.4
STORE_3,HOUSEHOLD_1_003,2401,11.4
STORE_3,HOUSEHOLD_1_003,2402,11.4
STORE_3,HOUSEHOLD_1_003,2403,11.4
STORE_3,HOUSEHOLD_1_003,2404,11.4
STORE_3,HOUSEHOLD_1_003,2405,11.4
STORE_3,HOUSEHOLD_1_003,2406,11.41
STORE_3,HOUSEHOLD_1_003,2407,11.41
STORE_3,HOUSEHOLD_1_003,2408,11.41
STORE_3,HOUSEHOLD_1_003,2409,11.41
STORE_3,HOUSEHOLD_1_003,2410,11.41
STORE_3,HOUSEHOLD_1_003,2411,11.41
STORE_3,HOUSEHOLD_1_003,2412,11.41
STORE_3,HOUSEHOLD_1_003,2413,11.41
STORE_3,HOUSEHOLD_1_003,2414,11.41
STORE_3,HOUSEHOLD_1_003,2415,11.41
STORE_3,HOUSEHOLD_1_003,2416,11.41
STORE_3,HOUSEHOLD_1_003,2417,11.41
STORE_3,HOUSEHOLD_1_003,2418,11.41
STORE_3,HOUSEHOLD_1_003,2419,11.41
STORE_3,HOUSEHOLD_1_003,2420,11.41
STORE_3,HOUSEHOLD_1_003,2421,11.41
STORE_3,HOUSEHOLD_1_003,2422,11.41
STORE_3,HOUSEHOLD_1_003,2423,11.41
STORE_3,HOUSEHOLD_1_003,2424,11.41
STORE_3,HOUSEHOLD_1_003,2425,11.41
STORE_3,HOUSEHOLD_1_003,2426,11.41
STORE_3,HOUSEHOLD_1_003,2427,11.41
STORE_3,HOUSEHOLD_1_003,2428,11.41
STORE_3,HOUSEHOLD_1_003,2429,11.41
STORE_3,HOUSEHOLD_1_003,2430,11.41
STORE_3,HOUSEHOLD_1_003,2431,11.41
STORE_3,HOUSEHOLD_1_003,2432,11.41
STORE_3,HOUSEHOLD_1_003,2433,11.41
STORE_3,HOUSEHOLD_1_003,2434,11.41
STORE_3,HOUSEHOLD_1_003,2435,11.41
STORE_3,HOUSEHOLD_1_003,2436,11.41
STORE_3,HOUSEHOLD_1_003,2437,11.41
STORE_3,HOUSEHOLD_1_003,2438,11.41
STORE_3,HOUSEHOLD_1_003,2439,11.41
STORE_3,HOUSEHOLD_1_003,2440,11.41
STORE_3,HOUSEHOLD_1_003,2441,11.41
STORE_3,HOUSEHOLD_1_003,2442,11.41
STORE_3,HOUSEHOLD_1_003,2443,11.41
STORE_3,HOUSEHOLD_1_003,2444,11.41
STORE_3,HOUSEHOLD_1_003,2445,11.41
STORE_3,HOUSEHOLD_1_003,2446,11.41
STORE_3,HOUSEHOLD_1_003,2447,11.41
STORE_3,HOUSEHOLD_1_003,2448,11.41
STORE_3,HOUSEHOLD_1_003,2449,11.41
STORE_3,HOUSEHOLD_1_003,2450,11.41
STORE_3,HOUSEHOLD_1_003,2451,11.41
STORE_3,HOUSEHOLD_1_003,2452,11.41
STORE_3,HOUSEHOLD_1_003,2501,11.41
STORE_3,HOUSEHOLD_1_003,2502,11.41
STORE_3,HOUSEHOLD_1_003,2503,11.41
STORE_3,HOUSEHOLD_1_003,2504,11.41
STORE_3,HOUSEHOLD_1_003,2505,11.41
STORE_3,HOUSEHOLD_1_004,2252,7.22
STORE_3,HOUSEHOLD_1_004,2201,7.22
STORE_3,HOUSEHOLD_1_004,2202,7.22
STORE_3,HOUSEHOLD_1_004,2203,7.22
STORE_3,HOUSEHOLD_1_004,2204,7.22
STORE_3,HOUSEHOLD_1_004,2205,7.22
STORE_3,HOUSEHOLD_1_004,2206,7.22
STORE_3,HOUSEHOLD_1_004,2207,7.22
STORE_3,HOUSEHOLD_1_004,2208,7.22
STORE_3,HOUSEHOLD_1_004,2209,7.22
STORE_3,HOUSEHOLD_1_004,2210,7.22
STORE_3,HOUSEHOLD_1_004,2211,7.22
STORE_3,HOUSEHOLD_1_004,2212,7.22
STORE_3,HOUSEHOLD_1_004,2213,7.22
STORE_3,HOUSEHOLD_1_004,2214,7.22
STORE_3,HOUSEHOLD_1_004,2215,7.22
STORE_3,HOUSEHOLD_1_004,2216,7.22
STORE_3,HOUSEHOLD_1_004,2217,7.22
STORE_3,HOUSEHOLD_1_004,2218,7.22
STORE_3,HOUSEHOLD_1_004,2219,7.22
STORE_3,HOUSEHOLD_1_004,2220,7.22
STORE_3,HOUSEHOLD_1_004,2221,7.22
STORE_3,HOUSEHOLD_1_004,2222,7.22
STORE_3,HOUSEHOLD_1_004,2223,7.22
STORE_3,HOUSEHOLD_1_004,2224,7.22
STORE_3,HOUSEHOLD_1_004,2225,7.22
STORE_3,HOUSEHOLD_1_004,2226,7.22
STORE_3,HOUSEHOLD_1_004,2227,7.22
STORE_3,HOUSEHOLD_1_004,2228,7.22
STORE_3,HOUSEHOLD_1_004,2229,7.22
STORE_3,HOUSEHOLD_1_004,2230,7.22
STORE_3,HOUSEHOLD_1_004,2231,7.22
STORE_3,HOUSEHOLD_1_004,2232,7.22
STORE_3,HOUSEHOLD_1_004,2233,7.22
STORE_3,HOUSEHOLD_1_004,2234,7.22
STORE_3,HOUSEHOLD_1_004,2235,7.22
STORE_3,HOUSEHOLD_1_004,2236,7.22
STORE_3,HOUSEHOLD_1_004,2237,7.22
STORE_3,HOUSEHOLD_1_004,2238,7.22
STORE_3,HOUSEHOLD_1_004,2239,7.22
STORE_3,HOUSEHOLD_1_004,2240,7.22
STORE_3,HOUSEHOLD_1_004,2241,5.84
STORE_3,HOUSEHOLD_1_004,2242,5.84
STORE_3,HOUSEHOLD_1_004,2243,5.84
STORE_3,HOUSEHOLD_1_004,2244,5.84
STORE_3,HOUSEHOLD_1_004,2245,5.84
STORE_3,HOUSEHOLD_1_004,2246,6.02
STORE_3,HOUSEHOLD_1_004,2247,6.02
STORE_3,HOUSEHOLD_1_004,2248,6.02
STORE_3,HOUSEHOLD_1_004,2249,6.02
STORE_3,HOUSEHOLD_1_004,2250,6.02
STORE_3,HOUSEHOLD_1_004,2251,6.02
STORE_3,HOUSEHOLD_1_004,2352,6.02
STORE_3,HOUSEHOLD_1_004,2301,6.02
STORE_3,HOUSEHOLD_1_004,2302,6.02
STORE_3,HOUSEHOLD_1_004,2303,7.04
STORE_3,HOUSEHOLD_1_004,2304,6.42
STORE_3,HOUSEHOLD_1_004,2305,6.42
STORE_3,HOUSEHOLD_1_004,2306,6.42
STORE_3,HOUSEHOLD_1_004,2307,6.42
STORE_3,HOUSEHOLD_1_004,2308,6.42
STORE_3,HOUSEHOLD_1_004,2309,6.42
STORE_3,HOUSEHOLD_1_004,2310,6.42
STORE_3,HOUSEHOLD_1_004,2311,7.13
STORE_3,HOUSEHOLD_1_004,2312,7.13
STORE_3,HOUSEHOLD_1_004,2313,7.13
STORE_3,HOUSEHOLD_1_004,2314,7.13
STORE_3,HOUSEHOLD_1_004,2315,7.13
STORE_3,HOUSEHOLD_1_004,2316,7.13
STORE_3,HOUSEHOLD_1_004,2317,7.13
STORE_3,HOUSEHOLD_1_004,2318,7.13
STORE_3,HOUSEHOLD_1_004,2319,7.13
STORE_3,HOUSEHOLD_1_004,2320,7.13
STORE_3,HOUSEHOLD_1_004,2321,6.47
STORE_3,HOUSEHOLD_1_004,2322,6.47
STORE_3,HOUSEHOLD_1_004,2323,7.54
STORE_3,HOUSEHOLD_1_004,2324,7.54
STORE_3,HOUSEHOLD_1_004,2325,7.54
STORE_3,HOUSEHOLD_1_004,2326,7.54
STORE_3,HOUSEHOLD_1_004,2327,7.54
STORE_3,HOUSEHOLD_1_004,2328,7.54
STORE_3,HOUSEHOLD_1_004,2329,7.54
STORE_3,HOUSEHOLD_1_004,2330,7.54
STORE_3,HOUSEHOLD_1_004,2331,7.54
STORE_3,HOUSEHOLD_1_004,2332,7.54
STORE_3,HOUSEHOLD_1_004,2333,7.54
STORE_3,HOUSEHOLD_1_004,2334,7.54
STORE_3,HOUSEHOLD_1_004,2335,7.54
STORE_3,HOUSEHOLD_1_004,2336,7.54
STORE_3,HOUSEHOLD_1_004,2337,7.54
STORE_3,HOUSEHOLD_1_004,2338,7.54
STORE_3,HOUSEHOLD_1_004,2339,7.54
STORE_3,HOUSEHOLD_1_004,2340,7.54
STORE_3,HOUSEHOLD_1_004,2341,7.54
STORE_3,HOUSEHOLD_1_004,2342,7.54
STORE_3,HOUSEHOLD_1_004,2343,7.54
STORE_3,HOUSEHOLD_1_004,2344,7.54
STORE_3,HOUSEHOLD_1_004,2345,7.54
STORE_3,HOUSEHOLD_1_004,2346,7.62
STORE_3,HOUSEHOLD_1_004,2347,7.62
STORE_3,HOUSEHOLD_1_004,2348,7.62
STORE_3,HOUSEHOLD_1_004,2349,7.62
STORE_3,HOUSEHOLD_1_004,2350,7.62
STORE_3,HOUSEHOLD_1_004,2351,7.62
STORE_3,HOUSEHOLD_1_004,2401,7.62
STORE_3,HOUSEHOLD_1_004,2402,6.68
STORE_3,HOUSEHOLD_1_004,2403,6.68
STORE_3,HOUSEHOLD_1_004,2404,6.84
STORE_3,HOUSEHOLD_1_004,2405,6.84
STORE_3,HOUSEHOLD_1_004,2406,6.84
STORE_3,HOUSEHOLD_1_004,2407,6.58
STORE_3,HOUSEHOLD_1_004,2408,6.58
STORE_3,HOUSEHOLD_1_004,2409,6.58
STORE_3,HOUSEHOLD_1_004,2410,6.58
STORE_3,HOUSEHOLD_1_004,2411,6.58
STORE_3,HOUSEHOLD_1_004,2412,6.56
STORE_3,HOUSEHOLD_1_004,2413,6.56
STORE_3,HOUSEHOLD_1_004,2414,6.56
STORE_3,HOUSEHOLD_1_004,2415,6.56
STORE_3,HOUSEHOLD_1_004,2416,6.56
STORE_3,HOUSEHOLD_1_004,2417,6.56
STORE_3,HOUSEHOLD_1_004,2418,6.56
STORE_3,HOUSEHOLD_1_004,2419,6.56
STORE_3,HOUSEHOLD_1_004,2420,6.56
STORE_3,HOUSEHOLD_1_004,2421,6.56
STORE_3,HOUSEHOLD_1_004,2422,6.56
STORE_3,HOUSEHOLD_1_004,2423,6.56
STORE_3,HOUSEHOLD_1_004,2424,6.56
STORE_3,HOUSEHOLD_1_004,2425,6.56
STORE_3,HOUSEHOLD_1_004,2426,6.56
STORE_3,HOUSEHOLD_1_004,2427,6.56
STORE_3,HOUSEHOLD_1_004,2428,6.56
STORE_3,HOUSEHOLD_1_004,2429,6.56
STORE_3,HOUSEHOLD_1_004,2430,6.56
STORE_3,HOUSEHOLD_1_004,2431,6.56
STORE_3,HOUSEHOLD_1_004,2432,6.56
STORE_3,HOUSEHOLD_1_004,2433,6.56
STORE_3,HOUSEHOLD_1_004,2434,6.56
STORE_3,HOUSEHOLD_1_004,2435,6.56
STORE_3,HOUSEHOLD_1_004,2436,6.56
STORE_3,HOUSEHOLD_1_004,2437,6.56
STORE_3,HOUSEHOLD_1_004,2438,6.56
STORE_3,HOUSEHOLD_1_004,2439,6.56
STORE_3,HOUSEHOLD_1_004,2440,6.56
STORE_3,HOUSEHOLD_1_004,2441,6.56
STORE_3,HOUSEHOLD_1_004,2442,6.56
STORE_3,HOUSEHOLD_1_004,2443,6.56
STORE_3,HOUSEHOLD_1_004,2444,6.56
STORE_3,HOUSEHOLD_1_004,2445,6.56
STORE_3,HOUSEHOLD_1_004,2446,6.56
STORE_3,HOUSEHOLD_1_004,2447,6.56
STORE_3,HOUSEHOLD_1_004,2448,6.56
STORE_3,HOUSEHOLD_1_004,2449,6.56
STORE_3,HOUSEHOLD_1_004,2450,6.56
STORE_3,HOUSEHOLD_1_004,2451,6.56
STORE_3,HOUSEHOLD_1_004,2452,6.56
STORE_3,HOUSEHOLD_1_004,2501,6.56
STORE_3,HOUSEHOLD_1_004,2502,6.56
STORE_3,HOUSEHOLD_1_004,2503,6.56
STORE_3,HOUSEHOLD_1_004,2504,6.56
STORE_3,HOUSEHOLD_1_004,2505,6.56
STORE_3,HOUSEHOLD_1_005,2252,6.14
STORE_3,HOUSEHOLD_1_005,2201,6.14
STORE_3,HOUSEHOLD_1_005,2202,6.14
STORE_3,HOUSEHOLD_1_005,2203,6.14
STORE_3,HOUSEHOLD_1_005,2204,6.14
STORE_3,HOUSEHOLD_1_005,2205,6.14
STORE_3,HOUSEHOLD_1_005,2206,6.14
STORE_3,HOUSEHOLD_1_005,2207,6.14
STORE_3,HOUSEHOLD_1_005,2208,6.14
STORE_3,HOUSEHOLD_1_005,2209,6.14
STORE_3,HOUSEHOLD_1_005,2210,6.14
STORE_3,HOUSEHOLD_1_005,2211,6.14
STORE_3,HOUSEHOLD_1_005,2212,6.14
STORE_3,HOUSEHOLD_1_005,2213,6.14
STORE_3,HOUSEHOLD_1_005,2214,6.14
STORE_3,HOUSEHOLD_1_005,2215,6.14
STORE_3,HOUSEHOLD_1_005,2216,6.14
STORE_3,HOUSEHOLD_1_005,2217,6.14
STORE_3,HOUSEHOLD_1_005,2218,6.14
STORE_3,HOUSEHOLD_1_005,2219,6.14
STORE_3,HOUSEHOLD_1_005,2220,6.14
STORE_3,HOUSEHOLD_1_005,2221,6.14
STORE_3,HOUSEHOLD_1_005,2222,6.14
STORE_3,HOUSEHOLD_1_005,2223,6.14
STORE_3,HOUSEHOLD_1_005,2224,6.14
STORE_3,HOUSEHOLD_1_005,2225,6.14
STORE_3,HOUSEHOLD_1_005,2226,6.14
STORE_3,HOUSEHOLD_1_005,2227,6.14
STORE_3,HOUSEHOLD_1_005,2228,6.14
STORE_3,HOUSEHOLD_1_005,2229,6.14
STORE_3,HOUSEHOLD_1_005,2230,6.14
STORE_3,HOUSEHOLD_1_005,2231,6.14
STORE_3,HOUSEHOLD_1_005,2232,6.14
STORE_3,HOUSEHOLD_1_005,2233,6.14
STORE_3,HOUSEHOLD_1_005,2234,6.14
STORE_3,HOUSEHOLD_1_005,2235,5.2
STORE_3,HOUSEHOLD_1_005,2236,5.2
STORE_3,HOUSEHOLD_1_005,2237,5.2
STORE_3,HOUSEHOLD_1_005,2238,5.2
STORE_3,HOUSEHOLD_1_005,2239,5.2
STORE_3,HOUSEHOLD_1_005,2240,6.1
STORE_3,HOUSEHOLD_1_005,2241,4.89
STORE_3,HOUSEHOLD_1_005,2242,4.89
STORE_3,HOUSEHOLD_1_005,2243,4.89
STORE_3,HOUSEHOLD_1_005,2244,4.89
STORE_3,HOUSEHOLD_1_005,2245,4.89
STORE_3,HOUSEHOLD_1_005,2246,4.89
STORE_3,HOUSEHOLD_1_005,2247,4.89
STORE_3,HOUSEHOLD_1_005,2248,4.89
STORE_3,HOUSEHOLD_1_005,2249,4.89
STORE_3,HOUSEHOLD_1_005,2250,4.89
STORE_3,HOUSEHOLD_1_005,2251,4.89
STORE_3,HOUSEHOLD_1_005,2352,4.89
STORE_3,HOUSEHOLD_1_005,2301,4.89
STORE_3,HOUSEHOLD_1_005,2302,4.89
STORE_3,HOUSEHOLD_1_005,2303,4.89
STORE_3,HOUSEHOLD_1_005,2304,4.89
STORE_3,HOUSEHOLD_1_005,2305,4.89
STORE_3,HOUSEHOLD_1_005,2306,4.89
STORE_3,HOUSEHOLD_1_005,2307,4.89
STORE_3,HOUSEHOLD_1_005,2308,4.89
STORE_3,HOUSEHOLD_1_005,2309,4.89
STORE_3,HOUSEHOLD_1_005,2310,4.89
STORE_3,HOUSEHOLD_1_005,2311,4.89
STORE_3,HOUSEHOLD_1_005,2312,4.89
STORE_3,HOUSEHOLD_1_005,2313,4.89
STORE_3,HOUSEHOLD_1_005,2314,4.89
STORE_3,HOUSEHOLD_1_005,2315,4.89
STORE_3,HOUSEHOLD_1_005,2316,4.89
STORE_3,HOUSEHOLD_1_005,2317,4.89
STORE_3,HOUSEHOLD_1_005,2318,4.89
STORE_3,HOUSEHOLD_1_005,2319,4.89
STORE_3,HOUSEHOLD_1_005,2320,4.89
STORE_3,HOUSEHOLD_1_005,2321,4.89
STORE_3,HOUSEHOLD_1_005,2322,4.89
STORE_3,HOUSEHOLD_1_005,2323,4.89
STORE_3,HOUSEHOLD_1_005,2324,4.89
STORE_3,HOUSEHOLD_1_005,2325,4.89
STORE_3,HOUSEHOLD_1_005,2326,4.89
STORE_3,HOUSEHOLD_1_005,2327,4.89
STORE_3,HOUSEHOLD_1_005,2328,4.89
STORE_3,HOUSEHOLD_1_005,2329,4.89
STORE_3,HOUSEHOLD_1_005,2330,4.89
STORE_3,HOUSEHOLD_1_005,2331,4.89
STORE_3,HOUSEHOLD_1_005,2332,4.89
STORE_3,HOUSEHOLD_1_005,2333,4.89
STORE_3,HOUSEHOLD_1_005,2334,4.89
STORE_3,HOUSEHOLD_1_005,2335,4.89
STORE_3,HOUSEHOLD_1_005,2336,4.89
STORE_3,HOUSEHOLD_1_005,2337,4.89
STORE_3,HOUSEHOLD_1_005,2338,4.89
STORE_3,HOUSEHOLD_1_005,2339,4.89
STORE_3,HOUSEHOLD_1_005,2340,4.89
STORE_3,HOUSEHOLD_1_005,2341,4.89
STORE_3,HOUSEHOLD_1_005,2342,4.89
STORE_3,HOUSEHOLD_1_005,2343,4.89
STORE_3,HOUSEHOLD_1_005,2344,4.89
STORE_3,HOUSEHOLD_1_005,2345,4.89
STORE_3,HOUSEHOLD_1_005,2346,4.89
STORE_3,HOUSEHOLD_1_005,2347,4.89
STORE_3,HOUSEHOLD_1_005,2348,4.89
STORE_3,HOUSEHOLD_1_005,2349,4.89
STORE_3,HOUSEHOLD_1_005,2350,4.89
STORE_3,HOUSEHOLD_1_005,2351,4.89
STORE_3,HOUSEHOLD_1_005,2401,4.89
STORE_3,HOUSEHOLD_1_005,2402,4.89
STORE_3,HOUSEHOLD_1_005,2403,4.89
STORE_3,HOUSEHOLD_1_005,2404,4.89
STORE_3,HOUSEHOLD_1_005,2405,4.89
STORE_3,HOUSEHOLD_1_005,2406,4.89
STORE_3,HOUSEHOLD_1_005,2407,4.89
STORE_3,HOUSEHOLD_1_005,2408,4.89
STORE_3,HOUSEHOLD_1_005,2409,4.89
STORE_3,HOUSEHOLD_1_005,2410,4.89
STORE_3,HOUSEHOLD_1_005,2411,4.89
STORE_3,HOUSEHOLD_1_005,2412,4.89
STORE_3,HOUSEHOLD_1_005,2413,4.89
STORE_3,HOUSEHOLD_1_005,2414,4.89
STORE_3,HOUSEHOLD_1_005,2415,4.89
STORE_3,HOUSEHOLD_1_005,2416,4.89
STORE_3,HOUSEHOLD_1_005,2417,4.89
STORE_3,HOUSEHOLD_1_005,2418,4.89
STORE_3,HOUSEHOLD_1_005,2419,4.89
STORE_3,HOUSEHOLD_1_005,2420,4.89
STORE_3,HOUSEHOLD_1_005,2421,4.89
STORE_3,HOUSEHOLD_1_005,2422,4.89
STORE_3,HOUSEHOLD_1_005,2423,6.59
STORE_3,HOUSEHOLD_1_005,2424,6.59
STORE_3,HOUSEHOLD_1_005,2425,6.59
STORE_3,HOUSEHOLD_1_005,2426,6.59
STORE_3,HOUSEHOLD_1_005,2427,6.59
STORE_3,HOUSEHOLD_1_005,2428,6.59
STORE_3,HOUSEHOLD_1_005,2429,6.59
STORE_3,HOUSEHOLD_1_005,2430,6.59
STORE_3,HOUSEHOLD_1_005,2431,6.59
STORE_3,HOUSEHOLD_1_005,2432,6.59
STORE_3,HOUSEHOLD_1_005,2433,6.59
STORE_3,HOUSEHOLD_1_005,2434,6.59
STORE_3,HOUSEHOLD_1_005,2435,6.59
STORE_3,HOUSEHOLD_1_005,2436,6.59
STORE_3,HOUSEHOLD_1_005,2437,6.59
STORE_3,HOUSEHOLD_1_005,2438,6.59
STORE_3,HOUSEHOLD_1_005,2439,6.59
STORE_3,HOUSEHOLD_1_005,2440,6.59
STORE_3,HOUSEHOLD_1_005,2441,6.59
STORE_3,HOUSEHOLD_1_005,2442,6.59
STORE_3,HOUSEHOLD_1_005,2443,5.74
STORE_3,HOUSEHOLD_1_005,2444,5.74
STORE_3,HOUSEHOLD_1_005,2445,6.39
STORE_3,HOUSEHOLD_1_005,2446,6.39
STORE_3,HOUSEHOLD_1_005,2447,6.39
STORE_3,HOUSEHOLD_1_005,2448,6.39
STORE_3,HOUSEHOLD_1_005,2449,6.39
STORE_3,HOUSEHOLD_1_005,2450,6.39
STORE_3,HOUSEHOLD_1_005,2451,6.39
STORE_3,HOUSEHOLD_1_005,2452,6.42
STORE_3,HOUSEHOLD_1_005,2501,6.42
STORE_3,HOUSEHOLD_1_005,2502,6.42
STORE_3,HOUSEHOLD_1_005,2503,6.42
STORE_3,HOUSEHOLD_1_005,2504,6.42
STORE_3,HOUSEHOLD_1_005,2505,6.42
STORE_3,HOUSEHOLD_1_006,2252,6.3
STORE_3,HOUSEHOLD_1_006,2201,6.3
STORE_3,HOUSEHOLD_1_006,2202,6.3
STORE_3,HOUSEHOLD_1_006,2203,6.3
STORE_3,HOUSEHOLD_1_006,2204,6.3
STORE_3,HOUSEHOLD_1_006,2205,6.3
STORE_3,HOUSEHOLD_1_006,2206,6.3
STORE_3,HOUSEHOLD_1_006,2207,6.3
STORE_3,HOUSEHOLD_1_006,2208,6.3
STORE_3,HOUSEHOLD_1_006,2209,6.3
STORE_3,HOUSEHOLD_1_006,2210,6.3
STORE_3,HOUSEHOLD_1_006,2211,6.3
STORE_3,HOUSEHOLD_1_006,2212,6.3
STORE_3,HOUSEHOLD_1_006,2213,6.3
STORE_3,HOUSEHOLD_1_006,2214,6.3
STORE_3,HOUSEHOLD_1_006,2215,6.3
STORE_3,HOUSEHOLD_1_006,2216,6.3
STORE_3,HOUSEHOLD_1_006,2217,6.3
STORE_3,HOUSEHOLD_1_006,2218,6.3
STORE_3,HOUSEHOLD_1_006,2219,6.3
STORE_3,HOUSEHOLD_1_006,2220,6.3
STORE_3,HOUSEHOLD_1_006,2221,6.3
STORE_3,HOUSEHOLD_1_006,2222,6.3
STORE_3,HOUSEHOLD_1_006,2223,6.3
STORE_3,HOUSEHOLD_1_006,2224,6.3
STORE_3,HOUSEHOLD_1_006,2225,6.3
STORE_3,HOUSEHOLD_1_006,2226,6.3
STORE_3,HOUSEHOLD_1_006,2227,6.3
STORE_3,HOUSEHOLD_1_006,2228,6.3
STORE_3,HOUSEHOLD_1_006,2229,6.3
STORE_3,HOUSEHOLD_1_006,2230,6.3
STORE_3,HOUSEHOLD_1_006,2231,6.3
STORE_3,HOUSEHOLD_1_006,2232,6.3
STORE_3,HOUSEHOLD_1_006,2233,6.3
STORE_3,HOUSEHOLD_1_006,2234,6.3
STORE_3,HOUSEHOLD_1_006,2235,6.3
STORE_3,HOUSEHOLD_1_006,2236,6.79
STORE_3,HOUSEHOLD_1_006,2237,6.79
STORE_3,HOUSEHOLD_1_006,2238,6.79
STORE_3,HOUSEHOLD_1_006,2239,6.79
STORE_3,HOUSEHOLD_1_006,2240,6.79
STORE_3,HOUSEHOLD_1_006,2241,6.79
STORE_3,HOUSEHOLD_1_006,2242,6.79
STORE_3,HOUSEHOLD_1_006,2243,6.79
STORE_3,HOUSEHOLD_1_006,2244,6.79
STORE_3,HOUSEHOLD_1_006,2245,6.79
STORE_3,HOUSEHOLD_1_006,2246,6.79
STORE_3,HOUSEHOLD_1_006,2247,6.79
STORE_3,HOUSEHOLD_1_006,2248,6.79
STORE_3,HOUSEHOLD_1_006,2249,6.79
STORE_3,HOUSEHOLD_1_006,2250,6.79
STORE_3,HOUSEHOLD_1_006,2251,6.79
STORE_3,HOUSEHOLD_1_006,2352,6.79
STORE_3,HOUSEHOLD_1_006,2301,6.79
STORE_3,HOUSEHOLD_1_006,2302,6.79
STORE_3,HOUSEHOLD_1_006,2303,6.94
STORE_3,HOUSEHOLD_1_006,2304,6.94
STORE_3,HOUSEHOLD_1_006,2305,6.94
STORE_3,HOUSEHOLD_1_006,2306,6.94
STORE_3,HOUSEHOLD_1_006,2307,6.94
STORE_3,HOUSEHOLD_1_006,2308,6.94
STORE_3,HOUSEHOLD_1_006,2309,6.94
STORE_3,HOUSEHOLD_1_006,2310,6.94
STORE_3,HOUSEHOLD_1_006,2311,6.94
STORE_3,HOUSEHOLD_1_006,2312,6.94
STORE_3,HOUSEHOLD_1_006,2313,6.94
STORE_3,HOUSEHOLD_1_006,2314,6.94
STORE_3,HOUSEHOLD_1_006,2315,6.94
STORE_3,HOUSEHOLD_1_006,2316,6.94
STORE_3,HOUSEHOLD_1_006,2317,6.94
STORE_3,HOUSEHOLD_1_006,2318,6.94
STORE_3,HOUSEHOLD_1_006,2319,6.94
STORE_3,HOUSEHOLD_1_006,2320,6.94
STORE_3,HOUSEHOLD_1_006,2321,6.94
STORE_3,HOUSEHOLD_1_006,2322,6.94
STORE_3,HOUSEHOLD_1_006,2323,6.94
STORE_3,HOUSEHOLD_1_006,2324,6.94
STORE_3,HOUSEHOLD_1_006,2325,6.94
STORE_3,HOUSEHOLD_1_006,2326,6.94
STORE_3,HOUSEHOLD_1_006,2327,6.94
STORE_3,HOUSEHOLD_1_006,2328,6.94
STORE_3,HOUSEHOLD_1_006,2329,6.94
STORE_3,HOUSEHOLD_1_006,2330,6.94
STORE_3,HOUSEHOLD_1_006,2331,6.94
STORE_3,HOUSEHOLD_1_006,2332,6.94
STORE_3,HOUSEHOLD_1_006,2333,6.94
STORE_3,HOUSEHOLD_1_006,2334,6.94
STORE_3,HOUSEHOLD_1_006,2335,6.94
STORE_3,HOUSEHOLD_1_006,2336,6.94
STORE_3,HOUSEHOLD_1_006,2337,6.94
STORE_3,HOUSEHOLD_1_006,2338,6.94
STORE_3,HOUSEHOLD_1_006,2339,6.94
STORE_3,HOUSEHOLD_1_006,2340,6.94
STORE_3,HOUSEHOLD_1_006,2341,6.94
STORE_3,HOUSEHOLD_1_006,2342,6.94
STORE_3,HOUSEHOLD_1_006,2343,6.94
STORE_3,HOUSEHOLD_1_006,2344,6.94
STORE_3,HOUSEHOLD_1_006,2345,6.94
STORE_3,HOUSEHOLD_1_006,2346,6.94
STORE_3,HOUSEHOLD_1_006,2347,6.94
STORE_3,HOUSEHOLD_1_006,2348,6.94
STORE_3,HOUSEHOLD_1_006,2349,6.94
STORE_3,HOUSEHOLD_1_006,2350,6.94
STORE_3,HOUSEHOLD_1_006,2351,6.94
STORE_3,HOUSEHOLD_1_006,2401,6.94
STORE_3,HOUSEHOLD_1_006,2402,6.94
STORE_3,HOUSEHOLD_1_006,2403,6.94
STORE_3,HOUSEHOLD_1_006,2404,6.94
STORE_3,HOUSEHOLD_1_006,2405,6.94
STORE_3,HOUSEHOLD_1_006,2406,6.94
STORE_3,HOUSEHOLD_1_006,2407,6.94
STORE_3,HOUSEHOLD_1_006,2408,6.94
STORE_3,HOUSEHOLD_1_006,2409,6.94
STORE_3,HOUSEHOLD_1_006,2410,6.94
STORE_3,HOUSEHOLD_1_006,2411,6.94
STORE_3,HOUSEHOLD_1_006,2412,6.94
STORE_3,HOUSEHOLD_1_006,2413,6.94
STORE_3,HOUSEHOLD_1_006,2414,6.94
STORE_3,HOUSEHOLD_1_006,2415,6.94
STORE_3,HOUSEHOLD_1_006,2416,6.94
STORE_3,HOUSEHOLD_1_006,2417,6.94
STORE_3,HOUSEHOLD_1_006,2418,5.12
STORE_3,HOUSEHOLD_1_006,2419,5.12
STORE_3,HOUSEHOLD_1_006,2420,5.12
STORE_3,HOUSEHOLD_1_006,2421,5.12
STORE_3,HOUSEHOLD_1_006,2422,5.12
STORE_3,HOUSEHOLD_1_006,2423,7.13
STORE_3,HOUSEHOLD_1_006,2424,7.13
STORE_3,HOUSEHOLD_1_006,2425,7.13
STORE_3,HOUSEHOLD_1_006,2426,7.13
STORE_3,HOUSEHOLD_1_006,2427,7.13
STORE_3,HOUSEHOLD_1_006,2428,7.13
STORE_3,HOUSEHOLD_1_006,2429,7.13
STORE_3,HOUSEHOLD_1_006,2430,7.13
STORE_3,HOUSEHOLD_1_006,2431,7.13
STORE_3,HOUSEHOLD_1_006,2432,7.13
STORE_3,HOUSEHOLD_1_006,2433,7.13
STORE_3,HOUSEHOLD_1_006,2434,7.13
STORE_3,HOUSEHOLD_1_006,2435,7.13
STORE_3,HOUSEHOLD_1_006,2436,6.33
STORE_3,HOUSEHOLD_1_006,2437,6.33
STORE_3,HOUSEHOLD_1_006,2438,6.33
STORE_3,HOUSEHOLD_1_006,2439,6.33
STORE_3,HOUSEHOLD_1_006,2440,6.33
STORE_3,HOUSEHOLD_1_006,2441,6.33
STORE_3,HOUSEHOLD_1_006,2442,6.33
STORE_3,HOUSEHOLD_1_006,2443,6.33
STORE_3,HOUSEHOLD_1_006,2444,6.33
STORE_3,HOUSEHOLD_1_006,2445,6.33
STORE_3,HOUSEHOLD_1_006,2446,6.33
STORE_3,HOUSEHOLD_1_006,2447,5.77
STORE_3,HOUSEHOLD_1_006,2448,5.77
STORE_3,HOUSEHOLD_1_006,2449,5.77
STORE_3,HOUSEHOLD_1_006,2450,5.77
STORE_3,HOUSEHOLD_1_006,2451,5.77
STORE_3,HOUSEHOLD_1_006,2452,5.77
STORE_3,HOUSEHOLD_1_006,2501,5.77
STORE_3,HOUSEHOLD_1_006,2502,5.77
STORE_3,HOUSEHOLD_1_006,2503,5.77
STORE_3,HOUSEHOLD_1_006,2504,5.77
STORE_3,HOUSEHOLD_1_006,2505,5.77
STORE_3,HOUSEHOLD_1_007,2252,49.98
STORE_3,HOUSEHOLD_1_007,2201,49.98
STORE_3,HOUSEHOLD_1_007,2202,49.98
STORE_3,HOUSEHOLD_1_007,2203,49.98
STORE_3,HOUSEHOLD_1_007,2204,49.98
STORE_3,HOUSEHOLD_1_007,2205,49.98
STORE_3,HOUSEHOLD_1_007,2206,49.98
STORE_3,HOUSEHOLD_1_007,2207,49.98
STORE_3,HOUSEHOLD_1_007,2208,49.98
STORE_3,HOUSEHOLD_1_007,2209,49.98
STORE_3,HOUSEHOLD_1_007,2210,49.98
STORE_3,HOUSEHOLD_1_007,2211,49.98
STORE_3,HOUSEHOLD_1_007,2212,49.98
STORE_3,HOUSEHOLD_1_007,2213,49.98
STORE_3,HOUSEHOLD_1_007,2214,49.98
STORE_3,HOUSEHOLD_1_007,2215,49.98
STORE_3,HOUSEHOLD_1_007,2216,49.98
STORE_3,HOUSEHOLD_1_007,2217,52.31
STORE_3,HOUSEHOLD_1_007,2218,52.31
STORE_3,HOUSEHOLD_1_007,2219,52.31
STORE_3,HOUSEHOLD_1_007,2220,52.31
STORE_3,HOUSEHOLD_1_007,2221,52.31
STORE_3,HOUSEHOLD_1_007,2222,52.31
STORE_3,HOUSEHOLD_1_007,2223,52.31
STORE_3,HOUSEHOLD_1_007,2224,52.31
STORE_3,HOUSEHOLD_1_007,2225,52.31
STORE_3,HOUSEHOLD_1_007,2226,52.31
STORE_3,HOUSEHOLD_1_007,2227,52.31
STORE_3,HOUSEHOLD_1_007,2228,52.31
STORE_3,HOUSEHOLD_1_007,2229,52.31
STORE_3,HOUSEHOLD_1_007,2230,52.31
STORE_3,HOUSEHOLD_1_007,2231,52.31
STORE_3,HOUSEHOLD_1_007,2232,52.31
STORE_3,HOUSEHOLD_1_007,2233,52.31
STORE_3,HOUSEHOLD_1_007,2234,52.31
STORE_3,HOUSEHOLD_1_007,2235,52.31
STORE_3,HOUSEHOLD_1_007,2236,52.31
STORE_3,HOUSEHOLD_1_007,2237,52.31
STORE_3,HOUSEHOLD_1_007,2238,52.31
STORE_3,HOUSEHOLD_1_007,2239,52.31
STORE_3,HOUSEHOLD_1_007,2240,52.31
STORE_3,HOUSEHOLD_1_007,2241,52.31
STORE_3,HOUSEHOLD_1_007,2242,52.31
STORE_3,HOUSEHOLD_1_007,2243,52.31
STORE_3,HOUSEHOLD_1_007,2244,52.31
STORE_3,HOUSEHOLD_1_007,2245,52.31
STORE_3,HOUSEHOLD_1_007,2246,52.31
STORE_3,HOUSEHOLD_1_007,2247,52.31
STORE_3,HOUSEHOLD_1_007,2248,52.31
STORE_3,HOUSEHOLD_1_007,2249,52.31
STORE_3,HOUSEHOLD_1_007,2250,52.31
STORE_3,HOUSEHOLD_1_007,2251,52.31
STORE_3,HOUSEHOLD_1_007,2352,52.31
STORE_3,HOUSEHOLD_1_007,2301,52.31
STORE_3,HOUSEHOLD_1_007,2302,52.31
STORE_3,HOUSEHOLD_1_007,2303,52.31
STORE_3,HOUSEHOLD_1_007,2304,52.31
STORE_3,HOUSEHOLD_1_007,2305,52.31
STORE_3,HOUSEHOLD_1_007,2306,52.31
STORE_3,HOUSEHOLD_1_007,2307,52.31
STORE_3,HOUSEHOLD_1_007,2308,39.29
STORE_3,HOUSEHOLD_1_007,2309,39.29
STORE_3,HOUSEHOLD_1_007,2310,39.29
STORE_3,HOUSEHOLD_1_007,2311,39.29
STORE_3,HOUSEHOLD_1_007,2312,39.29
STORE_3,HOUSEHOLD_1_007,2313,39.29
STORE_3,HOUSEHOLD_1_007,2314,39.29
STORE_3,HOUSEHOLD_1_007,2315,39.29
STORE_3,HOUSEHOLD_1_007,2316,39.29
STORE_3,HOUSEHOLD_1_007,2317,39.29
STORE_3,HOUSEHOLD_1_007,2318,39.29
STORE_3,HOUSEHOLD_1_007,2319,39.29
STORE_3,HOUSEHOLD_1_007,2320,39.29
STORE_3,HOUSEHOLD_1_007,2321,39.29
STORE_3,HOUSEHOLD_1_007,2322,39.29
STORE_3,HOUSEHOLD_1_007,2323,39.29
STORE_3,HOUSEHOLD_1_007,2324,39.29
STORE_3,HOUSEHOLD_1_007,2325,39.29
STORE_3,HOUSEHOLD_1_007,2326,39.29
STORE_3,HOUSEHOLD_1_007,2327,39.29
STORE_3,HOUSEHOLD_1_007,2328,39.29
STORE_3,HOUSEHOLD_1_007,2329,39.29
STORE_3,HOUSEHOLD_1_007,2330,39.29
STORE_3,HOUSEHOLD_1_007,2331,39.29
STORE_3,HOUSEHOLD_1_007,2332,39.29
STORE_3,HOUSEHOLD_1_007,2333,39.29
STORE_3,HOUSEHOLD_1_007,2334,39.29
STORE_3,HOUSEHOLD_1_007,2335,39.29
STORE_3,HOUSEHOLD_1_007,2336,39.29
STORE_3,HOUSEHOLD_1_007,2337,39.29
STORE_3,HOUSEHOLD_1_007,2338,39.29
STORE_3,HOUSEHOLD_1_007,2339,39.29
STORE_3,HOUSEHOLD_1_007,2340,39.29
STORE_3,HOUSEHOLD_1_007,2341,39.29
STORE_3,HOUSEHOLD_1_007,2342,39.29
STORE_3,HOUSEHOLD_1_007,2343,39.29
STORE_3,HOUSEHOLD_1_007,2344,39.29
STORE_3,HOUSEHOLD_1_007,2345,39.29
STORE_3,HOUSEHOLD_1_007,2346,39.29
STORE_3,HOUSEHOLD_1_007,2347,39.29
STORE_3,HOUSEHOLD_1_007,2348,39.29
STORE_3,HOUSEHOLD_1_007,2349,39.29
STORE_3,HOUSEHOLD_1_007,2350,39.29
STORE_3,HOUSEHOLD_1_007,2351,39.29
STORE_3,HOUSEHOLD_1_007,2401,39.29
STORE_3,HOUSEHOLD_1_007,2402,39.29
STORE_3,HOUSEHOLD_1_007,2403,39.29
STORE_3,HOUSEHOLD_1_007,2404,39.29
STORE_3,HOUSEHOLD_1_007,2405,39.29
STORE_3,HOUSEHOLD_1_007,2406,39.29
STORE_3,HOUSEHOLD_1_007,2407,39.29
STORE_3,HOUSEHOLD_1_007,2408,39.29
STORE_3,HOUSEHOLD_1_007,2409,39.29
STORE_3,HOUSEHOLD_1_007,2410,39.29
STORE_3,HOUSEHOLD_1_007,2411,39.29
STORE_3,HOUSEHOLD_1_007,2412,39.29
STORE_3,HOUSEHOLD_1_007,2413,39.29
STORE_3,HOUSEHOLD_1_007,2414,39.29
STORE_3,HOUSEHOLD_1_007,2415,39.29
STORE_3,HOUSEHOLD_1_007,2416,46.53
STORE_3,HOUSEHOLD_1_007,2417,46.53
STORE_3,HOUSEHOLD_1_007,2418,46.53
STORE_3,HOUSEHOLD_1_007,2419,46.53
STORE_3,HOUSEHOLD_1_007,2420,46.53
STORE_3,HOUSEHOLD_1_007,2421,46.53
STORE_3,HOUSEHOLD_1_007,2422,46.53
STORE_3,HOUSEHOLD_1_007,2423,46.53
STORE_3,HOUSEHOLD_1_007,2424,46.53
STORE_3,HOUSEHOLD_1_007,2425,46.53
STORE_3,HOUSEHOLD_1_007,2426,46.53
STORE_3,HOUSEHOLD_1_007,2427,46.53
STORE_3,HOUSEHOLD_1_007,2428,46.53
STORE_3,HOUSEHOLD_1_007,2429,46.53
STORE_3,HOUSEHOLD_1_007,2430,46.53
STORE_3,HOUSEHOLD_1_007,2431,46.53
STORE_3,HOUSEHOLD_1_007,2432,46.53
STORE_3,HOUSEHOLD_1_007,2433,46.53
STORE_3,HOUSEHOLD_1_007,2434,46.53
STORE_3,HOUSEHOLD_1_007,2435,46.53
STORE_3,HOUSEHOLD_1_007,2436,46.53
STORE_3,HOUSEHOLD_1_007,2437,46.53
STORE_3,HOUSEHOLD_1_007,2438,46.53
STORE_3,HOUSEHOLD_1_007,2439,46.53
STORE_3,HOUSEHOLD_1_007,2440,39.8
STORE_3,HOUSEHOLD_1_007,2441,39.8
STORE_3,HOUSEHOLD_1_007,2442,39.8
STORE_3,HOUSEHOLD_1_007,2443,57.22
STORE_3,HOUSEHOLD_1_007,2444,57.22
STORE_3,HOUSEHOLD_1_007,2445,57.22
STORE_3,HOUSEHOLD_1_007,2446,57.22
STORE_3,HOUSEHOLD_1_007,2447,52.49
STORE_3,HOUSEHOLD_1_007,2448,52.49
STORE_3,HOUSEHOLD_1_007,2449,52.49
STORE_3,HOUSEHOLD_1_007,2450,40.22
STORE_3,HOUSEHOLD_1_007,2451,40.22
STORE_3,HOUSEHOLD_1_007,2452,40.22
STORE_3,HOUSEHOLD_1_007,2501,40.22
STORE_3,HOUSEHOLD_1_007,2502,40.22
STORE_3,HOUSEHOLD_1_007,2503,40.22
STORE_3,HOUSEHOLD_1_007,2504,40.22
STORE_3,HOUSEHOLD_1_007,2505,40.22
STORE_3,HOUSEHOLD_1_008,2252,46.92
STORE_3,HOUSEHOLD_1_008,2201,46.92
STORE_3,HOUSEHOLD_1_008,2202,46.92
STORE_3,HOUSEHOLD_1_008,2203,46.92
STORE_3,HOUSEHOLD_1_008,2204,46.92
STORE_3,HOUSEHOLD_1_008,2205,46.92
STORE_3,HOUSEHOLD_1_008,2206,46.92
STORE_3,HOUSEHOLD_1_008,2207,46.92
STORE_3,HOUSEHOLD_1_008,2208,46.92
STORE_3,HOUSEHOLD_1_008,2209,46.92
STORE_3,HOUSEHOLD_1_008,2210,46.92
STORE_3,HOUSEHOLD_1_008,2211,46.92
STORE_3,HOUSEHOLD_1_008,2212,46.92
STORE_3,HOUSEHOLD_1_008,2213,46.92
STORE_3,HOUSEHOLD_1_008,2214,46.92
STORE_3,HOUSEHOLD_1_008,2215,46.92
STORE_3,HOUSEHOLD_1_008,2216,46.92
STORE_3,HOUSEHOLD_1_008,2217,46.92
STORE_3,HOUSEHOLD_1_008,2218,46.92
STORE_3,HOUSEHOLD_1_008,2219,46.92
STORE_3,HOUSEHOLD_1_008,2220,46.92
STORE_3,HOUSEHOLD_1_008,2221,46.92
STORE_3,HOUSEHOLD_1_008,2222,46.92
STORE_3,HOUSEHOLD_1_008,2223,46.92
STORE_3,HOUSEHOLD_1_008,2224,46.92
STORE_3,HOUSEHOLD_1_008,2225,46.92
STORE_3,HOUSEHOLD_1_008,2226,46.92
STORE_3,HOUSEHOLD_1_008,2227,46.92
STORE_3,HOUSEHOLD_1_008,2228,46.92
STORE_3,HOUSEHOLD_1_008,2229,46.92
STORE_3,HOUSEHOLD_1_008,2230,46.92
STORE_3,HOUSEHOLD_1_008,2231,46.92
STORE_3,HOUSEHOLD_1_008,2232,46.92
STORE_3,HOUSEHOLD_1_008,2233,46.92
STORE_3,HOUSEHOLD_1_008,2234,46.92
STORE_3,HOUSEHOLD_1_008,2235,46.92
STORE_3,HOUSEHOLD_1_008,2236,46.92
STORE_3,HOUSEHOLD_1_008,2237,46.92
STORE_3,HOUSEHOLD_1_008,2238,46.92
STORE_3,HOUSEHOLD_1_008,2239,46.92
STORE_3,HOUSEHOLD_1_008,2240,46.92
STORE_3,HOUSEHOLD_1_008,2241,46.92
STORE_3,HOUSEHOLD_1_008,2242,46.92
STORE_3,HOUSEHOLD_1_008,2243,46.92
STORE_3,HOUSEHOLD_1_008,2244,46.92
STORE_3,HOUSEHOLD_1_008,2245,46.92
STORE_3,HOUSEHOLD_1_008,2246,46.92
STORE_3,HOUSEHOLD_1_008,2247,46.92
STORE_3,HOUSEHOLD_1_008,2248,46.92
STORE_3,HOUSEHOLD_1_008,2249,46.92
STORE_3,HOUSEHOLD_1_008,2250,46.92
STORE_3,HOUSEHOLD_1_008,2251,46.92
STORE_3,HOUSEHOLD_1_008,2352,46.92
STORE_3,HOUSEHOLD_1_008,2301,36.92
STORE_3,HOUSEHOLD_1_008,2302,36.92
STORE_3,HOUSEHOLD_1_008,2303,36.92
STORE_3,HOUSEHOLD_1_008,2304,36.92
STORE_3,HOUSEHOLD_1_008,2305,36.92
STORE_3,HOUSEHOLD_1_008,2306,36.92
STORE_3,HOUSEHOLD_1_008,2307,36.92
STORE_3,HOUSEHOLD_1_008,2308,36.92
STORE_3,HOUSEHOLD_1_008,2309,36.92
STORE_3,HOUSEHOLD_1_008,2310,36.92
STORE_3,HOUSEHOLD_1_008,2311,36.92
STORE_3,HOUSEHOLD_1_008,2312,36.92
STORE_3,HOUSEHOLD_1_008,2313,36.92
STORE_3,HOUSEHOLD_1_008,2314,36.92
STORE_3,HOUSEHOLD_1_008,2315,36.92
STORE_3,HOUSEHOLD_1_008,2316,36.92
STORE_3,HOUSEHOLD_1_008,2317,36.92
STORE_3,HOUSEHOLD_1_008,2318,36.92
STORE_3,HOUSEHOLD_1_008,2319,36.92
STORE_3,HOUSEHOLD_1_008,2320,36.92
STORE_3,HOUSEHOLD_1_008,2321,36.92
STORE_3,HOUSEHOLD_1_008,2322,36.92
STORE_3,HOUSEHOLD_1_008,2323,36.92
STORE_3,HOUSEHOLD_1_008,2324,36.92
STORE_3,HOUSEHOLD_1_008,2325,36.92
STORE_3,HOUSEHOLD_1_008,2326,36.92
STORE_3,HOUSEHOLD_1_008,2327,36.92
STORE_3,HOUSEHOLD_1_008,2328,36.92
STORE_3,HOUSEHOLD_1_008,2329,36.92
STORE_3,HOUSEHOLD_1_008,2330,36.92
STORE_3,HOUSEHOLD_1_008,2331,36.92
STORE_3,HOUSEHOLD_1_008,2332,36.92
STORE_3,HOUSEHOLD_1_008,2333,36.92
STORE_3,HOUSEHOLD_1_008,2334,36.92
STORE_3,HOUSEHOLD_1_008,2335,36.92
STORE_3,HOUSEHOLD_1_008,2336,36.92
STORE_3,HOUSEHOLD_1_008,2337,36.92
STORE_3,HOUSEHOLD_1_008,2338,36.92
STORE_3,HOUSEHOLD_1_008,2339,36.92
STORE_3,HOUSEHOLD_1_008,2340,36.92
STORE_3,HOUSEHOLD_1_008,2341,36.92
STORE_3,HOUSEHOLD_1_008,2342,36.92
STORE_3,HOUSEHOLD_1_008,2343,36.92
STORE_3,HOUSEHOLD_1_008,2344,36.92
STORE_3,HOUSEHOLD_1_008,2345,36.92
STORE_3,HOUSEHOLD_1_008,2346,36.92
STORE_3,HOUSEHOLD_1_008,2347,36.92
STORE_3,HOUSEHOLD_1_008,2348,36.92
STORE_3,HOUSEHOLD_1_008,2349,36.92
STORE_3,HOUSEHOLD_1_008,2350,36.92
STORE_3,HOUSEHOLD_1_008,2351,36.92
STORE_3,HOUSEHOLD_1_008,2401,36.92
STORE_3,HOUSEHOLD_1_008,2402,36.92
STORE_3,HOUSEHOLD_1_008,2403,36.92
STORE_3,HOUSEHOLD_1_008,2404,36.92
STORE_3,HOUSEHOLD_1_008,2405,36.92
STORE_3,HOUSEHOLD_1_008,2406,36.92
STORE_3,HOUSEHOLD_1_008,2407,36.92
STORE_3,HOUSEHOLD_1_008,2408,36.92
STORE_3,HOUSEHOLD_1_008,2409,36.92
STORE_3,HOUSEHOLD_1_008,2410,36.92
STORE_3,HOUSEHOLD_1_008,2411,36.92
STORE_3,HOUSEHOLD_1_008,2412,36.92
STORE_3,HOUSEHOLD_1_008,2413,36.92
STORE_3,HOUSEHOLD_1_008,2414,36.92
STORE_3,HOUSEHOLD_1_008,2415,36.92
STORE_3,HOUSEHOLD_1_008,2416,36.92
STORE_3,HOUSEHOLD_1_008,2417,36.92
STORE_3,HOUSEHOLD_1_008,2418,36.92
STORE_3,HOUSEHOLD_1_008,2419,36.92
STORE_3,HOUSEHOLD_1_008,2420,36.92
STORE_3,HOUSEHOLD_1_008,2421,36.92
STORE_3,HOUSEHOLD_1_008,2422,36.92
STORE_3,HOUSEHOLD_1_008,2423,36.92
STORE_3,HOUSEHOLD_1_008,2424,36.92
STORE_3,HOUSEHOLD_1_008,2425,36.92
STORE_3,HOUSEHOLD_1_008,2426,36.92
STORE_3,HOUSEHOLD_1_008,2427,36.92
STORE_3,HOUSEHOLD_1_008,2428,36.92
STORE_3,HOUSEHOLD_1_008,2429,36.92
STORE_3,HOUSEHOLD_1_008,2430,36.92
STORE_3,HOUSEHOLD_1_008,2431,36.92
STORE_3,HOUSEHOLD_1_008,2432,36.92
STORE_3,HOUSEHOLD_1_008,2433,36.92
STORE_3,HOUSEHOLD_1_008,2434,36.92
STORE_3,HOUSEHOLD_1_008,2435,36.92
STORE_3,HOUSEHOLD_1_008,2436,36.92
STORE_3,HOUSEHOLD_1_008,2437,36.92
STORE_3,HOUSEHOLD_1_008,2438,36.92
STORE_3,HOUSEHOLD_1_008,2439,36.92
STORE_3,HOUSEHOLD_1_008,2440,36.92
STORE_3,HOUSEHOLD_1_008,2441,36.92
STORE_3,HOUSEHOLD_1_008,2442,36.92
STORE_3,HOUSEHOLD_1_008,2443,36.92
STORE_3,HOUSEHOLD_1_008,2444,36.92
STORE_3,HOUSEHOLD_1_008,2445,36.92
STORE_3,HOUSEHOLD_1_008,2446,36.92
STORE_3,HOUSEHOLD_1_008,2447,36.92
STORE_3,HOUSEHOLD_1_008,2448,36.92
STORE_3,HOUSEHOLD_1_008,2449,36.92
STORE_3,HOUSEHOLD_1_008,2450,36.92
STORE_3,HOUSEHOLD_1_008,2451,36.92
STORE_3,HOUSEHOLD_1_008,2452,36.92
STORE_3,HOUSEHOLD_1_008,2501,36.92
STORE_3,HOUSEHOLD_1_008,2502,36.92
STORE_3,HOUSEHOLD_1_008,2503,36.92
STORE_3,HOUSEHOLD_1_008,2504,36.92
STORE_3,HOUSEHOLD_1_008,2505,53.03
STORE_3,HOUSEHOLD_2_001,2252,53.17
STORE_3,HOUSEHOLD_2_001,2201,53.17
STORE_3,HOUSEHOLD_2_001,2202,53.17
STORE_3,HOUSEHOLD_2_001,2203,53.17
STORE_3,HOUSEHOLD_2_001,2204,53.17
STORE_3,HOUSEHOLD_2_001,2205,53.17
STORE_3,HOUSEHOLD_2_001,2206,53.17
STORE_3,HOUSEHOLD_2_001,2207,53.17
STORE_3,HOUSEHOLD_2_001,2208,53.17
STORE_3,HOUSEHOLD_2_001,2209,53.17
STORE_3,HOUSEHOLD_2_001,2210,53.17
STORE_3,HOUSEHOLD_2_001,2211,53.17
STORE_3,HOUSEHOLD_2_001,2212,53.17
STORE_3,HOUSEHOLD_2_001,2213,53.17
STORE_3,HOUSEHOLD_2_001,2214,53.17
STORE_3,HOUSEHOLD_2_001,2215,46.69
STORE_3,HOUSEHOLD_2_001,2216,46.69
STORE_3,HOUSEHOLD_2_001,2217,46.69
STORE_3,HOUSEHOLD_2_001,2218,46.69
STORE_3,HOUSEHOLD_2_001,2219,46.69
STORE_3,HOUSEHOLD_2_001,2220,46.69
STORE_3,HOUSEHOLD_2_001,2221,46.69
STORE_3,HOUSEHOLD_2_001,2222,46.69
STORE_3,HOUSEHOLD_2_001,2223,46.69
STORE_3,HOUSEHOLD_2_001,2224,46.69
STORE_3,HOUSEHOLD_2_001,2225,46.69
STORE_3,HOUSEHOLD_2_001,2226,46.69
STORE_3,HOUSEHOLD_2_001,2227,46.69
STORE_3,HOUSEHOLD_2_001,2228,46.69
STORE_3,HOUSEHOLD_2_001,2229,46.69
STORE_3,HOUSEHOLD_2_001,2230,46.69
STORE_3,HOUSEHOLD_2_001,2231,46.69
STORE_3,HOUSEHOLD_2_001,2232,46.69
STORE_3,HOUSEHOLD_2_001,2233,46.69
STORE_3,HOUSEHOLD_2_001,2234,46.69
STORE_3,HOUSEHOLD_2_001,2235,46.69
STORE_3,HOUSEHOLD_2_001,2236,46.69
STORE_3,HOUSEHOLD_2_001,2237,46.69
STORE_3,HOUSEHOLD_2_001,2238,46.69
STORE_3,HOUSEHOLD_2_001,2239,46.69
STORE_3,HOUSEHOLD_2_001,2240,46.69
STORE_3,HOUSEHOLD_2_001,2241,46.69
STORE_3,HOUSEHOLD_2_001,2242,46.69
STORE_3,HOUSEHOLD_2_001,2243,46.69
STORE_3,HOUSEHOLD_2_001,2244,46.69
STORE_3,HOUSEHOLD_2_001,2245,46.69
STORE_3,HOUSEHOLD_2_001,2246,46.69
STORE_3,HOUSEHOLD_2_001,2247,46.69
STORE_3,HOUSEHOLD_2_001,2248,46.69
STORE_3,HOUSEHOLD_2_001,2249,46.69
STORE_3,HOUSEHOLD_2_001,2250,46.69
STORE_3,HOUSEHOLD_2_001,2251,46.69
STORE_3,HOUSEHOLD_2_001,2352,46.69
STORE_3,HOUSEHOLD_2_001,2301,46.69
STORE_3,HOUSEHOLD_2_001,2302,46.69
STORE_3,HOUSEHOLD_2_001,2303,54.87
STORE_3,HOUSEHOLD_2_001,2304,54.87
STORE_3,HOUSEHOLD_2_001,2305,54.87
STORE_3,HOUSEHOLD_2_001,2306,54.87
STORE_3,HOUSEHOLD_2_001,2307,54.87
STORE_3,HOUSEHOLD_2_001,2308,54.87
STORE_3,HOUSEHOLD_2_001,2309,54.87
STORE_3,HOUSEHOLD_2_001,2310,54.87
STORE_3,HOUSEHOLD_2_001,2311,54.87
STORE_3,HOUSEHOLD_2_001,2312,54.87
STORE_3,HOUSEHOLD_2_001,2313,54.87
STORE_3,HOUSEHOLD_2_001,2314,54.87
STORE_3,HOUSEHOLD_2_001,2315,54.87
STORE_3,HOUSEHOLD_2_001,2316,54.87
STORE_3,HOUSEHOLD_2_001,2317,54.87
STORE_3,HOUSEHOLD_2_001,2318,54.87
STORE_3,HOUSEHOLD_2_001,2319,54.87
STORE_3,HOUSEHOLD_2_001,2320,54.87
STORE_3,HOUSEHOLD_2_001,2321,54.87
STORE_3,HOUSEHOLD_2_001,2322,54.87
STORE_3,HOUSEHOLD_2_001,2323,54.87
STORE_3,HOUSEHOLD_2_001,2324,54.87
STORE_3,HOUSEHOLD_2_001,2325,54.87
STORE_3,HOUSEHOLD_2_001,2326,54.87
STORE_3,HOUSEHOLD_2_001,2327,54.87
STORE_3,HOUSEHOLD_2_001,2328,54.87
STORE_3,HOUSEHOLD_2_001,2329,54.87
STORE_3,HOUSEHOLD_2_001,2330,54.87
STORE_3,HOUSEHOLD_2_001,2331,54.87
STORE_3,HOUSEHOLD_2_001,2332,54.87
STORE_3,HOUSEHOLD_2_001,2333,54.87
STORE_3,HOUSEHOLD_2_001,2334,54.87
STORE_3,HOUSEHOLD_2_001,2335,54.87
STORE_3,HOUSEHOLD_2_001,2336,54.87
STORE_3,HOUSEHOLD_2_001,2337,54.87
STORE_3,HOUSEHOLD_2_001,2338,54.87
STORE_3,HOUSEHOLD_2_001,2339,54.87
STORE_3,HOUSEHOLD_2_001,2340,54.87
STORE_3,HOUSEHOLD_2_001,2341,54.87
STORE_3,HOUSEHOLD_2_001,2342,54.87
STORE_3,HOUSEHOLD_2_001,2343,54.87
STORE_3,HOUSEHOLD_2_001,2344,54.87
STORE_3,HOUSEHOLD_2_001,2345,54.87
STORE_3,HOUSEHOLD_2_001,2346,54.87
STORE_3,HOUSEHOLD_2_001,2347,54.87
STORE_3,HOUSEHOLD_2_001,2348,54.87
STORE_3,HOUSEHOLD_2_001,2349,54.87
STORE_3,HOUSEHOLD_2_001,2350,54.87
STORE_3,HOUSEHOLD_2_001,2351,54.87
STORE_3,HOUSEHOLD_2_001,2401,54.87
STORE_3,HOUSEHOLD_2_001,2402,54.87
STORE_3,HOUSEHOLD_2_001,2403,54.87
STORE_3,HOUSEHOLD_2_001,2404,54.87
STORE_3,HOUSEHOLD_2_001,2405,54.87
STORE_3,HOUSEHOLD_2_001,2406,54.87
STORE_3,HOUSEHOLD_2_001,2407,54.87
STORE_3,HOUSEHOLD_2_001,2408,54.87
STORE_3,HOUSEHOLD_2_001,2409,54.87
STORE_3,HOUSEHOLD_2_001,2410,54.87
STORE_3,HOUSEHOLD_2_001,2411,54.87
STORE_3,HOUSEHOLD_2_001,2412,54.87
STORE_3,HOUSEHOLD_2_001,2413,54.87
STORE_3,HOUSEHOLD_2_001,2414,54.87
STORE_3,HOUSEHOLD_2_001,2415,54.87
STORE_3,HOUSEHOLD_2_001,2416,54.87
STORE_3,HOUSEHOLD_2_001,2417,54.87
STORE_3,HOUSEHOLD_2_001,2418,54.87
STORE_3,HOUSEHOLD_2_001,2419,54.87
STORE_3,HOUSEHOLD_2_001,2420,55.3
STORE_3,HOUSEHOLD_2_001,2421,55.3
STORE_3,HOUSEHOLD_2_001,2422,55.3
STORE_3,HOUSEHOLD_2_001,2423,55.3
STORE_3,HOUSEHOLD_2_001,2424,55.3
STORE_3,HOUSEHOLD_2_001,2425,55.3
STORE_3,HOUSEHOLD_2_001,2426,55.3
STORE_3,HOUSEHOLD_2_001,2427,55.3
STORE_3,HOUSEHOLD_2_001,2428,55.3
STORE_3,HOUSEHOLD_2_001,2429,55.3
STORE_3,HOUSEHOLD_2_001,2430,55.3
STORE_3,HOUSEHOLD_2_001,2431,55.3
STORE_3,HOUSEHOLD_2_001,2432,55.3
STORE_3,HOUSEHOLD_2_001,2433,55.3
STORE_3,HOUSEHOLD_2_001,2434,55.3
STORE_3,HOUSEHOLD_2_001,2435,55.3
STORE_3,HOUSEHOLD_2_001,2436,55.3
STORE_3,HOUSEHOLD_2_001,2437,55.3
STORE_3,HOUSEHOLD_2_001,2438,55.3
STORE_3,HOUSEHOLD_2_001,2439,55.3
STORE_3,HOUSEHOLD_2_001,2440,55.3
STORE_3,HOUSEHOLD_2_001,2441,55.3
STORE_3,HOUSEHOLD_2_001,2442,55.3
STORE_3,HOUSEHOLD_2_001,2443,55.3
STORE_3,HOUSEHOLD_2_001,2444,55.3
STORE_3,HOUSEHOLD_2_001,2445,55.3
STORE_3,HOUSEHOLD_2_001,2446,55.3
STORE_3,HOUSEHOLD_2_001,2447,55.3
STORE_3,HOUSEHOLD_2_001,2448,55.3
STORE_3,HOUSEHOLD_2_001,2449,55.3
STORE_3,HOUSEHOLD_2_001,2450,55.3
STORE_3,HOUSEHOLD_2_001,2451,55.3
STORE_3,HOUSEHOLD_2_001,2452,55.3
STORE_3,HOUSEHOLD_2_001,2501,55.3
STORE_3,HOUSEHOLD_2_001,2502,55.3
STORE_3,HOUSEHOLD_2_001,2503,55.3
STORE_3,HOUSEHOLD_2_001,2504,55.3
STORE_3,HOUSEHOLD_2_001,2505,55.3
STORE_3,HOUSEHOLD_2_002,2252,30.84
STORE_3,HOUSEHOLD_2_002,2201,30.84
STORE_3,HOUSEHOLD_2_002,2202,30.84
STORE_3,HOUSEHOLD_2_002,2203,30.84
STORE_3,HOUSEHOLD_2_002,2204,30.84
STORE_3,HOUSEHOLD_2_002,2205,30.84
STORE_3,HOUSEHOLD_2_002,2206,30.84
STORE_3,HOUSEHOLD_2_002,2207,30.84
STORE_3,HOUSEHOLD_2_002,2208,31.86
STORE_3,HOUSEHOLD_2_002,2209,31.86
STORE_3,HOUSEHOLD_2_002,2210,27.43
STORE_3,HOUSEHOLD_2_002,2211,27.43
STORE_3,HOUSEHOLD_2_002,2212,27.43
STORE_3,HOUSEHOLD_2_002,2213,27.43
STORE_3,HOUSEHOLD_2_002,2214,27.43
STORE_3,HOUSEHOLD_2_002,2215,27.43
STORE_3,HOUSEHOLD_2_002,2216,27.43
STORE_3,HOUSEHOLD_2_002,2217,27.43
STORE_3,HOUSEHOLD_2_002,2218,27.43
STORE_3,HOUSEHOLD_2_002,2219,27.43
STORE_3,HOUSEHOLD_2_002,2220,27.43
STORE_3,HOUSEHOLD_2_002,2221,27.43
STORE_3,HOUSEHOLD_2_002,2222,35.17
STORE_3,HOUSEHOLD_2_002,2223,35.17
STORE_3,HOUSEHOLD_2_002,2224,35.17
STORE_3,HOUSEHOLD_2_002,2225,35.17
STORE_3,HOUSEHOLD_2_002,2226,35.17
STORE_3,HOUSEHOLD_2_002,2227,35.17
STORE_3,HOUSEHOLD_2_002,2228,35.17
STORE_3,HOUSEHOLD_2_002,2229,35.17
STORE_3,HOUSEHOLD_2_002,2230,35.17
STORE_3,HOUSEHOLD_2_002,2231,35.17
STORE_3,HOUSEHOLD_2_002,2232,35.17
STORE_3,HOUSEHOLD_2_002,2233,35.17
STORE_3,HOUSEHOLD_2_002,2234,35.17
STORE_3,HOUSEHOLD_2_002,2235,35.17
STORE_3,HOUSEHOLD_2_002,2236,35.17
STORE_3,HOUSEHOLD_2_002,2237,35.17
STORE_3,HOUSEHOLD_2_002,2238,35.17
STORE_3,HOUSEHOLD_2_002,2239,35.17
STORE_3,HOUSEHOLD_2_002,2240,35.17
STORE_3,HOUSEHOLD_2_002,2241,35.17
STORE_3,HOUSEHOLD_2_002,2242,35.17
STORE_3,HOUSEHOLD_2_002,2243,35.17
STORE_3,HOUSEHOLD_2_002,2244,35.17
STORE_3,HOUSEHOLD_2_002,2245,35.17
STORE_3,HOUSEHOLD_2_002,2246,35.17
STORE_3,HOUSEHOLD_2_002,2247,35.17
STORE_3,HOUSEHOLD_2_002,2248,35.17
STORE_3,HOUSEHOLD_2_002,2249,35.17
STORE_3,HOUSEHOLD_2_002,2250,35.17
STORE_3,HOUSEHOLD_2_002,2251,35.17
STORE_3,HOUSEHOLD_2_002,2352,35.17
STORE_3,HOUSEHOLD_2_002,2301,35.17
STORE_3,HOUSEHOLD_2_002,2302,35.17
STORE_3,HOUSEHOLD_2_002,2303,35.17
STORE_3,HOUSEHOLD_2_002,2304,35.17
STORE_3,HOUSEHOLD_2_002,2305,35.17
STORE_3,HOUSEHOLD_2_002,2306,35.17
STORE_3,HOUSEHOLD_2_002,2307,35.17
STORE_3,HOUSEHOLD_2_002,2308,35.17
STORE_3,HOUSEHOLD_2_002,2309,35.17
STORE_3,HOUSEHOLD_2_002,2310,35.17
STORE_3,HOUSEHOLD_2_002,2311,36.05
STORE_3,HOUSEHOLD_2_002,2312,36.05
STORE_3,HOUSEHOLD_2_002,2313,36.05
STORE_3,HOUSEHOLD_2_002,2314,36.05
STORE_3,HOUSEHOLD_2_002,2315,36.05
STORE_3,HOUSEHOLD_2_002,2316,36.05
STORE_3,HOUSEHOLD_2_002,2317,36.05
STORE_3,HOUSEHOLD_2_002,2318,36.05
STORE_3,HOUSEHOLD_2_002,2319,36.05
STORE_3,HOUSEHOLD_2_002,2320,36.05
STORE_3,HOUSEHOLD_2_002,2321,30.45
STORE_3,HOUSEHOLD_2_002,2322,30.45
STORE_3,HOUSEHOLD_2_002,2323,30.45
STORE_3,HOUSEHOLD_2_002,2324,30.45
STORE_3,HOUSEHOLD_2_002,2325,30.45
STORE_3,HOUSEHOLD_2_002,2326,30.45
STORE_3,HOUSEHOLD_2_002,2327,30.45
STORE_3,HOUSEHOLD_2_002,2328,30.45
STORE_3,HOUSEHOLD_2_002,2329,30.45
STORE_3,HOUSEHOLD_2_002,2330,30.45
STORE_3,HOUSEHOLD_2_002,2331,30.45
STORE_3,HOUSEHOLD_2_002,2332,30.45
STORE_3,HOUSEHOLD_2_002,2333,30.45
STORE_3,HOUSEHOLD_2_002,2334,30.45
STORE_3,HOUSEHOLD_2_002,2335,30.45
STORE_3,HOUSEHOLD_2_002,2336,30.45
STORE_3,HOUSEHOLD_2_002,2337,30.45
STORE_3,HOUSEHOLD_2_002,2338,30.45
STORE_3,HOUSEHOLD_2_002,2339,30.45
STORE_3,HOUSEHOLD_2_002,2340,30.45
STORE_3,HOUSEHOLD_2_002,2341,34.96
STORE_3,HOUSEHOLD_2_002,2342,34.96
STORE_3,HOUSEHOLD_2_002,2343,34.96
STORE_3,HOUSEHOLD_2_002,2344,34.96
STORE_3,HOUSEHOLD_2_002,2345,34.96
STORE_3,HOUSEHOLD_2_002,2346,34.96
STORE_3,HOUSEHOLD_2_002,2347,34.96
STORE_3,HOUSEHOLD_2_002,2348,34.96
STORE_3,HOUSEHOLD_2_002,2349,34.96
STORE_3,HOUSEHOLD_2_002,2350,34.96
STORE_3,HOUSEHOLD_2_002,2351,34.96
STORE_3,HOUSEHOLD_2_002,2401,34.96
STORE_3,HOUSEHOLD_2_002,2402,34.96
STORE_3,HOUSEHOLD_2_002,2403,34.96
STORE_3,HOUSEHOLD_2_002,2404,34.96
STORE_3,HOUSEHOLD_2_002,2405,34.96
STORE_3,HOUSEHOLD_2_002,2406,34.96
STORE_3,HOUSEHOLD_2_002,2407,34.96
STORE_3,HOUSEHOLD_2_002,2408,34.96
STORE_3,HOUSEHOLD_2_002,2409,34.96
STORE_3,HOUSEHOLD_2_002,2410,34.96
STORE_3,HOUSEHOLD_2_002,2411,34.96
STORE_3,HOUSEHOLD_2_002,2412,34.96
STORE_3,HOUSEHOLD_2_002,2413,34.96
STORE_3,HOUSEHOLD_2_002,2414,34.96
STORE_3,HOUSEHOLD_2_002,2415,34.96
STORE_3,HOUSEHOLD_2_002,2416,34.96
STORE_3,HOUSEHOLD_2_002,2417,34.96
STORE_3,HOUSEHOLD_2_002,2418,34.96
STORE_3,HOUSEHOLD_2_002,2419,34.96
STORE_3,HOUSEHOLD_2_002,2420,34.96
STORE_3,HOUSEHOLD_2_002,2421,34.96
STORE_3,HOUSEHOLD_2_002,2422,34.96
STORE_3,HOUSEHOLD_2_002,2423,34.96
STORE_3,HOUSEHOLD_2_002,2424,34.96
STORE_3,HOUSEHOLD_2_002,2425,34.96
STORE_3,HOUSEHOLD_2_002,2426,34.96
STORE_3,HOUSEHOLD_2_002,2427,34.96
STORE_3,HOUSEHOLD_2_002,2428,34.96
STORE_3,HOUSEHOLD_2_002,2429,34.96
STORE_3,HOUSEHOLD_2_002,2430,34.96
STORE_3,HOUSEHOLD_2_002,2431,34.96
STORE_3,HOUSEHOLD_2_002,2432,34.96
STORE_3,HOUSEHOLD_2_002,2433,34.96
STORE_3,HOUSEHOLD_2_002,2434,34.96
STORE_3,HOUSEHOLD_2_002,2435,34.96
STORE_3,HOUSEHOLD_2_002,2436,34.96
STORE_3,HOUSEHOLD_2_002,2437,34.96
STORE_3,HOUSEHOLD_2_002,2438,34.96
STORE_3,HOUSEHOLD_2_002,2439,34.96
STORE_3,HOUSEHOLD_2_002,2440,34.96
STORE_3,HOUSEHOLD_2_002,2441,34.96
STORE_3,HOUSEHOLD_2_002,2442,34.96
STORE_3,HOUSEHOLD_2_002,2443,34.96
STORE_3,HOUSEHOLD_2_002,2444,34.96
STORE_3,HOUSEHOLD_2_002,2445,34.96
STORE_3,HOUSEHOLD_2_002,2446,34.96
STORE_3,HOUSEHOLD_2_002,2447,34.96
STORE_3,HOUSEHOLD_2_002,2448,34.96
STORE_3,HOUSEHOLD_2_002,2449,36.28
STORE_3,HOUSEHOLD_2_002,2450,36.28
STORE_3,HOUSEHOLD_2_002,2451,36.28
STORE_3,HOUSEHOLD_2_002,2452,36.28
STORE_3,HOUSEHOLD_2_002,2501,36.28
STORE_3,HOUSEHOLD_2_002,2502,36.28
STORE_3,HOUSEHOLD_2_002,2503,36.28
STORE_3,HOUSEHOLD_2_002,2504,36.28
STORE_3,HOUSEHOLD_2_002,2505,36.28
STORE_3,HOUSEHOLD_2_003,2252,27.95
STORE_3,HOUSEHOLD_2_003,2201,27.95
STORE_3,HOUSEHOLD_2_003,2202,27.95
STORE_3,HOUSEHOLD_2_003,2203,27.95
STORE_3,HOUSEHOLD_2_003,2204,27.95
STORE_3,HOUSEHOLD_2_003,2205,27.95
STORE_3,HOUSEHOLD_2_003,2206,27.95
STORE_3,HOUSEHOLD_2_003,2207,27.95
STORE_3,HOUSEHOLD_2_003,2208,27.95
STORE_3,HOUSEHOLD_2_003,2209,27.95
STORE_3,HOUSEHOLD_2_003,2210,27.95
STORE_3,HOUSEHOLD_2_003,2211,27.95
STORE_3,HOUSEHOLD_2_003,2212,27.95
STORE_3,HOUSEHOLD_2_003,2213,27.95
STORE_3,HOUSEHOLD_2_003,2214,21.54
STORE_3,HOUSEHOLD_2_003,2215,21.54
STORE_3,HOUSEHOLD_2_003,2216,21.54
STORE_3,HOUSEHOLD_2_003,2217,21.54
STORE_3,HOUSEHOLD_2_003,2218,21.54
STORE_3,HOUSEHOLD_2_003,2219,27.37
STORE_3,HOUSEHOLD_2_003,2220,22.18
STORE_3,HOUSEHOLD_2_003,2221,22.18
STORE_3,HOUSEHOLD_2_003,2222,22.18
STORE_3,HOUSEHOLD_2_003,2223,30.47
STORE_3,HOUSEHOLD_2_003,2224,30.47
STORE_3,HOUSEHOLD_2_003,2225,30.47
STORE_3,HOUSEHOLD_2_003,2226,30.47
STORE_3,HOUSEHOLD_2_003,2227,30.47
STORE_3,HOUSEHOLD_2_003,2228,30.47
STORE_3,HOUSEHOLD_2_003,2229,30.47
STORE_3,HOUSEHOLD_2_003,2230,30.47
STORE_3,HOUSEHOLD_2_003,2231,30.47
STORE_3,HOUSEHOLD_2_003,2232,30.47
STORE_3,HOUSEHOLD_2_003,2233,24.97
STORE_3,HOUSEHOLD_2_003,2234,24.97
STORE_3,HOUSEHOLD_2_003,2235,24.97
STORE_3,HOUSEHOLD_2_003,2236,24.97
STORE_3,HOUSEHOLD_2_003,2237,24.97
STORE_3,HOUSEHOLD_2_003,2238,24.97
STORE_3,HOUSEHOLD_2_003,2239,24.97
STORE_3,HOUSEHOLD_2_003,2240,24.97
STORE_3,HOUSEHOLD_2_003,2241,24.97
STORE_3,HOUSEHOLD_2_003,2242,24.97
STORE_3,HOUSEHOLD_2_003,2243,24.97
STORE_3,HOUSEHOLD_2_003,2244,24.97
STORE_3,HOUSEHOLD_2_003,2245,24.97
STORE_3,HOUSEHOLD_2_003,2246,24.97
STORE_3,HOUSEHOLD_2_003,2247,24.97
STORE_3,HOUSEHOLD_2_003,2248,23.07
STORE_3,HOUSEHOLD_2_003,2249,23.07
STORE_3,HOUSEHOLD_2_003,2250,23.07
STORE_3,HOUSEHOLD_2_003,2251,23.07
STORE_3,HOUSEHOLD_2_003,2352,23.07
STORE_3,HOUSEHOLD_2_003,2301,23.07
STORE_3,HOUSEHOLD_2_003,2302,31.04
STORE_3,HOUSEHOLD_2_003,2303,31.04
STORE_3,HOUSEHOLD_2_003,2304,31.04
STORE_3,HOUSEHOLD_2_003,2305,31.04
STORE_3,HOUSEHOLD_2_003,2306,31.04
STORE_3,HOUSEHOLD_2_003,2307,31.04
STORE_3,HOUSEHOLD_2_003,2308,31.04
STORE_3,HOUSEHOLD_2_003,2309,31.04
STORE_3,HOUSEHOLD_2_003,2310,31.04
STORE_3,HOUSEHOLD_2_003,2311,31.04
STORE_3,HOUSEHOLD_2_003,2312,31.04
STORE_3,HOUSEHOLD_2_003,2313,31.04
STORE_3,HOUSEHOLD_2_003,2314,31.04
STORE_3,HOUSEHOLD_2_003,2315,31.04
STORE_3,HOUSEHOLD_2_003,2316,31.04
STORE_3,HOUSEHOLD_2_003,2317,31.04
STORE_3,HOUSEHOLD_2_003,2318,31.04
STORE_3,HOUSEHOLD_2_003,2319,31.04
STORE_3,HOUSEHOLD_2_003,2320,31.04
STORE_3,HOUSEHOLD_2_003,2321,31.04
STORE_3,HOUSEHOLD_2_003,2322,31.04
STORE_3,HOUSEHOLD_2_003,2323,31.04
STORE_3,HOUSEHOLD_2_003,2324,31.04
STORE_3,HOUSEHOLD_2_003,2325,31.04
STORE_3,HOUSEHOLD_2_003,2326,31.04
STORE_3,HOUSEHOLD_2_003,2327,31.04
STORE_3,HOUSEHOLD_2_003,2328,22.82
STORE_3,HOUSEHOLD_2_003,2329,25.39
STORE_3,HOUSEHOLD_2_003,2330,25.39
STORE_3,HOUSEHOLD_2_003,2331,25.39
STORE_3,HOUSEHOLD_2_003,2332,25.39
STORE_3,HOUSEHOLD_2_003,2333,25.39
STORE_3,HOUSEHOLD_2_003,2334,25.39
STORE_3,HOUSEHOLD_2_003,2335,25.39
STORE_3,HOUSEHOLD_2_003,2336,25.39
STORE_3,HOUSEHOLD_2_003,2337,25.39
STORE_3,HOUSEHOLD_2_003,2338,25.39
STORE_3,HOUSEHOLD_2_003,2339,25.39
STORE_3,HOUSEHOLD_2_003,2340,25.39
STORE_3,HOUSEHOLD_2_003,2341,25.39
STORE_3,HOUSEHOLD_2_003,2342,25.39
STORE_3,HOUSEHOLD_2_003,2343,25.39
STORE_3,HOUSEHOLD_2_003,2344,25.39
STORE_3,HOUSEHOLD_2_003,2345,25.39
STORE_3,HOUSEHOLD_2_003,2346,25.39
STORE_3,HOUSEHOLD_2_003,2347,25.39
STORE_3,HOUSEHOLD_2_003,2348,25.39
STORE_3,HOUSEHOLD_2_003,2349,25.39
STORE_3,HOUSEHOLD_2_003,2350,25.39
STORE_3,HOUSEHOLD_2_003,2351,25.39
STORE_3,HOUSEHOLD_2_003,2401,25.39
STORE_3,HOUSEHOLD_2_003,2402,25.39
STORE_3,HOUSEHOLD_2_003,2403,25.39
STORE_3,HOUSEHOLD_2_003,2404,25.39
STORE_3,HOUSEHOLD_2_003,2405,25.39
STORE_3,HOUSEHOLD_2_003,2406,25.39
STORE_3,HOUSEHOLD_2_003,2407,25.39
STORE_3,HOUSEHOLD_2_003,2408,25.39
STORE_3,HOUSEHOLD_2_003,2409,25.39
STORE_3,HOUSEHOLD_2_003,2410,25.39
STORE_3,HOUSEHOLD_2_003,2411,25.39
STORE_3,HOUSEHOLD_2_003,2412,25.39
STORE_3,HOUSEHOLD_2_003,2413,28.55
STORE_3,HOUSEHOLD_2_003,2414,28.55
STORE_3,HOUSEHOLD_2_003,2415,28.55
STORE_3,HOUSEHOLD_2_003,2416,28.55
STORE_3,HOUSEHOLD_2_003,2417,28.55
STORE_3,HOUSEHOLD_2_003,2418,28.55
STORE_3,HOUSEHOLD_2_003,2419,28.55
STORE_3,HOUSEHOLD_2_003,2420,22.42
STORE_3,HOUSEHOLD_2_003,2421,22.42
STORE_3,HOUSEHOLD_2_003,2422,22.42
STORE_3,HOUSEHOLD_2_003,2423,22.42
STORE_3,HOUSEHOLD_2_003,2424,22.42
STORE_3,HOUSEHOLD_2_003,2425,22.42
STORE_3,HOUSEHOLD_2_003,2426,22.42
STORE_3,HOUSEHOLD_2_003,2427,22.42
STORE_3,HOUSEHOLD_2_003,2428,22.42
STORE_3,HOUSEHOLD_2_003,2429,22.42
STORE_3,HOUSEHOLD_2_003,2430,22.42
STORE_3,HOUSEHOLD_2_003,2431,22.42
STORE_3,HOUSEHOLD_2_003,2432,22.42
STORE_3,HOUSEHOLD_2_003,2433,21.03
STORE_3,HOUSEHOLD_2_003,2434,21.03
STORE_3,HOUSEHOLD_2_003,2435,21.03
STORE_3,HOUSEHOLD_2_003,2436,21.03
STORE_3,HOUSEHOLD_2_003,2437,21.03
STORE_3,HOUSEHOLD_2_003,2438,21.03
STORE_3,HOUSEHOLD_2_003,2439,21.03
STORE_3,HOUSEHOLD_2_003,2440,21.03
STORE_3,HOUSEHOLD_2_003,2441,21.03
STORE_3,HOUSEHOLD_2_003,2442,21.03
STORE_3,HOUSEHOLD_2_003,2443,21.03
STORE_3,HOUSEHOLD_2_003,2444,21.03
STORE_3,HOUSEHOLD_2_003,2445,21.03
STORE_3,HOUSEHOLD_2_003,2446,21.03
STORE_3,HOUSEHOLD_2_003,2447,21.03
STORE_3,HOUSEHOLD_2_003,2448,21.03
STORE_3,HOUSEHOLD_2_003,2449,21.03
STORE_3,HOUSEHOLD_2_003,2450,21.03
STORE_3,HOUSEHOLD_2_003,2451,21.03
STORE_3,HOUSEHOLD_2_003,2452,21.03
STORE_3,HOUSEHOLD_2_003,2501,21.03
STORE_3,HOUSEHOLD_2_003,2502,21.03
STORE_3,HOUSEHOLD_2_003,2503,21.03
STORE_3,HOUSEHOLD_2_003,2504,21.03
STORE_3,HOUSEHOLD_2_003,2505,21.03
STORE_3,HOUSEHOLD_2_004,2252,29.12
STORE_3,HOUSEHOLD_2_004,2201,29.12
STORE_3,HOUSEHOLD_2_004,2202,28.8
STORE_3,HOUSEHOLD_2_004,2203,28.8
STORE_3,HOUSEHOLD_2_004,2204,28.8
STORE_3,HOUSEHOLD_2_004,2205,28.8
STORE_3,HOUSEHOLD_2_004,2206,28.8
STORE_3,HOUSEHOLD_2_004,2207,28.8
STORE_3,HOUSEHOLD_2_004,2208,28.8
STORE_3,HOUSEHOLD_2_004,2209,28.8
STORE_3,HOUSEHOLD_2_004,2210,28.8
STORE_3,HOUSEHOLD_2_004,2211,26.99
STORE_3,HOUSEHOLD_2_004,2212,26.99
STORE_3,HOUSEHOLD_2_004,2213,26.99
STORE_3,HOUSEHOLD_2_004,2214,26.99
STORE_3,HOUSEHOLD_2_004,2215,26.99
STORE_3,HOUSEHOLD_2_004,2216,26.99
STORE_3,HOUSEHOLD_2_004,2217,26.99
STORE_3,HOUSEHOLD_2_004,2218,26.99
STORE_3,HOUSEHOLD_2_004,2219,26.99
STORE_3,HOUSEHOLD_2_004,2220,26.99
STORE_3,HOUSEHOLD_2_004,2221,26.99
STORE_3,HOUSEHOLD_2_004,2222,26.99
STORE_3,HOUSEHOLD_2_004,2223,26.99
STORE_3,HOUSEHOLD_2_004,2224,26.99
STORE_3,HOUSEHOLD_2_004,2225,26.99
STORE_3,HOUSEHOLD_2_004,2226,26.99
STORE_3,HOUSEHOLD_2_004,2227,26.99
STORE_3,HOUSEHOLD_2_004,2228,26.99
STORE_3,HOUSEHOLD_2_004,2229,26.99
STORE_3,HOUSEHOLD_2_004,2230,26.99
STORE_3,HOUSEHOLD_2_004,2231,26.99
STORE_3,HOUSEHOLD_2_004,2232,26.99
STORE_3,HOUSEHOLD_2_004,2233,26.99
STORE_3,HOUSEHOLD_2_004,2234,26.99
STORE_3,HOUSEHOLD_2_004,2235,26.99
STORE_3,HOUSEHOLD_2_004,2236,26.99
STORE_3,HOUSEHOLD_2_004,2237,26.99
STORE_3,HOUSEHOLD_2_004,2238,26.99
STORE_3,HOUSEHOLD_2_004,2239,26.99
STORE_3,HOUSEHOLD_2_004,2240,26.99
STORE_3,HOUSEHOLD_2_004,2241,26.99
STORE_3,HOUSEHOLD_2_004,2242,26.99
STORE_3,HOUSEHOLD_2_004,2243,26.99
STORE_3,HOUSEHOLD_2_004,2244,26.99
STORE_3,HOUSEHOLD_2_004,2245,26.99
STORE_3,HOUSEHOLD_2_004,2246,26.99
STORE_3,HOUSEHOLD_2_004,2247,26.99
STORE_3,HOUSEHOLD_2_004,2248,26.99
STORE_3,HOUSEHOLD_2_004,2249,26.99
STORE_3,HOUSEHOLD_2_004,2250,26.99
STORE_3,HOUSEHOLD_2_004,2251,26.99
STORE_3,HOUSEHOLD_2_004,2352,26.99
STORE_3,HOUSEHOLD_2_004,2301,26.99
STORE_3,HOUSEHOLD_2_004,2302,26.99
STORE_3,HOUSEHOLD_2_004,2303,26.99
STORE_3,HOUSEHOLD_2_004,2304,26.99
STORE_3,HOUSEHOLD_2_004,2305,26.99
STORE_3,HOUSEHOLD_2_004,2306,26.99
STORE_3,HOUSEHOLD_2_004,2307,26.99
STORE_3,HOUSEHOLD_2_004,2308,26.99
STORE_3,HOUSEHOLD_2_004,2309,26.99
STORE_3,HOUSEHOLD_2_004,2310,26.99
STORE_3,HOUSEHOLD_2_004,2311,26.99
STORE_3,HOUSEHOLD_2_004,2312,26.99
STORE_3,HOUSEHOLD_2_004,2313,26.99
STORE_3,HOUSEHOLD_2_004,2314,26.99
STORE_3,HOUSEHOLD_2_004,2315,26.99
STORE_3,HOUSEHOLD_2_004,2316,26.99
STORE_3,HOUSEHOLD_2_004,2317,26.99
STORE_3,HOUSEHOLD_2_004,2318,26.99
STORE_3,HOUSEHOLD_2_004,2319,26.99
STORE_3,HOUSEHOLD_2_004,2320,26.99
STORE_3,HOUSEHOLD_2_004,2321,26.99
STORE_3,HOUSEHOLD_2_004,2322,26.99
STORE_3,HOUSEHOLD_2_004,2323,26.99
STORE_3,HOUSEHOLD_2_004,2324,26.99
STORE_3,HOUSEHOLD_2_004,2325,26.99
STORE_3,HOUSEHOLD_2_004,2326,26.99
STORE_3,HOUSEHOLD_2_004,2327,26.99
STORE_3,HOUSEHOLD_2_004,2328,26.99
STORE_3,HOUSEHOLD_2_004,2329,26.99
STORE_3,HOUSEHOLD_2_004,2330,26.99
STORE_3,HOUSEHOLD_2_004,2331,26.99
STORE_3,HOUSEHOLD_2_004,2332,26.99
STORE_3,HOUSEHOLD_2_004,2333,26.99
STORE_3,HOUSEHOLD_2_004,2334,26.99
STORE_3,HOUSEHOLD_2_004,2335,26.99
STORE_3,HOUSEHOLD_2_004,2336,26.99
STORE_3,HOUSEHOLD_2_004,2337,26.99
STORE_3,HOUSEHOLD_2_004,2338,26.99
STORE_3,HOUSEHOLD_2_004,2339,26.99
STORE_3,HOUSEHOLD_2_004,2340,26.99
STORE_3,HOUSEHOLD_2_004,2341,28.71
STORE_3,HOUSEHOLD_2_004,2342,28.71
STORE_3,HOUSEHOLD_2_004,2343,25.68
STORE_3,HOUSEHOLD_2_004,2344,25.68
STORE_3,HOUSEHOLD_2_004,2345,25.68
STORE_3,HOUSEHOLD_2_004,2346,25.68
STORE_3,HOUSEHOLD_2_004,2347,25.26
STORE_3,HOUSEHOLD_2_004,2348,25.26
STORE_3,HOUSEHOLD_2_004,2349,25.26
STORE_3,HOUSEHOLD_2_004,2350,25.26
STORE_3,HOUSEHOLD_2_004,2351,25.26
STORE_3,HOUSEHOLD_2_004,2401,25.26
STORE_3,HOUSEHOLD_2_004,2402,25.26
STORE_3,HOUSEHOLD_2_004,2403,25.26
STORE_3,HOUSEHOLD_2_004,2404,23.85
STORE_3,HOUSEHOLD_2_004,2405,23.85
STORE_3,HOUSEHOLD_2_004,2406,23.85
STORE_3,HOUSEHOLD_2_004,2407,23.85
STORE_3,HOUSEHOLD_2_004,2408,23.85
STORE_3,HOUSEHOLD_2_004,2409,23.85
STORE_3,HOUSEHOLD_2_004,2410,23.85
STORE_3,HOUSEHOLD_2_004,2411,23.85
STORE_3,HOUSEHOLD_2_004,2412,23.85
STORE_3,HOUSEHOLD_2_004,2413,23.85
STORE_3,HOUSEHOLD_2_004,2414,23.85
STORE_3,HOUSEHOLD_2_004,2415,23.85
STORE_3,HOUSEHOLD_2_004,2416,23.85
STORE_3,HOUSEHOLD_2_004,2417,23.85
STORE_3,HOUSEHOLD_2_004,2418,23.85
STORE_3,HOUSEHOLD_2_004,2419,23.85
STORE_3,HOUSEHOLD_2_004,2420,23.85
STORE_3,HOUSEHOLD_2_004,2421,23.85
STORE_3,HOUSEHOLD_2_004,2422,23.85
STORE_3,HOUSEHOLD_2_004,2423,23.85
STORE_3,HOUSEHOLD_2_004,2424,23.85
STORE_3,HOUSEHOLD_2_004,2425,23.85
STORE_3,HOUSEHOLD_2_004,2426,23.85
STORE_3,HOUSEHOLD_2_004,2427,28.87
STORE_3,HOUSEHOLD_2_004,2428,28.87
STORE_3,HOUSEHOLD_2_004,2429,28.87
STORE_3,HOUSEHOLD_2_004,2430,28.87
STORE_3,HOUSEHOLD_2_004,2431,28.87
STORE_3,HOUSEHOLD_2_004,2432,28.87
STORE_3,HOUSEHOLD_2_004,2433,28.87
STORE_3,HOUSEHOLD_2_004,2434,28.87
STORE_3,HOUSEHOLD_2_004,2435,28.87
STORE_3,HOUSEHOLD_2_004,2436,28.87
STORE_3,HOUSEHOLD_2_004,2437,28.87
STORE_3,HOUSEHOLD_2_004,2438,28.87
STORE_3,HOUSEHOLD_2_004,2439,28.87
STORE_3,HOUSEHOLD_2_004,2440,32.42
STORE_3,HOUSEHOLD_2_004,2441,32.42
STORE_3,HOUSEHOLD_2_004,2442,32.42
STORE_3,HOUSEHOLD_2_004,2443,32.42
STORE_3,HOUSEHOLD_2_004,2444,32.42
STORE_3,HOUSEHOLD_2_004,2445,32.42
STORE_3,HOUSEHOLD_2_004,2446,32.42
STORE_3,HOUSEHOLD_2_004,2447,32.42
STORE_3,HOUSEHOLD_2_004,2448,32.42
STORE_3,HOUSEHOLD_2_004,2449,32.42
STORE_3,HOUSEHOLD_2_004,2450,32.42
STORE_3,HOUSEHOLD_2_004,2451,32.42
STORE_3,HOUSEHOLD_2_004,2452,32.42
STORE_3,HOUSEHOLD_2_004,2501,32.42
STORE_3,HOUSEHOLD_2_004,2502,32.42
STORE_3,HOUSEHOLD_2_004,2503,32.42
STORE_3,HOUSEHOLD_2_004,2504,32.42
STORE_3,HOUSEHOLD_2_004,2505,32.42
STORE_3,HOUSEHOLD_2_005,2252,48.2
STORE_3,HOUSEHOLD_2_005,2201,48.2
STORE_3,HOUSEHOLD_2_005,2202,48.2
STORE_3,HOUSEHOLD_2_005,2203,48.2
STORE_3,HOUSEHOLD_2_005,2204,48.2
STORE_3,HOUSEHOLD_2_005,2205,48.2
STORE_3,HOUSEHOLD_2_005,2206,48.2
STORE_3,HOUSEHOLD_2_005,2207,48.2
STORE_3,HOUSEHOLD_2_005,2208,36.96
STORE_3,HOUSEHOLD_2_005,2209,36.96
STORE_3,HOUSEHOLD_2_005,2210,36.96
STORE_3,HOUSEHOLD_2_005,2211,36.96
STORE_3,HOUSEHOLD_2_005,2212,36.96
STORE_3,HOUSEHOLD_2_005,2213,36.96
STORE_3,HOUSEHOLD_2_005,2214,36.96
STORE_3,HOUSEHOLD_2_005,2215,36.96
STORE_3,HOUSEHOLD_2_005,2216,36.96
STORE_3,HOUSEHOLD_2_005,2217,36.96
STORE_3,HOUSEHOLD_2_005,2218,36.96
STORE_3,HOUSEHOLD_2_005,2219,36.96
STORE_3,HOUSEHOLD_2_005,2220,36.96
STORE_3,HOUSEHOLD_2_005,2221,36.96
STORE_3,HOUSEHOLD_2_005,2222,36.96
STORE_3,HOUSEHOLD_2_005,2223,36.96
STORE_3,HOUSEHOLD_2_005,2224,36.96
STORE_3,HOUSEHOLD_2_005,2225,36.96
STORE_3,HOUSEHOLD_2_005,2226,36.96
STORE_3,HOUSEHOLD_2_005,2227,36.96
STORE_3,HOUSEHOLD_2_005,2228,36.96
STORE_3,HOUSEHOLD_2_005,2229,36.96
STORE_3,HOUSEHOLD_2_005,2230,36.96
STORE_3,HOUSEHOLD_2_005,2231,36.96
STORE_3,HOUSEHOLD_2_005,2232,36.96
STORE_3,HOUSEHOLD_2_005,2233,36.96
STORE_3,HOUSEHOLD_2_005,2234,36.96
STORE_3,HOUSEHOLD_2_005,2235,36.96
STORE_3,HOUSEHOLD_2_005,2236,36.96
STORE_3,HOUSEHOLD_2_005,2237,36.96
STORE_3,HOUSEHOLD_2_005,2238,36.96
STORE_3,HOUSEHOLD_2_005,2239,51.61
STORE_3,HOUSEHOLD_2_005,2240,51.61
STORE_3,HOUSEHOLD_2_005,2241,51.61
STORE_3,HOUSEHOLD_2_005,2242,51.61
STORE_3,HOUSEHOLD_2_005,2243,51.61
STORE_3,HOUSEHOLD_2_005,2244,51.61
STORE_3,HOUSEHOLD_2_005,2245,51.61
STORE_3,HOUSEHOLD_2_005,2246,51.61
STORE_3,HOUSEHOLD_2_005,2247,51.61
STORE_3,HOUSEHOLD_2_005,2248,51.61
STORE_3,HOUSEHOLD_2_005,2249,51.61
STORE_3,HOUSEHOLD_2_005,2250,51.61
STORE_3,HOUSEHOLD_2_005,2251,51.61
STORE_3,HOUSEHOLD_2_005,2352,51.61
STORE_3,HOUSEHOLD_2_005,2301,38.78
STORE_3,HOUSEHOLD_2_005,2302,38.78
STORE_3,HOUSEHOLD_2_005,2303,38.78
STORE_3,HOUSEHOLD_2_005,2304,38.78
STORE_3,HOUSEHOLD_2_005,2305,38.78
STORE_3,HOUSEHOLD_2_005,2306,38.78
STORE_3,HOUSEHOLD_2_005,2307,38.78
STORE_3,HOUSEHOLD_2_005,2308,38.78
STORE_3,HOUSEHOLD_2_005,2309,38.78
STORE_3,HOUSEHOLD_2_005,2310,48.33
STORE_3,HOUSEHOLD_2_005,2311,48.33
STORE_3,HOUSEHOLD_2_005,2312,48.33
STORE_3,HOUSEHOLD_2_005,2313,48.33
STORE_3,HOUSEHOLD_2_005,2314,48.33
STORE_3,HOUSEHOLD_2_005,2315,48.33
STORE_3,HOUSEHOLD_2_005,2316,48.33
STORE_3,HOUSEHOLD_2_005,2317,48.33
STORE_3,HOUSEHOLD_2_005,2318,48.33
STORE_3,HOUSEHOLD_2_005,2319,48.33
STORE_3,HOUSEHOLD_2_005,2320,48.33
STORE_3,HOUSEHOLD_2_005,2321,48.33
STORE_3,HOUSEHOLD_2_005,2322,48.33
STORE_3,HOUSEHOLD_2_005,2323,48.33
STORE_3,HOUSEHOLD_2_005,2324,48.33
STORE_3,HOUSEHOLD_2_005,2325,48.33
STORE_3,HOUSEHOLD_2_005,2326,48.33
STORE_3,HOUSEHOLD_2_005,2327,48.33
STORE_3,HOUSEHOLD_2_005,2328,48.33
STORE_3,HOUSEHOLD_2_005,2329,48.33
STORE_3,HOUSEHOLD_2_005,2330,48.33
STORE_3,HOUSEHOLD_2_005,2331,48.33
STORE_3,HOUSEHOLD_2_005,2332,48.33
STORE_3,HOUSEHOLD_2_005,2333,48.33
STORE_3,HOUSEHOLD_2_005,2334,48.33
STORE_3,HOUSEHOLD_2_005,2335,48.33
STORE_3,HOUSEHOLD_2_005,2336,48.33
STORE_3,HOUSEHOLD_2_005,2337,48.33
STORE_3,HOUSEHOLD_2_005,2338,40.16
STORE_3,HOUSEHOLD_2_005,2339,40.16
STORE_3,HOUSEHOLD_2_005,2340,40.16
STORE_3,HOUSEHOLD_2_005,2341,40.16
STORE_3,HOUSEHOLD_2_005,2342,40.16
STORE_3,HOUSEHOLD_2_005,2343,40.16
STORE_3,HOUSEHOLD_2_005,2344,40.16
STORE_3,HOUSEHOLD_2_005,2345,40.16
STORE_3,HOUSEHOLD_2_005,2346,40.16
STORE_3,HOUSEHOLD_2_005,2347,40.16
STORE_3,HOUSEHOLD_2_005,2348,40.16
STORE_3,HOUSEHOLD_2_005,2349,40.16
STORE_3,HOUSEHOLD_2_005,2350,40.16
STORE_3,HOUSEHOLD_2_005,2351,40.16
STORE_3,HOUSEHOLD_2_005,2401,40.16
STORE_3,HOUSEHOLD_2_005,2402,40.16
STORE_3,HOUSEHOLD_2_005,2403,40.16
STORE_3,HOUSEHOLD_2_005,2404,40.16
STORE_3,HOUSEHOLD_2_005,2405,40.16
STORE_3,HOUSEHOLD_2_005,2406,40.16
STORE_3,HOUSEHOLD_2_005,2407,40.16
STORE_3,HOUSEHOLD_2_005,2408,40.16
STORE_3,HOUSEHOLD_2_005,2409,40.16
STORE_3,HOUSEHOLD_2_005,2410,40.16
STORE_3,HOUSEHOLD_2_005,2411,40.16
STORE_3,HOUSEHOLD_2_005,2412,40.16
STORE_3,HOUSEHOLD_2_005,2413,40.16
STORE_3,HOUSEHOLD_2_005,2414,40.16
STORE_3,HOUSEHOLD_2_005,2415,38.4
STORE_3,HOUSEHOLD_2_005,2416,38.4
STORE_3,HOUSEHOLD_2_005,2417,38.4
STORE_3,HOUSEHOLD_2_005,2418,38.4
STORE_3,HOUSEHOLD_2_005,2419,38.4
STORE_3,HOUSEHOLD_2_005,2420,38.4
STORE_3,HOUSEHOLD_2_005,2421,38.4
STORE_3,HOUSEHOLD_2_005,2422,38.4
STORE_3,HOUSEHOLD_2_005,2423,38.4
STORE_3,HOUSEHOLD_2_005,2424,38.4
STORE_3,HOUSEHOLD_2_005,2425,38.4
STORE_3,HOUSEHOLD_2_005,2426,38.4
STORE_3,HOUSEHOLD_2_005,2427,38.4
STORE_3,HOUSEHOLD_2_005,2428,38.4
STORE_3,HOUSEHOLD_2_005,2429,38.4
STORE_3,HOUSEHOLD_2_005,2430,38.4
STORE_3,HOUSEHOLD_2_005,2431,38.4
STORE_3,HOUSEHOLD_2_005,2432,38.4
STORE_3,HOUSEHOLD_2_005,2433,38.4
STORE_3,HOUSEHOLD_2_005,2434,38.4
STORE_3,HOUSEHOLD_2_005,2435,38.4
STORE_3,HOUSEHOLD_2_005,2436,38.4
STORE_3,HOUSEHOLD_2_005,2437,38.4
STORE_3,HOUSEHOLD_2_005,2438,38.4
STORE_3,HOUSEHOLD_2_005,2439,38.4
STORE_3,HOUSEHOLD_2_005,2440,38.4
STORE_3,HOUSEHOLD_2_005,2441,38.4
STORE_3,HOUSEHOLD_2_005,2442,38.4
STORE_3,HOUSEHOLD_2_005,2443,38.4
STORE_3,HOUSEHOLD_2_005,2444,38.4
STORE_3,HOUSEHOLD_2_005,2445,38.4
STORE_3,HOUSEHOLD_2_005,2446,38.4
STORE_3,HOUSEHOLD_2_005,2447,38.4
STORE_3,HOUSEHOLD_2_005,2448,38.4
STORE_3,HOUSEHOLD_2_005,2449,38.4
STORE_3,HOUSEHOLD_2_005,2450,38.4
STORE_3,HOUSEHOLD_2_005,2451,38.4
STORE_3,HOUSEHOLD_2_005,2452,38.4
STORE_3,HOUSEHOLD_2_005,2501,38.4
STORE_3,HOUSEHOLD_2_005,2502,38.4
STORE_3,HOUSEHOLD_2_005,2503,38.4
STORE_3,HOUSEHOLD_2_005,2504,38.4
STORE_3,HOUSEHOLD_2_005,2505,38.4
STORE_3,HOUSEHOLD_2_006,2252,10.9
STORE_3,HOUSEHOLD_2_006,2201,10.9
STORE_3,HOUSEHOLD_2_006,2202,10.9
STORE_3,HOUSEHOLD_2_006,2203,10.9
STORE_3,HOUSEHOLD_2_006,2204,10.9
STORE_3,HOUSEHOLD_2_006,2205,10.9
STORE_3,HOUSEHOLD_2_006,2206,10.9
STORE_3,HOUSEHOLD_2_006,2207,10.9
STORE_3,HOUSEHOLD_2_006,2208,10.9
STORE_3,HOUSEHOLD_2_006,2209,10.9
STORE_3,HOUSEHOLD_2_006,2210,10.9
STORE_3,HOUSEHOLD_2_006,2211,10.9
STORE_3,HOUSEHOLD_2_006,2212,10.9
STORE_3,HOUSEHOLD_2_006,2213,9.61
STORE_3,HOUSEHOLD_2_006,2214,9.61
STORE_3,HOUSEHOLD_2_006,2215,9.61
STORE_3,HOUSEHOLD_2_006,2216,9.61
STORE_3,HOUSEHOLD_2_006,2217,9.61
STORE_3,HOUSEHOLD_2_006,2218,9.61
STORE_3,HOUSEHOLD_2_006,2219,9.61
STORE_3,HOUSEHOLD_2_006,2220,9.61
STORE_3,HOUSEHOLD_2_006,2221,9.61
STORE_3,HOUSEHOLD_2_006,2222,9.61
STORE_3,HOUSEHOLD_2_006,2223,9.61
STORE_3,HOUSEHOLD_2_006,2224,9.07
STORE_3,HOUSEHOLD_2_006,2225,9.07
STORE_3,HOUSEHOLD_2_006,2226,9.07
STORE_3,HOUSEHOLD_2_006,2227,9.07
STORE_3,HOUSEHOLD_2_006,2228,9.07
STORE_3,HOUSEHOLD_2_006,2229,9.07
STORE_3,HOUSEHOLD_2_006,2230,9.07
STORE_3,HOUSEHOLD_2_006,2231,9.07
STORE_3,HOUSEHOLD_2_006,2232,9.07
STORE_3,HOUSEHOLD_2_006,2233,9.07
STORE_3,HOUSEHOLD_2_006,2234,9.07
STORE_3,HOUSEHOLD_2_006,2235,9.07
STORE_3,HOUSEHOLD_2_006,2236,9.07
STORE_3,HOUSEHOLD_2_006,2237,11.14
STORE_3,HOUSEHOLD_2_006,2238,11.14
STORE_3,HOUSEHOLD_2_006,2239,11.14
STORE_3,HOUSEHOLD_2_006,2240,11.14
STORE_3,HOUSEHOLD_2_006,2241,11.14
STORE_3,HOUSEHOLD_2_006,2242,11.14
STORE_3,HOUSEHOLD_2_006,2243,11.14
STORE_3,HOUSEHOLD_2_006,2244,11.14
STORE_3,HOUSEHOLD_2_006,2245,11.14
STORE_3,HOUSEHOLD_2_006,2246,9.46
STORE_3,HOUSEHOLD_2_006,2247,9.46
STORE_3,HOUSEHOLD_2_006,2248,9.46
STORE_3,HOUSEHOLD_2_006,2249,9.46
STORE_3,HOUSEHOLD_2_006,2250,9.46
STORE_3,HOUSEHOLD_2_006,2251,9.46
STORE_3,HOUSEHOLD_2_006,2352,9.46
STORE_3,HOUSEHOLD_2_006,2301,9.46
STORE_3,HOUSEHOLD_2_006,2302,9.46
STORE_3,HOUSEHOLD_2_006,2303,9.46
STORE_3,HOUSEHOLD_2_006,2304,9.46
STORE_3,HOUSEHOLD_2_006,2305,9.46
STORE_3,HOUSEHOLD_2_006,2306,9.46
STORE_3,HOUSEHOLD_2_006,2307,9.46
STORE_3,HOUSEHOLD_2_006,2308,9.46
STORE_3,HOUSEHOLD_2_006,2309,9.46
STORE_3,HOUSEHOLD_2_006,2310,9.46
STORE_3,HOUSEHOLD_2_006,2311,9.46
STORE_3,HOUSEHOLD_2_006,2312,8.28
STORE_3,HOUSEHOLD_2_006,2313,8.28
STORE_3,HOUSEHOLD_2_006,2314,8.28
STORE_3,HOUSEHOLD_2_006,2315,9.5
STORE_3,HOUSEHOLD_2_006,2316,9.5
STORE_3,HOUSEHOLD_2_006,2317,9.5
STORE_3,HOUSEHOLD_2_006,2318,9.5
STORE_3,HOUSEHOLD_2_006,2319,9.5
STORE_3,HOUSEHOLD_2_006,2320,9.5
STORE_3,HOUSEHOLD_2_006,2321,8.34
STORE_3,HOUSEHOLD_2_006,2322,8.34
STORE_3,HOUSEHOLD_2_006,2323,8.34
STORE_3,HOUSEHOLD_2_006,2324,8.34
STORE_3,HOUSEHOLD_2_006,2325,8.34
STORE_3,HOUSEHOLD_2_006,2326,8.34
STORE_3,HOUSEHOLD_2_006,2327,8.34
STORE_3,HOUSEHOLD_2_006,2328,8.34
STORE_3,HOUSEHOLD_2_006,2329,8.34
STORE_3,HOUSEHOLD_2_006,2330,8.34
STORE_3,HOUSEHOLD_2_006,2331,8.34
STORE_3,HOUSEHOLD_2_006,2332,8.34
STORE_3,HOUSEHOLD_2_006,2333,8.34
STORE_3,HOUSEHOLD_2_006,2334,8.34
STORE_3,HOUSEHOLD_2_006,2335,8.34
STORE_3,HOUSEHOLD_2_006,2336,8.34
STORE_3,HOUSEHOLD_2_006,2337,8.34
STORE_3,HOUSEHOLD_2_006,2338,8.34
STORE_3,HOUSEHOLD_2_006,2339,8.34
STORE_3,HOUSEHOLD_2_006,2340,8.34
STORE_3,HOUSEHOLD_2_006,2341,8.34
STORE_3,HOUSEHOLD_2_006,2342,8.34
STORE_3,HOUSEHOLD_2_006,2343,8.34
STORE_3,HOUSEHOLD_2_006,2344,8.34
STORE_3,HOUSEHOLD_2_006,2345,8.34
STORE_3,HOUSEHOLD_2_006,2346,8.34
STORE_3,HOUSEHOLD_2_006,2347,8.34
STORE_3,HOUSEHOLD_2_006,2348,8.34
STORE_3,HOUSEHOLD_2_006,2349,8.34
STORE_3,HOUSEHOLD_2_006,2350,8.34
STORE_3,HOUSEHOLD_2_006,2351,8.34
STORE_3,HOUSEHOLD_2_006,2401,8.34
STORE_3,HOUSEHOLD_2_006,2402,8.34
STORE_3,HOUSEHOLD_2_006,2403,8.34
STORE_3,HOUSEHOLD_2_006,2404,8.34
STORE_3,HOUSEHOLD_2_006,2405,8.34
STORE_3,HOUSEHOLD_2_006,2406,8.34
STORE_3,HOUSEHOLD_2_006,2407,8.34
STORE_3,HOUSEHOLD_2_006,2408,8.34
STORE_3,HOUSEHOLD_2_006,2409,8.34
STORE_3,HOUSEHOLD_2_006,2410,8.34
STORE_3,HOUSEHOLD_2_006,2411,8.34
STORE_3,HOUSEHOLD_2_006,2412,8.34
STORE_3,HOUSEHOLD_2_006,2413,8.34
STORE_3,HOUSEHOLD_2_006,2414,8.34
STORE_3,HOUSEHOLD_2_006,2415,8.34
STORE_3,HOUSEHOLD_2_006,2416,8.34
STORE_3,HOUSEHOLD_2_006,2417,8.34
STORE_3,HOUSEHOLD_2_006,2418,8.34
STORE_3,HOUSEHOLD_2_006,2419,8.34
STORE_3,HOUSEHOLD_2_006,2420,8.34
STORE_3,HOUSEHOLD_2_006,2421,8.34
STORE_3,HOUSEHOLD_2_006,2422,8.34
STORE_3,HOUSEHOLD_2_006,2423,8.34
STORE_3,HOUSEHOLD_2_006,2424,8.34
STORE_3,HOUSEHOLD_2_006,2425,9.19
STORE_3,HOUSEHOLD_2_006,2426,9.19
STORE_3,HOUSEHOLD_2_006,2427,9.19
STORE_3,HOUSEHOLD_2_006,2428,9.19
STORE_3,HOUSEHOLD_2_006,2429,9.19
STORE_3,HOUSEHOLD_2_006,2430,9.19
STORE_3,HOUSEHOLD_2_006,2431,9.19
STORE_3,HOUSEHOLD_2_006,2432,9.19
STORE_3,HOUSEHOLD_2_006,2433,9.19
STORE_3,HOUSEHOLD_2_006,2434,9.19
STORE_3,HOUSEHOLD_2_006,2435,9.19
STORE_3,HOUSEHOLD_2_006,2436,9.19
STORE_3,HOUSEHOLD_2_006,2437,9.19
STORE_3,HOUSEHOLD_2_006,2438,9.19
STORE_3,HOUSEHOLD_2_006,2439,9.19
STORE_3,HOUSEHOLD_2_006,2440,9.47
STORE_3,HOUSEHOLD_2_006,2441,9.47
STORE_3,HOUSEHOLD_2_006,2442,9.47
STORE_3,HOUSEHOLD_2_006,2443,9.47
STORE_3,HOUSEHOLD_2_006,2444,9.47
STORE_3,HOUSEHOLD_2_006,2445,9.47
STORE_3,HOUSEHOLD_2_006,2446,9.47
STORE_3,HOUSEHOLD_2_006,2447,9.47
STORE_3,HOUSEHOLD_2_006,2448,9.47
STORE_3,HOUSEHOLD_2_006,2449,9.47
STORE_3,HOUSEHOLD_2_006,2450,9.47
STORE_3,HOUSEHOLD_2_006,2451,9.47
STORE_3,HOUSEHOLD_2_006,2452,9.47
STORE_3,HOUSEHOLD_2_006,2501,9.47
STORE_3,HOUSEHOLD_2_006,2502,9.47
STORE_3,HOUSEHOLD_2_006,2503,9.47
STORE_3,HOUSEHOLD_2_006,2504,9.47
STORE_3,HOUSEHOLD_2_006,2505,9.47
STORE_3,HOUSEHOLD_2_007,2252,50.84
STORE_3,HOUSEHOLD_2_007,2201,55.94
STORE_3,HOUSEHOLD_2_007,2202,55.94
STORE_3,HOUSEHOLD_2_007,2203,55.94
STORE_3,HOUSEHOLD_2_007,2204,55.94
STORE_3,HOUSEHOLD_2_007,2205,55.94
STORE_3,HOUSEHOLD_2_007,2206,55.94
STORE_3,HOUSEHOLD_2_007,2207,55.94
STORE_3,HOUSEHOLD_2_007,2208,55.94
STORE_3,HOUSEHOLD_2_007,2209,55.94
STORE_3,HOUSEHOLD_2_007,2210,55.94
STORE_3,HOUSEHOLD_2_007,2211,55.94
STORE_3,HOUSEHOLD_2_007,2212,55.94
STORE_3,HOUSEHOLD_2_007,2213,55.94
STORE_3,HOUSEHOLD_2_007,2214,55.94
STORE_3,HOUSEHOLD_2_007,2215,53.81
STORE_3,HOUSEHOLD_2_007,2216,53.81
STORE_3,HOUSEHOLD_2_007,2217,53.81
STORE_3,HOUSEHOLD_2_007,2218,53.81
STORE_3,HOUSEHOLD_2_007,2219,53.81
STORE_3,HOUSEHOLD_2_007,2220,53.81
STORE_3,HOUSEHOLD_2_007,2221,53.81
STORE_3,HOUSEHOLD_2_007,2222,53.81
STORE_3,HOUSEHOLD_2_007,2223,53.81
STORE_3,HOUSEHOLD_2_007,2224,53.81
STORE_3,HOUSEHOLD_2_007,2225,53.81
STORE_3,HOUSEHOLD_2_007,2226,53.81
STORE_3,HOUSEHOLD_2_007,2227,53.81
STORE_3,HOUSEHOLD_2_007,2228,53.81
STORE_3,HOUSEHOLD_2_007,2229,53.81
STORE_3,HOUSEHOLD_2_007,2230,53.81
STORE_3,HOUSEHOLD_2_007,2231,53.81
STORE_3,HOUSEHOLD_2_007,2232,53.81
STORE_3,HOUSEHOLD_2_007,2233,52.04
STORE_3,HOUSEHOLD_2_007,2234,52.04
STORE_3,HOUSEHOLD_2_007,2235,52.04
STORE_3,HOUSEHOLD_2_007,2236,52.04
STORE_3,HOUSEHOLD_2_007,2237,46.6
STORE_3,HOUSEHOLD_2_007,2238,46.6
STORE_3,HOUSEHOLD_2_007,2239,50.82
STORE_3,HOUSEHOLD_2_007,2240,50.82
STORE_3,HOUSEHOLD_2_007,2241,50.82
STORE_3,HOUSEHOLD_2_007,2242,50.82
STORE_3,HOUSEHOLD_2_007,2243,50.82
STORE_3,HOUSEHOLD_2_007,2244,50.82
STORE_3,HOUSEHOLD_2_007,2245,50.82
STORE_3,HOUSEHOLD_2_007,2246,50.82
STORE_3,HOUSEHOLD_2_007,2247,50.82
STORE_3,HOUSEHOLD_2_007,2248,48.99
STORE_3,HOUSEHOLD_2_007,2249,48.99
STORE_3,HOUSEHOLD_2_007,2250,48.99
STORE_3,HOUSEHOLD_2_007,2251,48.99
STORE_3,HOUSEHOLD_2_007,2352,48.99
STORE_3,HOUSEHOLD_2_007,2301,48.99
STORE_3,HOUSEHOLD_2_007,2302,48.99
STORE_3,HOUSEHOLD_2_007,2303,48.99
STORE_3,HOUSEHOLD_2_007,2304,48.99
STORE_3,HOUSEHOLD_2_007,2305,48.99
STORE_3,HOUSEHOLD_2_007,2306,48.99
STORE_3,HOUSEHOLD_2_007,2307,48.99
STORE_3,HOUSEHOLD_2_007,2308,48.99
STORE_3,HOUSEHOLD_2_007,2309,48.99
STORE_3,HOUSEHOLD_2_007,2310,48.99
STORE_3,HOUSEHOLD_2_007,2311,48.99
STORE_3,HOUSEHOLD_2_007,2312,48.99
STORE_3,HOUSEHOLD_2_007,2313,46.82
STORE_3,HOUSEHOLD_2_007,2314,46.82
STORE_3,HOUSEHOLD_2_007,2315,46.82
STORE_3,HOUSEHOLD_2_007,2316,46.82
STORE_3,HOUSEHOLD_2_007,2317,46.82
STORE_3,HOUSEHOLD_2_007,2318,46.82
STORE_3,HOUSEHOLD_2_007,2319,46.82
STORE_3,HOUSEHOLD_2_007,2320,46.82
STORE_3,HOUSEHOLD_2_007,2321,46.82
STORE_3,HOUSEHOLD_2_007,2322,46.82
STORE_3,HOUSEHOLD_2_007,2323,46.82
STORE_3,HOUSEHOLD_2_007,2324,46.82
STORE_3,HOUSEHOLD_2_007,2325,46.82
STORE_3,HOUSEHOLD_2_007,2326,46.82
STORE_3,HOUSEHOLD_2_007,2327,46.82
STORE_3,HOUSEHOLD_2_007,2328,46.82
STORE_3,HOUSEHOLD_2_007,2329,46.82
STORE_3,HOUSEHOLD_2_007,2330,46.82
STORE_3,HOUSEHOLD_2_007,2331,46.82
STORE_3,HOUSEHOLD_2_007,2332,46.82
STORE_3,HOUSEHOLD_2_007,2333,46.82
STORE_3,HOUSEHOLD_2_007,2334,46.82
STORE_3,HOUSEHOLD_2_007,2335,46.82
STORE_3,HOUSEHOLD_2_007,2336,46.82
STORE_3,HOUSEHOLD_2_007,2337,50.05
STORE_3,HOUSEHOLD_2_007,2338,50.05
STORE_3,HOUSEHOLD_2_007,2339,50.05
STORE_3,HOUSEHOLD_2_007,2340,50.05
STORE_3,HOUSEHOLD_2_007,2341,50.05
STORE_3,HOUSEHOLD_2_007,2342,50.05
STORE_3,HOUSEHOLD_2_007,2343,50.05
STORE_3,HOUSEHOLD_2_007,2344,50.05
STORE_3,HOUSEHOLD_2_007,2345,50.05
STORE_3,HOUSEHOLD_2_007,2346,50.05
STORE_3,HOUSEHOLD_2_007,2347,50.05
STORE_3,HOUSEHOLD_2_007,2348,50.05
STORE_3,HOUSEHOLD_2_007,2349,50.05
STORE_3,HOUSEHOLD_2_007,2350,50.05
STORE_3,HOUSEHOLD_2_007,2351,50.05
STORE_3,HOUSEHOLD_2_007,2401,50.05
STORE_3,HOUSEHOLD_2_007,2402,50.05
STORE_3,HOUSEHOLD_2_007,2403,50.05
STORE_3,HOUSEHOLD_2_007,2404,50.05
STORE_3,HOUSEHOLD_2_007,2405,50.05
STORE_3,HOUSEHOLD_2_007,2406,50.05
STORE_3,HOUSEHOLD_2_007,2407,50.05
STORE_3,HOUSEHOLD_2_007,2408,50.05
STORE_3,HOUSEHOLD_2_007,2409,50.05
STORE_3,HOUSEHOLD_2_007,2410,38.77
STORE_3,HOUSEHOLD_2_007,2411,38.77
STORE_3,HOUSEHOLD_2_007,2412,38.77
STORE_3,HOUSEHOLD_2_007,2413,38.77
STORE_3,HOUSEHOLD_2_007,2414,38.77
STORE_3,HOUSEHOLD_2_007,2415,38.77
STORE_3,HOUSEHOLD_2_007,2416,38.77
STORE_3,HOUSEHOLD_2_007,2417,38.77
STORE_3,HOUSEHOLD_2_007,2418,38.77
STORE_3,HOUSEHOLD_2_007,2419,38.77
STORE_3,HOUSEHOLD_2_007,2420,38.77
STORE_3,HOUSEHOLD_2_007,2421,53.55
STORE_3,HOUSEHOLD_2_007,2422,53.55
STORE_3,HOUSEHOLD_2_007,2423,53.55
STORE_3,HOUSEHOLD_2_007,2424,53.55
STORE_3,HOUSEHOLD_2_007,2425,53.55
STORE_3,HOUSEHOLD_2_007,2426,53.55
STORE_3,HOUSEHOLD_2_007,2427,53.55
STORE_3,HOUSEHOLD_2_007,2428,53.55
STORE_3,HOUSEHOLD_2_007,2429,53.55
STORE_3,HOUSEHOLD_2_007,2430,53.55
STORE_3,HOUSEHOLD_2_007,2431,53.55
STORE_3,HOUSEHOLD_2_007,2432,53.55
STORE_3,HOUSEHOLD_2_007,2433,53.55
STORE_3,HOUSEHOLD_2_007,2434,53.55
STORE_3,HOUSEHOLD_2_007,2435,53.55
STORE_3,HOUSEHOLD_2_007,2436,53.55
STORE_3,HOUSEHOLD_2_007,2437,53.55
STORE_3,HOUSEHOLD_2_007,2438,53.55
STORE_3,HOUSEHOLD_2_007,2439,53.55
STORE_3,HOUSEHOLD_2_007,2440,53.55
STORE_3,HOUSEHOLD_2_007,2441,40.54
STORE_3,HOUSEHOLD_2_007,2442,40.54
STORE_3,HOUSEHOLD_2_007,2443,40.54
STORE_3,HOUSEHOLD_2_007,2444,40.54
STORE_3,HOUSEHOLD_2_007,2445,40.54
STORE_3,HOUSEHOLD_2_007,2446,40.54
STORE_3,HOUSEHOLD_2_007,2447,40.54
STORE_3,HOUSEHOLD_2_007,2448,40.54
STORE_3,HOUSEHOLD_2_007,2449,40.54
STORE_3,HOUSEHOLD_2_007,2450,40.54
STORE_3,HOUSEHOLD_2_007,2451,40.54
STORE_3,HOUSEHOLD_2_007,2452,40.54
STORE_3,HOUSEHOLD_2_007,2501,40.54
STORE_3,HOUSEHOLD_2_007,2502,40.54
STORE_3,HOUSEHOLD_2_007,2503,40.54
STORE_3,HOUSEHOLD_2_007,2504,40.54
STORE_3,HOUSEHOLD_2_007,2505,40.54
STORE_3,HOUSEHOLD_2_008,2252,41.79
STORE_3,HOUSEHOLD_2_008,2201,41.79
STORE_3,HOUSEHOLD_2_008,2202,41.79
STORE_3,HOUSEHOLD_2_008,2203,41.79
STORE_3,HOUSEHOLD_2_008,2204,41.79
STORE_3,HOUSEHOLD_2_008,2205,41.79
STORE_3,HOUSEHOLD_2_008,2206,41.79
STORE_3,HOUSEHOLD_2_008,2207,41.79
STORE_3,HOUSEHOLD_2_008,2208,41.79
STORE_3,HOUSEHOLD_2_008,2209,41.79
STORE_3,HOUSEHOLD_2_008,2210,41.79
STORE_3,HOUSEHOLD_2_008,2211,41.79
STORE_3,HOUSEHOLD_2_008,2212,41.79
STORE_3,HOUSEHOLD_2_008,2213,41.79
STORE_3,HOUSEHOLD_2_008,2214,41.79
STORE_3,HOUSEHOLD_2_008,2215,41.79
STORE_3,HOUSEHOLD_2_008,2216,41.79
STORE_3,HOUSEHOLD_2_008,2217,41.79
STORE_3,HOUSEHOLD_2_008,2218,41.79
STORE_3,HOUSEHOLD_2_008,2219,41.79
STORE_3,HOUSEHOLD_2_008,2220,41.79
STORE_3,HOUSEHOLD_2_008,2221,41.79
STORE_3,HOUSEHOLD_2_008,2222,41.79
STORE_3,HOUSEHOLD_2_008,2223,41.79
STORE_3,HOUSEHOLD_2_008,2224,32.8
STORE_3,HOUSEHOLD_2_008,2225,32.8
STORE_3,HOUSEHOLD_2_008,2226,32.8
STORE_3,HOUSEHOLD_2_008,2227,32.8
STORE_3,HOUSEHOLD_2_008,2228,32.8
STORE_3,HOUSEHOLD_2_008,2229,44.0
STORE_3,HOUSEHOLD_2_008,2230,44.0
STORE_3,HOUSEHOLD_2_008,2231,44.0
STORE_3,HOUSEHOLD_2_008,2232,44.0
STORE_3,HOUSEHOLD_2_008,2233,44.0
STORE_3,HOUSEHOLD_2_008,2234,44.0
STORE_3,HOUSEHOLD_2_008,2235,44.0
STORE_3,HOUSEHOLD_2_008,2236,44.0
STORE_3,HOUSEHOLD_2_008,2237,44.0
STORE_3,HOUSEHOLD_2_008,2238,44.0
STORE_3,HOUSEHOLD_2_008,2239,44.0
STORE_3,HOUSEHOLD_2_008,2240,44.0
STORE_3,HOUSEHOLD_2_008,2241,44.0
STORE_3,HOUSEHOLD_2_008,2242,44.0
STORE_3,HOUSEHOLD_2_008,2243,44.0
STORE_3,HOUSEHOLD_2_008,2244,44.0
STORE_3,HOUSEHOLD_2_008,2245,44.0
STORE_3,HOUSEHOLD_2_008,2246,44.0
STORE_3,HOUSEHOLD_2_008,2247,44.0
STORE_3,HOUSEHOLD_2_008,2248,44.0
STORE_3,HOUSEHOLD_2_008,2249,44.0
STORE_3,HOUSEHOLD_2_008,2250,44.0
STORE_3,HOUSEHOLD_2_008,2251,32.11
STORE_3,HOUSEHOLD_2_008,2352,32.11
STORE_3,HOUSEHOLD_2_008,2301,32.11
STORE_3,HOUSEHOLD_2_008,2302,32.11
STORE_3,HOUSEHOLD_2_008,2303,32.11
STORE_3,HOUSEHOLD_2_008,2304,32.11
STORE_3,HOUSEHOLD_2_008,2305,32.11
STORE_3,HOUSEHOLD_2_008,2306,32.11
STORE_3,HOUSEHOLD_2_008,2307,32.11
STORE_3,HOUSEHOLD_2_008,2308,32.11
STORE_3,HOUSEHOLD_2_008,2309,32.11
STORE_3,HOUSEHOLD_2_008,2310,32.11
STORE_3,HOUSEHOLD_2_008,2311,32.11
STORE_3,HOUSEHOLD_2_008,2312,32.11
STORE_3,HOUSEHOLD_2_008,2313,32.11
STORE_3,HOUSEHOLD_2_008,2314,32.11
STORE_3,HOUSEHOLD_2_008,2315,32.11
STORE_3,HOUSEHOLD_2_008,2316,32.11
STORE_3,HOUSEHOLD_2_008,2317,32.11
STORE_3,HOUSEHOLD_2_008,2318,32.11
STORE_3,HOUSEHOLD_2_008,2319,32.11
STORE_3,HOUSEHOLD_2_008,2320,32.11
STORE_3,HOUSEHOLD_2_008,2321,32.11
STORE_3,HOUSEHOLD_2_008,2322,32.11
STORE_3,HOUSEHOLD_2_008,2323,32.11
STORE_3,HOUSEHOLD_2_008,2324,32.11
STORE_3,HOUSEHOLD_2_008,2325,32.11
STORE_3,HOUSEHOLD_2_008,2326,32.11
STORE_3,HOUSEHOLD_2_008,2327,32.11
STORE_3,HOUSEHOLD_2_008,2328,32.11
STORE_3,HOUSEHOLD_2_008,2329,32.11
STORE_3,HOUSEHOLD_2_008,2330,32.11
STORE_3,HOUSEHOLD_2_008,2331,32.11
STORE_3,HOUSEHOLD_2_008,2332,32.11
STORE_3,HOUSEHOLD_2_008,2333,32.11
STORE_3,HOUSEHOLD_2_008,2334,32.11
STORE_3,HOUSEHOLD_2_008,2335,32.11
STORE_3,HOUSEHOLD_2_008,2336,32.11
STORE_3,HOUSEHOLD_2_008,2337,32.11
STORE_3,HOUSEHOLD_2_008,2338,32.11
STORE_3,HOUSEHOLD_2_008,2339,32.11
STORE_3,HOUSEHOLD_2_008,2340,32.11
STORE_3,HOUSEHOLD_2_008,2341,32.11
STORE_3,HOUSEHOLD_2_008,2342,32.11
STORE_3,HOUSEHOLD_2_008,2343,39.73
STORE_3,HOUSEHOLD_2_008,2344,36.05
STORE_3,HOUSEHOLD_2_008,2345,36.05
STORE_3,HOUSEHOLD_2_008,2346,36.05
STORE_3,HOUSEHOLD_2_008,2347,36.05
STORE_3,HOUSEHOLD_2_008,2348,36.05
STORE_3,HOUSEHOLD_2_008,2349,36.05
STORE_3,HOUSEHOLD_2_008,2350,36.05
STORE_3,HOUSEHOLD_2_008,2351,36.05
STORE_3,HOUSEHOLD_2_008,2401,36.05
STORE_3,HOUSEHOLD_2_008,2402,36.05
STORE_3,HOUSEHOLD_2_008,2403,36.05
STORE_3,HOUSEHOLD_2_008,2404,36.05
STORE_3,HOUSEHOLD_2_008,2405,36.05
STORE_3,HOUSEHOLD_2_008,2406,36.05
STORE_3,HOUSEHOLD_2_008,2407,36.05
STORE_3,HOUSEHOLD_2_008,2408,36.05
STORE_3,HOUSEHOLD_2_008,2409,36.05
STORE_3,HOUSEHOLD_2_008,2410,36.05
STORE_3,HOUSEHOLD_2_008,2411,36.05
STORE_3,HOUSEHOLD_2_008,2412,36.05
STORE_3,HOUSEHOLD_2_008,2413,36.05
STORE_3,HOUSEHOLD_2_008,2414,36.05
STORE_3,HOUSEHOLD_2_008,2415,36.05
STORE_3,HOUSEHOLD_2_008,2416,36.05
STORE_3,HOUSEHOLD_2_008,2417,36.05
STORE_3,HOUSEHOLD_2_008,2418,36.05
STORE_3,HOUSEHOLD_2_008,2419,36.05
STORE_3,HOUSEHOLD_2_008,2420,36.05
STORE_3,HOUSEHOLD_2_008,2421,36.05
STORE_3,HOUSEHOLD_2_008,2422,36.05
STORE_3,HOUSEHOLD_2_008,2423,36.05
STORE_3,HOUSEHOLD_2_008,2424,36.05
STORE_3,HOUSEHOLD_2_008,2425,36.05
STORE_3,HOUSEHOLD_2_008,2426,36.05
STORE_3,HOUSEHOLD_2_008,2427,36.05
STORE_3,HOUSEHOLD_2_008,2428,36.05
STORE_3,HOUSEHOLD_2_008,2429,36.05
STORE_3,HOUSEHOLD_2_008,2430,36.05
STORE_3,HOUSEHOLD_2_008,2431,36.05
STORE_3,HOUSEHOLD_2_008,2432,36.05
STORE_3,HOUSEHOLD_2_008,2433,36.05
STORE_3,HOUSEHOLD_2_008,2434,36.05
STORE_3,HOUSEHOLD_2_008,2435,36.05
STORE_3,HOUSEHOLD_2_008,2436,36.05
STORE_3,HOUSEHOLD_2_008,2437,36.05
STORE_3,HOUSEHOLD_2_008,2438,36.05
STORE_3,HOUSEHOLD_2_008,2439,36.05
STORE_3,HOUSEHOLD_2_008,2440,36.05
STORE_3,HOUSEHOLD_2_008,2441,36.05
STORE_3,HOUSEHOLD_2_008,2442,36.05
STORE_3,HOUSEHOLD_2_008,2443,36.05
STORE_3,HOUSEHOLD_2_008,2444,36.05
STORE_3,HOUSEHOLD_2_008,2445,36.05
STORE_3,HOUSEHOLD_2_008,2446,36.05
STORE_3,HOUSEHOLD_2_008,2447,36.05
STORE_3,HOUSEHOLD_2_008,2448,36.05
STORE_3,HOUSEHOLD_2_008,2449,36.05
STORE_3,HOUSEHOLD_2_008,2450,36.05
STORE_3,HOUSEHOLD_2_008,2451,36.05
STORE_3,HOUSEHOLD_2_008,2452,36.05
STORE_3,HOUSEHOLD_2_008,2501,36.05
STORE_3,HOUSEHOLD_2_008,2502,36.05
STORE_3,HOUSEHOLD_2_008,2503,36.05
STORE_3,HOUSEHOLD_2_008,2504,36.05
STORE_3,HOUSEHOLD_2_008,2505,36.05
